{
"type": "FeatureCollection",
"name": "commissioners_districts",
"crs": { "type": "name", "properties": { "name": "urn:ogc:def:crs:OGC:1.3:CRS84" } },
"features": [
{ "type": "Feature", "properties": { "COMMISSION": "A", "NAME": "A - Michael Naft (D)", "Shape_Leng": 1696571.59619, "Shape_Area": 45290645724.0 }, "geometry": { "type": "Polygon", "coordinates": [ [ [ -115.182958501752097, 36.114323748507218 ], [ -115.182805560505543, 36.114313622539107 ], [ -115.182411095206618, 36.114319171919412 ], [ -115.181762855987273, 36.114377440020135 ], [ -115.180914622389679, 36.11448173532844 ], [ -115.180829325347958, 36.114488642270942 ], [ -115.180829493818095, 36.114460843066801 ], [ -115.180829145040377, 36.114415765962264 ], [ -115.180832539884904, 36.1137870630496 ], [ -115.180832339920102, 36.113554939136705 ], [ -115.180836234730165, 36.112452988141449 ], [ -115.180831940778219, 36.111826422335561 ], [ -115.180836028873131, 36.111156467946344 ], [ -115.180840290419454, 36.110458143751337 ], [ -115.180842679900437, 36.110066523008257 ], [ -115.18084467094296, 36.10974038507635 ], [ -115.18084717775082, 36.109329664264386 ], [ -115.180849007411638, 36.108126092625874 ], [ -115.180849008872286, 36.108124717241935 ], [ -115.18085162376228, 36.10640273353242 ], [ -115.180852562216728, 36.105784829966616 ], [ -115.180853418627578, 36.105536947291753 ], [ -115.18085590958664, 36.104882473940748 ], [ -115.180856218043886, 36.104801289135274 ], [ -115.180856501370229, 36.10472699290942 ], [ -115.18085986713281, 36.103842335691752 ], [ -115.180860084968373, 36.103744286269581 ], [ -115.180866293231674, 36.100944299341535 ], [ -115.180866306690149, 36.100748651438451 ], [ -115.180866305000308, 36.100745933098665 ], [ -115.180852739312556, 36.100746073230184 ], [ -115.180481356118165, 36.100751538892446 ], [ -115.180328468357729, 36.100753765966516 ], [ -115.180008742544473, 36.100758420461545 ], [ -115.179356727792083, 36.100767910790438 ], [ -115.177762901711873, 36.100791095092902 ], [ -115.176032523025185, 36.100816241430017 ], [ -115.173294513628193, 36.100855977709394 ], [ -115.173040652996391, 36.100859331863973 ], [ -115.172948776610909, 36.100854218879498 ], [ -115.172953045858108, 36.100611718672802 ], [ -115.172931309365424, 36.098769658496295 ], [ -115.172919060526183, 36.097341082142506 ], [ -115.172895785350207, 36.09465563122432 ], [ -115.172885935749591, 36.09374215897067 ], [ -115.172886433692753, 36.09359465846633 ], [ -115.172886719242086, 36.093510025076881 ], [ -115.172870006390937, 36.091760011324787 ], [ -115.172846526241059, 36.089765473964455 ], [ -115.172886945187372, 36.08915895595684 ], [ -115.172891460508055, 36.087844581518823 ], [ -115.172885885601687, 36.086146133733195 ], [ -115.172852844212002, 36.085064999978997 ], [ -115.172759361962932, 36.082523589842495 ], [ -115.17275396405509, 36.082259841741561 ], [ -115.172753133201965, 36.08221888350873 ], [ -115.172745101330491, 36.081823158806124 ], [ -115.172741015624695, 36.081621847805259 ], [ -115.172724663397062, 36.080816093561495 ], [ -115.172709889811586, 36.080524840536 ], [ -115.172675078179338, 36.078636028165953 ], [ -115.172597736829843, 36.074756728374219 ], [ -115.172472343250178, 36.072334896370414 ], [ -115.172370834788069, 36.071106850093116 ], [ -115.172369562432365, 36.071106864660578 ], [ -115.172343523544683, 36.071107163893963 ], [ -115.17231754127566, 36.071107463315698 ], [ -115.171696496486106, 36.071113235968006 ], [ -115.165946334067641, 36.071189371660026 ], [ -115.163560306920417, 36.071220885236265 ], [ -115.163467779238346, 36.071222090853936 ], [ -115.161412041888667, 36.071248389458361 ], [ -115.159604034685501, 36.071271489579829 ], [ -115.158956632866449, 36.07127978718048 ], [ -115.158732966805587, 36.0712826358846 ], [ -115.15866083476223, 36.071283561193567 ], [ -115.158549808910621, 36.07128497150665 ], [ -115.158184581022368, 36.071289653879347 ], [ -115.154560428096474, 36.070421518862851 ], [ -115.154159747503272, 36.070326140494139 ], [ -115.149609153689681, 36.069235515432808 ], [ -115.147426279673894, 36.068708626032056 ], [ -115.147119611804527, 36.06863183263647 ], [ -115.145703468282022, 36.068289489427833 ], [ -115.141166263239015, 36.067197321197312 ], [ -115.136641916191053, 36.066107304157917 ], [ -115.135570474347091, 36.065852412370518 ], [ -115.13248903014248, 36.065111487934722 ], [ -115.132191900350932, 36.065040084762245 ], [ -115.130979266215732, 36.064748667575898 ], [ -115.130868182550159, 36.064722150253843 ], [ -115.129978049748516, 36.064507255254981 ], [ -115.129711977159289, 36.064440316657119 ], [ -115.129378352277953, 36.064352516982702 ], [ -115.129109586328696, 36.06427595169707 ], [ -115.128784461030548, 36.064181315494181 ], [ -115.128497393930928, 36.064088196345878 ], [ -115.128204617334404, 36.06399505484351 ], [ -115.127923284404559, 36.063897835300317 ], [ -115.12761580944364, 36.063786778924161 ], [ -115.127319111670005, 36.06367713723369 ], [ -115.127119311896692, 36.063596708918681 ], [ -115.126876680606486, 36.063499634134473 ], [ -115.126587019431469, 36.063380401354976 ], [ -115.122706887649386, 36.061672267989032 ], [ -115.122700564332206, 36.061669483896175 ], [ -115.122051409582724, 36.06138368959833 ], [ -115.118682010139096, 36.059892692904256 ], [ -115.118376882642224, 36.059756149148562 ], [ -115.118372762054179, 36.059607611030721 ], [ -115.118372196112105, 36.059587194195842 ], [ -115.118349239375334, 36.058733636147757 ], [ -115.118306531668495, 36.056934586870774 ], [ -115.118304342833696, 36.056852843173004 ], [ -115.118304346139411, 36.056851714746891 ], [ -115.118302690956639, 36.056768693258221 ], [ -115.118301613341913, 36.056713355913502 ], [ -115.118299715090373, 36.056615986442367 ], [ -115.118278250105405, 36.055174308725377 ], [ -115.118233061512413, 36.053196614597802 ], [ -115.118200566199775, 36.053196932930788 ], [ -115.118071075571507, 36.053198200867392 ], [ -115.118064998109219, 36.053198294462476 ], [ -115.115984136645395, 36.05321941139028 ], [ -115.114920998009595, 36.053229668888569 ], [ -115.113748748221525, 36.053240967968755 ], [ -115.109258250960053, 36.053282308035925 ], [ -115.108798495477188, 36.053286917159191 ], [ -115.108012538081596, 36.053294795554578 ], [ -115.107556250162503, 36.053299365885557 ], [ -115.107049749970543, 36.05330443811696 ], [ -115.107033312832343, 36.053304630617944 ], [ -115.106562294519705, 36.053309986799484 ], [ -115.106560426357504, 36.053310009116558 ], [ -115.106461074435856, 36.053311139155696 ], [ -115.106329144665096, 36.053312640681426 ], [ -115.10619721378103, 36.053314142057516 ], [ -115.106065284003563, 36.053315643292805 ], [ -115.105933354222742, 36.053317144382873 ], [ -115.105801424438567, 36.053318645327685 ], [ -115.105669493541157, 36.053320146122886 ], [ -115.105537564865642, 36.053321645880416 ], [ -115.105405633961581, 36.053323146385154 ], [ -115.105273704164077, 36.053324646749076 ], [ -115.105135007709293, 36.053326223639885 ], [ -115.104992930140909, 36.053327839161661 ], [ -115.104973315054636, 36.053328061968685 ], [ -115.104795683682156, 36.053330080742413 ], [ -115.104597497714693, 36.053330202876026 ], [ -115.104267110979748, 36.053334227548689 ], [ -115.104088843761687, 36.053336400464261 ], [ -115.103960718435474, 36.053337960551396 ], [ -115.103646357054572, 36.053341785281091 ], [ -115.103602918554358, 36.053342319072073 ], [ -115.103422935607057, 36.053342984356412 ], [ -115.103291917316781, 36.05334351998296 ], [ -115.103151016075117, 36.053344063669165 ], [ -115.103104078755933, 36.053344644560624 ], [ -115.102676272546248, 36.053349942168474 ], [ -115.102554332075059, 36.053351450729345 ], [ -115.102539125947786, 36.053351625917131 ], [ -115.102463284705578, 36.053352568382053 ], [ -115.10240997140059, 36.053353228891517 ], [ -115.102204069843438, 36.053355782111801 ], [ -115.102038301196444, 36.05335783356967 ], [ -115.101987964973688, 36.053358456265933 ], [ -115.101755924592368, 36.053361328328315 ], [ -115.101721289649149, 36.053361756180784 ], [ -115.101516120702357, 36.053364294937509 ], [ -115.10127636119644, 36.053367261245313 ], [ -115.101085709122614, 36.053369618763583 ], [ -115.10104587926152, 36.053370111157534 ], [ -115.101022465534726, 36.053370400963615 ], [ -115.100774156554863, 36.053373479701179 ], [ -115.100707608417551, 36.053374303419403 ], [ -115.100470235401829, 36.053377241665423 ], [ -115.100302622610513, 36.053379368021517 ], [ -115.100301109003524, 36.053379310551115 ], [ -115.100304271492192, 36.053296572309208 ], [ -115.100303657740156, 36.052960698844437 ], [ -115.10029926954077, 36.05240611291898 ], [ -115.100298734535926, 36.052338506272363 ], [ -115.100290125526129, 36.051250459816849 ], [ -115.100289719375226, 36.051195922660789 ], [ -115.10028886740325, 36.051081712527036 ], [ -115.10028463394103, 36.050513792179615 ], [ -115.10028018686927, 36.049824184224796 ], [ -115.10027972014035, 36.049797379203589 ], [ -115.100278315339906, 36.049715357085823 ], [ -115.100278263013934, 36.049713565973086 ], [ -115.100278689740676, 36.049601883726403 ], [ -115.100278530873936, 36.047741636736546 ], [ -115.100278520030784, 36.047612181565441 ], [ -115.100278408977118, 36.046323672073072 ], [ -115.1002783859646, 36.046052246070467 ], [ -115.100279666679398, 36.045674718574773 ], [ -115.100283817577548, 36.044451541985858 ], [ -115.100284942325544, 36.044119896767143 ], [ -115.100285049007454, 36.044088426143588 ], [ -115.100277092846028, 36.042437679135141 ], [ -115.100276915794623, 36.042393603432849 ], [ -115.100276928553569, 36.042392785995517 ], [ -115.100276920696885, 36.042392255091954 ], [ -115.10027658671406, 36.042370794442917 ], [ -115.100253599459819, 36.040660307034997 ], [ -115.100250295631326, 36.040328749226589 ], [ -115.100247868949367, 36.040071833393363 ], [ -115.100248392737441, 36.040034388736942 ], [ -115.100250229659522, 36.039903094956919 ], [ -115.100235297620614, 36.038749388218385 ], [ -115.100232744412608, 36.038440309324891 ], [ -115.100205207016444, 36.035105995957679 ], [ -115.100234362571172, 36.03430666337804 ], [ -115.100237908721809, 36.034209457660282 ], [ -115.100241906841887, 36.034099832782552 ], [ -115.100278348403677, 36.03310071844772 ], [ -115.100339175191735, 36.031432979846663 ], [ -115.100339196536552, 36.031432391375709 ], [ -115.100351565394234, 36.03109325754037 ], [ -115.100365975556386, 36.030698154096704 ], [ -115.100417467984073, 36.029286252631728 ], [ -115.10047162462088, 36.02780121729532 ], [ -115.100496765550417, 36.026894645520883 ], [ -115.100521904674778, 36.025988073595755 ], [ -115.100530150094798, 36.025690714922163 ], [ -115.100547044213059, 36.025081501528838 ], [ -115.100547406784841, 36.025068441157053 ], [ -115.1005721290027, 36.024176879540263 ], [ -115.100572157364013, 36.024175867479485 ], [ -115.100572183055718, 36.024174929315706 ], [ -115.100573188491211, 36.024138683440519 ], [ -115.100585461869073, 36.023696147403015 ], [ -115.100591726442843, 36.023470453986384 ], [ -115.10059173711663, 36.023469795169191 ], [ -115.100606810564102, 36.023469877451589 ], [ -115.105615086951758, 36.023506649975133 ], [ -115.112762527332166, 36.023562800878871 ], [ -115.115300516643174, 36.023587693197555 ], [ -115.118552921621557, 36.023619512503558 ], [ -115.118563078588863, 36.023169398650218 ], [ -115.118563165524677, 36.023165551277089 ], [ -115.118563720377878, 36.02314096287374 ], [ -115.118575850483779, 36.02264840833422 ], [ -115.118585038095375, 36.022275305248954 ], [ -115.118585134295941, 36.022271391213849 ], [ -115.118585574383005, 36.022253499126982 ], [ -115.118603977655937, 36.021386574549425 ], [ -115.118604196827775, 36.021377208939413 ], [ -115.118624373093127, 36.020487124612231 ], [ -115.118642200786141, 36.019592944491976 ], [ -115.11866372308765, 36.018698088136873 ], [ -115.118683526905798, 36.017797638638562 ], [ -115.118703260086022, 36.016900434362988 ], [ -115.118720475659956, 36.015999977268272 ], [ -115.118739734392818, 36.015100063327985 ], [ -115.118761964641124, 36.014228897394808 ], [ -115.118762697295352, 36.014198557446917 ], [ -115.118781649301127, 36.01333466762442 ], [ -115.118533407612858, 36.013332813048422 ], [ -115.117587590916827, 36.013325742984279 ], [ -115.116877298446724, 36.013322160874743 ], [ -115.116679762216705, 36.013320861901313 ], [ -115.1166462081151, 36.013320641265878 ], [ -115.116645833158728, 36.01332063890618 ], [ -115.116622623619364, 36.01332048643966 ], [ -115.116546923608396, 36.013319988268634 ], [ -115.116544057085349, 36.013319969005046 ], [ -115.116520546916988, 36.013319814447925 ], [ -115.11643134961021, 36.013319227638725 ], [ -115.116209389144871, 36.013317767050331 ], [ -115.114916565419733, 36.013309252368998 ], [ -115.114295888648456, 36.013305159356761 ], [ -115.112069141685012, 36.01329044848876 ], [ -115.110613444610848, 36.0132808086613 ], [ -115.11042916525048, 36.01327958767444 ], [ -115.110294028317966, 36.013278691748589 ], [ -115.110289461189168, 36.013278661124353 ], [ -115.109833145278571, 36.013275634541678 ], [ -115.109230167784659, 36.013276800169884 ], [ -115.108196565663434, 36.01327879008268 ], [ -115.107570408596118, 36.013279991672356 ], [ -115.106670182827983, 36.013285262450609 ], [ -115.105812250291322, 36.013287141814175 ], [ -115.108690541317557, 36.011202391184852 ], [ -115.109175779609259, 36.010854343259133 ], [ -115.114267420004609, 36.007210557321983 ], [ -115.111203133395634, 36.004559774354739 ], [ -115.109944526301803, 36.00347533575507 ], [ -115.109629710325407, 36.003205175620444 ], [ -115.109042236436977, 36.002701026199105 ], [ -115.108884389830621, 36.002565566108352 ], [ -115.108710008515359, 36.002424736160826 ], [ -115.108011753157925, 36.001860820567039 ], [ -115.106631568227343, 36.000746138110308 ], [ -115.104717715672649, 35.999199331774662 ], [ -115.10459974045672, 35.999289965733645 ], [ -115.103400489257751, 36.000269682905831 ], [ -115.102968473224294, 36.000622602702741 ], [ -115.102718369288326, 36.000826915847561 ], [ -115.102635846555742, 36.000895516216666 ], [ -115.102554808521361, 36.000965277063159 ], [ -115.102475284155389, 36.001036176874514 ], [ -115.102397293549473, 36.001108195003894 ], [ -115.102320862357885, 36.001181308122916 ], [ -115.102246012902128, 36.001255493791021 ], [ -115.102172770826087, 36.001330730482415 ], [ -115.10210115402613, 36.001406993936193 ], [ -115.102031188146711, 36.001484262626512 ], [ -115.101896795835216, 36.001641101535043 ], [ -115.101740406425705, 36.001830556284546 ], [ -115.101620061184079, 36.001978277644071 ], [ -115.10014375193299, 36.003743424564007 ], [ -115.100039536023345, 36.003868026462136 ], [ -115.09932977459296, 36.004727902047414 ], [ -115.099227359904376, 36.004845217026293 ], [ -115.099154948396119, 36.004920933760559 ], [ -115.09907932828348, 36.004994550954059 ], [ -115.099000592181198, 36.005065978843056 ], [ -115.098918836016338, 36.005135130381042 ], [ -115.09879075782132, 36.005234406981721 ], [ -115.098656460523699, 36.005328099906713 ], [ -115.098563655151523, 36.005387333551262 ], [ -115.098472243981348, 36.005445662427348 ], [ -115.098383849138727, 36.00549831431632 ], [ -115.098274227781104, 36.005554856040568 ], [ -115.098131897488003, 36.00562584239119 ], [ -115.098019037840402, 36.005678395080679 ], [ -115.097920913516788, 36.005721730027695 ], [ -115.097837336656667, 36.005756645074683 ], [ -115.097741898954766, 36.005788008649574 ], [ -115.097686677749635, 36.005804917380196 ], [ -115.097575188176094, 36.005836372683127 ], [ -115.097518953143236, 36.005850910376253 ], [ -115.097405590378202, 36.005877580962348 ], [ -115.097348497080048, 36.0058897067834 ], [ -115.09724003873427, 36.005910341134005 ], [ -115.097175773920767, 36.005921202116298 ], [ -115.097059601237618, 36.005938097935605 ], [ -115.096942773235853, 36.005951690366928 ], [ -115.096884157214504, 36.005957241003586 ], [ -115.096766613240661, 36.005965846083548 ], [ -115.09664877249854, 36.005971112271681 ], [ -115.09653077591615, 36.005973033829747 ], [ -115.09647176425969, 36.005972739428607 ], [ -115.095627691540528, 36.005962545518351 ], [ -115.095626554617112, 36.005962531884194 ], [ -115.092311304264527, 36.005922443241467 ], [ -115.092115324551543, 36.005920070117298 ], [ -115.091155119889379, 36.005908440909003 ], [ -115.089998934939601, 36.005894428331445 ], [ -115.089911216829933, 36.005893364629912 ], [ -115.088860838096224, 36.005880623360596 ], [ -115.087724939073581, 36.005866835597033 ], [ -115.087678398594178, 36.00586627021503 ], [ -115.085453690548249, 36.00583923278473 ], [ -115.085453141500608, 36.005839226 ], [ -115.084317244055072, 36.00582540507245 ], [ -115.083183583255774, 36.005811600737623 ], [ -115.081602892059678, 36.00578599653673 ], [ -115.081558324344698, 36.00578537213439 ], [ -115.080704652874275, 36.005772950135729 ], [ -115.080608893968147, 36.005769435832285 ], [ -115.080515669169969, 36.005766014091193 ], [ -115.080470370400107, 36.005764351511154 ], [ -115.080377476927794, 36.005756967066283 ], [ -115.080292622743301, 36.005750221936886 ], [ -115.08023696206925, 36.005745797460911 ], [ -115.080172897205358, 36.005737935252618 ], [ -115.080167172280312, 36.005737232555674 ], [ -115.080005071019713, 36.005717339359066 ], [ -115.079851633283084, 36.005692901811315 ], [ -115.079783888572678, 36.005680402009759 ], [ -115.079769923701846, 36.005677825129652 ], [ -115.079744329567859, 36.005673102081097 ], [ -115.079531977724542, 36.005627178260504 ], [ -115.079239177365679, 36.005549365576933 ], [ -115.079180604079241, 36.00553289221002 ], [ -115.078589849960991, 36.005366740611549 ], [ -115.078561315296426, 36.00535871514051 ], [ -115.077123432698784, 36.004954289890364 ], [ -115.077008480840419, 36.004925522513723 ], [ -115.076949193645845, 36.004910685439917 ], [ -115.076897777395232, 36.004897817582389 ], [ -115.076669832798885, 36.004847780489982 ], [ -115.076439878003853, 36.004804239265944 ], [ -115.076208193251475, 36.004767248260649 ], [ -115.075975059953791, 36.004736851917016 ], [ -115.075740762900566, 36.004713086582605 ], [ -115.075505588029827, 36.004695982302621 ], [ -115.075387760506118, 36.004689935080755 ], [ -115.075219318686834, 36.004684587358206 ], [ -115.075180939566351, 36.004683369393042 ], [ -115.074944829859405, 36.004682162862608 ], [ -115.074708811384852, 36.004687654829411 ], [ -115.074590925786879, 36.004692910875256 ], [ -115.074355584906741, 36.004708435757465 ], [ -115.074121054120582, 36.004730626137857 ], [ -115.07388761972426, 36.004759456196986 ], [ -115.073660243761154, 36.004794175491838 ], [ -115.073655566975162, 36.004794889297386 ], [ -115.073425176724314, 36.004836884278447 ], [ -115.073310694559638, 36.004860325845307 ], [ -115.073083326050991, 36.004912063610796 ], [ -115.072970509680047, 36.004940343886325 ], [ -115.072938752438375, 36.004948991223607 ], [ -115.072773205519908, 36.00499406924591 ], [ -115.072549579954469, 36.005050122096733 ], [ -115.072440405042158, 36.005086639169583 ], [ -115.072224492144002, 36.005164289116095 ], [ -115.072012047098497, 36.005248016595992 ], [ -115.071907206469987, 36.005292127203738 ], [ -115.071700446915486, 36.005384777044078 ], [ -115.071408359757896, 36.005528427559923 ], [ -115.068105075395849, 36.007215813649076 ], [ -115.067820155056651, 36.00736600261736 ], [ -115.067568393555874, 36.007503280600048 ], [ -115.067400881439198, 36.007598958737461 ], [ -115.067235449008066, 36.007696997112966 ], [ -115.067072149682062, 36.007797368024214 ], [ -115.066911030255469, 36.007900039233803 ], [ -115.06675214194297, 36.008004981227501 ], [ -115.066595530443081, 36.008112159960874 ], [ -115.066441248093284, 36.008221544122229 ], [ -115.066289338375313, 36.008333099657797 ], [ -115.066090491473815, 36.008485217316462 ], [ -115.065793135452168, 36.008718059617316 ], [ -115.065318074234938, 36.009095105089131 ], [ -115.062121966492356, 36.011662199946251 ], [ -115.060765282073874, 36.012739264061196 ], [ -115.060765191741964, 36.012739335772835 ], [ -115.057533692057333, 36.015247888063506 ], [ -115.05641194691438, 36.016118535563166 ], [ -115.056077163517941, 36.016355287172445 ], [ -115.054631646812979, 36.017482563678492 ], [ -115.05376843506032, 36.018153517023464 ], [ -115.053651900169498, 36.018244095531109 ], [ -115.052810943344966, 36.018906546983239 ], [ -115.05215926248124, 36.019413333935255 ], [ -115.051549916859088, 36.01987457416022 ], [ -115.051312111824629, 36.02004708280981 ], [ -115.051067037034286, 36.020212742103354 ], [ -115.050941866421596, 36.020292938858546 ], [ -115.050686450419093, 36.020447945732499 ], [ -115.050556281910076, 36.0205227084125 ], [ -115.050362610125063, 36.020628935765409 ], [ -115.050228583312872, 36.020699089661676 ], [ -115.049956144405954, 36.020833617218905 ], [ -115.049678088856908, 36.020960334536163 ], [ -115.049394756149766, 36.021079088060347 ], [ -115.049251218254227, 36.021135432787084 ], [ -115.048960619689254, 36.021241970800666 ], [ -115.048813646897628, 36.021292132924778 ], [ -115.048516578995347, 36.021386164172412 ], [ -115.048215651213468, 36.02147171234342 ], [ -115.047911229373511, 36.021548671785943 ], [ -115.047757823654962, 36.021583901610789 ], [ -115.047448858256089, 36.021647807525326 ], [ -115.047309041046148, 36.021675357907412 ], [ -115.047152989943243, 36.021708270482378 ], [ -115.046838444078389, 36.021754467946167 ], [ -115.046522104536464, 36.021791718249695 ], [ -115.046363383340903, 36.021806973770282 ], [ -115.046045077969652, 36.021830723182298 ], [ -115.045725945078985, 36.021845432391473 ], [ -115.04542829639918, 36.021850986019125 ], [ -115.042058188748612, 36.021869302847072 ], [ -115.040924563914771, 36.021873243688276 ], [ -115.038682555950246, 36.021881005022678 ], [ -115.038676210598368, 36.021881026688398 ], [ -115.037742664909075, 36.021895979083141 ], [ -115.036552948848311, 36.021902380602008 ], [ -115.034767387211915, 36.021911964343531 ], [ -115.034176865210583, 36.021915128403684 ], [ -115.034142591623336, 36.021915312206339 ], [ -115.033181658928157, 36.021916730960548 ], [ -115.029686996081736, 36.021926759716308 ], [ -115.029694800670015, 36.020956392916645 ], [ -115.029701804834048, 36.020085558571694 ], [ -115.02960017130367, 36.02008627564026 ], [ -115.029597876149111, 36.019973881451371 ], [ -115.029597567788841, 36.019822489482245 ], [ -115.029597425777297, 36.019752669651233 ], [ -115.029597569724629, 36.019738111434705 ], [ -115.029606569587969, 36.018825683402767 ], [ -115.029606363938186, 36.01866879838574 ], [ -115.029606149253368, 36.018504953395897 ], [ -115.029609650986799, 36.018291469601166 ], [ -115.029610789383497, 36.018222106317843 ], [ -115.029614635260373, 36.017957645921044 ], [ -115.029614619501189, 36.017721224617532 ], [ -115.029614615822325, 36.017674777311214 ], [ -115.029615855804394, 36.017402191255933 ], [ -115.02961798844926, 36.017192348711141 ], [ -115.029618691697451, 36.017091752957576 ], [ -115.029621110839912, 36.016975977118562 ], [ -115.029622692664148, 36.016900308487223 ], [ -115.029623677660283, 36.016667202278981 ], [ -115.029623983262027, 36.016631738875432 ], [ -115.029625463374927, 36.016455717719808 ], [ -115.029630799893383, 36.015821343217745 ], [ -115.02963398541209, 36.015442608639951 ], [ -115.029642833101235, 36.014606959319771 ], [ -115.029644456624865, 36.014453571613608 ], [ -115.029640577794069, 36.01436538376133 ], [ -115.029640435104156, 36.014362149195094 ], [ -115.029657527104334, 36.012964652509801 ], [ -115.029657324698263, 36.012822506515434 ], [ -115.029657002979349, 36.01282250683338 ], [ -115.02965696414644, 36.012822507555491 ], [ -115.029619770348887, 36.01282266939328 ], [ -115.029619579442951, 36.012822682933233 ], [ -115.029463174834333, 36.012823372461376 ], [ -115.029152120561349, 36.012824761715756 ], [ -115.029089164185194, 36.012825043236354 ], [ -115.028580007447687, 36.01282728497771 ], [ -115.027961217241099, 36.012830026590308 ], [ -115.027442049140902, 36.012832324413914 ], [ -115.027483557906208, 36.00984552045378 ], [ -115.027483757122837, 36.00983119771594 ], [ -115.02749255499748, 36.009198111363645 ], [ -115.027496982455119, 36.008879468235484 ], [ -115.027502065672365, 36.008513673242234 ], [ -115.027504238244276, 36.008357365010887 ], [ -115.02754300512234, 36.005567384814711 ], [ -115.0230919378821, 36.005575483203032 ], [ -115.02311201893734, 36.003754308609366 ], [ -115.020878521841524, 36.003757474047461 ], [ -115.020895823128484, 36.001935513106723 ], [ -115.027435620916719, 36.001928670255353 ], [ -115.027578146171109, 36.001928517480501 ], [ -115.02982021018606, 36.001926086806449 ], [ -115.029877024956434, 35.998288789649386 ], [ -115.020930420157384, 35.998291555343116 ], [ -115.013857153162775, 35.998226216589508 ], [ -115.012089318258504, 35.998209820832415 ], [ -115.007894179488773, 35.998198676673887 ], [ -115.003152554282764, 35.998185903823959 ], [ -114.998660415299113, 35.998193212993819 ], [ -114.998419748030187, 35.998191306867099 ], [ -114.998420244572628, 35.998078779244018 ], [ -114.997978729687247, 35.998075579741617 ], [ -114.996773566106029, 35.998066837901405 ], [ -114.996073522456783, 35.998061754936558 ], [ -114.994214934172547, 35.998048240438287 ], [ -114.994215787582718, 35.997911485473409 ], [ -114.994216217871255, 35.99784270016255 ], [ -114.994218267886353, 35.997514356827701 ], [ -114.99422095095521, 35.997084567311227 ], [ -114.994221020559053, 35.997073560798491 ], [ -114.994223125713717, 35.996736294676815 ], [ -114.994225084669736, 35.996422574666205 ], [ -114.994226252390746, 35.996235608961697 ], [ -114.994227570510816, 35.996024524805605 ], [ -114.994230161346209, 35.995609504576485 ], [ -114.994231918548863, 35.995327990202291 ], [ -114.994231933828928, 35.995325486424491 ], [ -114.994237578891671, 35.994421415000105 ], [ -114.994243238257212, 35.993514784676158 ], [ -114.994245394753648, 35.993169360802703 ], [ -114.994246731934908, 35.992955085075167 ], [ -114.994248898455027, 35.992608154219546 ], [ -114.99425558680494, 35.991536697002992 ], [ -114.994260216857796, 35.990794900096788 ], [ -114.994263478211423, 35.990362229628658 ], [ -114.994266738380162, 35.989929560024827 ], [ -114.994269999602167, 35.989496888592342 ], [ -114.994273252461127, 35.989065184199497 ], [ -114.994273259632621, 35.989064218925414 ], [ -114.994273356734269, 35.989051447756502 ], [ -114.994273908647301, 35.988978205934174 ], [ -114.994274409008085, 35.988911753470333 ], [ -114.994274616430332, 35.988884282380752 ], [ -114.99427585872661, 35.988719457632335 ], [ -114.994277204174452, 35.988540896429733 ], [ -114.99427854961047, 35.988362335221744 ], [ -114.994279895034779, 35.98818377400837 ], [ -114.994281183915064, 35.988012822323192 ], [ -114.994281597625388, 35.987957881031434 ], [ -114.994283759309042, 35.987671083867397 ], [ -114.994284846868524, 35.987526779490558 ], [ -114.994287009653959, 35.987239678567789 ], [ -114.994287537822714, 35.987169626364569 ], [ -114.994288065982985, 35.987099575061798 ], [ -114.99428941155162, 35.986920983166826 ], [ -114.994290653755172, 35.986756154758737 ], [ -114.994291895948678, 35.986591326346087 ], [ -114.994293137029871, 35.986426497022109 ], [ -114.994294379203339, 35.986261668600299 ], [ -114.994295621373453, 35.986096839272605 ], [ -114.994297108879735, 35.985899429461085 ], [ -114.994298561477407, 35.985706717132523 ], [ -114.994300630953049, 35.985432002455809 ], [ -114.994301158974636, 35.985361963750492 ], [ -114.994301683272056, 35.985292426158026 ], [ -114.994303039446521, 35.985112390352384 ], [ -114.994304280709841, 35.984947673653224 ], [ -114.994305578800876, 35.984775305051528 ], [ -114.994306877461014, 35.984603007651657 ], [ -114.994306877989885, 35.984602936450258 ], [ -114.994308177167952, 35.984430567843965 ], [ -114.994309475226075, 35.984258199227241 ], [ -114.994310774382157, 35.984085830610951 ], [ -114.994314145880296, 35.983638335343265 ], [ -114.994314770776569, 35.983556442074324 ], [ -114.992057924512196, 35.983563037011386 ], [ -114.989819315732035, 35.983569536338919 ], [ -114.989733994886549, 35.983569783300879 ], [ -114.985689408335915, 35.98358142519519 ], [ -114.985614844595361, 35.983580763774718 ], [ -114.985574632810255, 35.983580879933264 ], [ -114.985533167878955, 35.983580998851835 ], [ -114.984903147926147, 35.980488985914803 ], [ -114.982985725641996, 35.978646293303655 ], [ -114.98107372733277, 35.976149164395707 ], [ -114.978685235838199, 35.972864111607421 ], [ -114.976291568347165, 35.970233413946225 ], [ -114.973903462911039, 35.966948264772086 ], [ -114.971677614533377, 35.963533066575771 ], [ -114.971691682293851, 35.961831615648322 ], [ -114.972525804001975, 35.958302227646485 ], [ -114.973030227298594, 35.956015302960076 ], [ -114.974165612839514, 35.94263754663217 ], [ -114.974165867247905, 35.9426363140131 ], [ -114.974166015741105, 35.942635595511497 ], [ -114.974167014922074, 35.942630758679037 ], [ -114.974167110440419, 35.942630299489437 ], [ -114.974168197090847, 35.942625041282028 ], [ -114.974168326037017, 35.942624414616112 ], [ -114.974169366632069, 35.942619380604221 ], [ -114.974169496679693, 35.942618754845199 ], [ -114.974169578420828, 35.942618357776915 ], [ -114.974170623621987, 35.942613301255328 ], [ -114.974170746812078, 35.942612702501187 ], [ -114.974171790870145, 35.942607650480397 ], [ -114.974172026846617, 35.942606508801283 ], [ -114.974173025999164, 35.942601675573904 ], [ -114.974173148011758, 35.942601085826993 ], [ -114.974173791481761, 35.942597972320101 ], [ -114.974174350938597, 35.94259526308052 ], [ -114.974174492532725, 35.942594576991532 ], [ -114.974175686226275, 35.942588801968263 ], [ -114.97417581747888, 35.942588163596852 ], [ -114.974176253710965, 35.942586057617838 ], [ -114.974177305858532, 35.942580962374549 ], [ -114.974179651802558, 35.942569613112468 ], [ -114.974184016841903, 35.942548487539433 ], [ -114.974194526477845, 35.942497631486198 ], [ -114.974196723965562, 35.942486995317481 ], [ -114.974196802222423, 35.94248661896188 ], [ -114.974204247616925, 35.942450587628862 ], [ -114.974205818881856, 35.942442983935557 ], [ -114.974211910942699, 35.94241041943252 ], [ -114.974229925825625, 35.942314130657167 ], [ -114.974234818151587, 35.942287982886718 ], [ -114.974243658650408, 35.942242598398522 ], [ -114.974277688948916, 35.942067909136064 ], [ -114.974311601473289, 35.941893815034682 ], [ -114.974324815891791, 35.941825980058461 ], [ -114.974355816491737, 35.94167197966177 ], [ -114.974515367243242, 35.941597454169013 ], [ -114.97452581337086, 35.941592574180241 ], [ -114.974978816362423, 35.941380975731462 ], [ -114.975271815485954, 35.940986971864675 ], [ -114.975572814156124, 35.940583969260132 ], [ -114.975673005823765, 35.940351533074541 ], [ -114.975792627519652, 35.940074019001131 ], [ -114.975914746566886, 35.939790709300077 ], [ -114.97601981183972, 35.939546961499602 ], [ -114.976106400553732, 35.939402792912915 ], [ -114.976151144109863, 35.939328294968071 ], [ -114.976181086847447, 35.939278441859827 ], [ -114.976288672518209, 35.939099311512962 ], [ -114.976294968183893, 35.939088829403943 ], [ -114.976486018653745, 35.938770728429994 ], [ -114.976531069085055, 35.93869571812872 ], [ -114.97655701710805, 35.938652513623843 ], [ -114.976559980794775, 35.93864757943318 ], [ -114.976572952542952, 35.938625981673312 ], [ -114.976613809864929, 35.938557953433119 ], [ -114.976638713219785, 35.938504080989027 ], [ -114.976660044115263, 35.938457936461376 ], [ -114.97666280965322, 35.938451953029301 ], [ -114.976666647907706, 35.93844453740553 ], [ -114.97666670077497, 35.938444435823087 ], [ -114.976667920198722, 35.938442079615619 ], [ -114.976651620882762, 35.939817827007644 ], [ -114.990071267568339, 35.939791265641837 ], [ -114.991816174347349, 35.939787701865995 ], [ -114.994530462489848, 35.939782107335589 ], [ -114.994549297603612, 35.93612611714267 ], [ -114.994568129698962, 35.932470124715671 ], [ -114.994586956566891, 35.928814129142523 ], [ -114.994605780411064, 35.92515813223681 ], [ -114.994624600130635, 35.921502133091856 ], [ -114.994643414618267, 35.917846131702341 ], [ -114.994662226097375, 35.914190127177932 ], [ -114.994681032339372, 35.910534121310448 ], [ -114.994699835567488, 35.906878113209537 ], [ -114.994718634681092, 35.903222101968574 ], [ -114.994737428559802, 35.899566089384855 ], [ -114.994749380754939, 35.897240673109685 ], [ -114.994756219426492, 35.895910074567979 ], [ -114.990917545074112, 35.895917212000597 ], [ -114.990919547616571, 35.851719343958955 ], [ -115.044351335678968, 35.851655451484007 ], [ -115.044357605824771, 35.808181332640878 ], [ -115.078849685576699, 35.8081992559379 ], [ -115.078825253002748, 35.793062535010506 ], [ -115.095804327214694, 35.793062523783192 ], [ -115.100826980753681, 35.793062061208843 ], [ -115.10082034613778, 35.789457911765609 ], [ -115.1008137091126, 35.785853760165459 ], [ -115.100807070784413, 35.782249606412961 ], [ -115.100800431153246, 35.778645450508151 ], [ -115.1007974021569, 35.775017363374594 ], [ -115.100794371508002, 35.771389274057739 ], [ -115.100791340312441, 35.767761182562083 ], [ -115.100788306353067, 35.764133089780231 ], [ -115.10078527432016, 35.760509167205313 ], [ -115.10078464692522, 35.759758648095762 ], [ -115.100782240638807, 35.756885242452519 ], [ -115.100780188254717, 35.754434382950748 ], [ -115.100779380456615, 35.753470228193727 ], [ -115.100779205309166, 35.753261315521883 ], [ -115.100776169116045, 35.749637387165102 ], [ -115.100773106289708, 35.745988338855526 ], [ -115.10077004178639, 35.742339289238949 ], [ -115.10076697561712, 35.738690236512831 ], [ -115.100763907771125, 35.735041182479897 ], [ -115.100764503910355, 35.731414510835123 ], [ -115.100765096963343, 35.727787837002829 ], [ -115.100765689141156, 35.724161160991905 ], [ -115.100766278227795, 35.720534483694998 ], [ -115.096953098897544, 35.720532648676212 ], [ -115.096353278672737, 35.720532348539429 ], [ -115.091940280169794, 35.720530051546689 ], [ -115.087527283853859, 35.720527593622698 ], [ -115.083114289771061, 35.72052497296491 ], [ -115.078701297951099, 35.72052219047486 ], [ -115.074254316273255, 35.720522151772755 ], [ -115.069807337745104, 35.720521948738345 ], [ -115.065360360192031, 35.720521581362398 ], [ -115.060913384749398, 35.720521050551014 ], [ -115.056466412570146, 35.720520354506519 ], [ -115.052019441473846, 35.720519494120715 ], [ -115.047597010253, 35.720518474899492 ], [ -115.047572472601729, 35.720518469398613 ], [ -115.043125505989792, 35.720517280340289 ], [ -115.038688857705722, 35.7205194654602 ], [ -115.034252211345247, 35.720521487904037 ], [ -115.029815566950134, 35.720523346770577 ], [ -115.025378924562375, 35.720525041158602 ], [ -115.025377583645707, 35.716918199832286 ], [ -115.025373528456456, 35.7060414693849 ], [ -115.025368144296806, 35.691679640621516 ], [ -115.025362602773711, 35.676990281063361 ], [ -115.007724477273456, 35.67699367620645 ], [ -114.990084214203563, 35.676994501755317 ], [ -114.985455015723019, 35.676994293323631 ], [ -114.972139971339729, 35.676992701221387 ], [ -114.965156499262335, 35.676991277513281 ], [ -114.96490389738544, 35.676991218050198 ], [ -114.964061891177806, 35.676991017514354 ], [ -114.963809289337121, 35.676990955754633 ], [ -114.960038817067044, 35.676989976105737 ], [ -114.959696658148388, 35.676989881404687 ], [ -114.955606665388686, 35.676988674525063 ], [ -114.954373393700749, 35.676988282723094 ], [ -114.954259184311667, 35.676988246281859 ], [ -114.9363042585953, 35.676981100644078 ], [ -114.936319596607504, 35.691248036196576 ], [ -114.936335129885165, 35.70572916263616 ], [ -114.936347077072767, 35.716889939539215 ], [ -114.936350954680449, 35.720516358354196 ], [ -114.931840242384723, 35.720515850780828 ], [ -114.927456127213219, 35.72051519570298 ], [ -114.927458084928972, 35.723884193942887 ], [ -114.927464544268418, 35.735022474177001 ], [ -114.927472837176268, 35.749380830908983 ], [ -114.927481202785742, 35.764027551332987 ], [ -114.927483409972879, 35.771270218843412 ], [ -114.936370461168565, 35.771289515204195 ], [ -114.944310174659037, 35.771296805310961 ], [ -114.945264157198451, 35.771297646083255 ], [ -114.945265561730565, 35.77339298644138 ], [ -114.945269012930495, 35.778545651618522 ], [ -114.945275052231196, 35.788403414238857 ], [ -114.945275772349888, 35.7895806825642 ], [ -114.945276282966333, 35.790415176200504 ], [ -114.945277271735677, 35.792035293980248 ], [ -114.945277748032652, 35.792813537937036 ], [ -114.945277868178579, 35.793010039280681 ], [ -114.945278166763813, 35.793498604349814 ], [ -114.945278875786116, 35.794659406816663 ], [ -114.945284524522151, 35.803922064517224 ], [ -114.94528712457651, 35.808194686960093 ], [ -114.94639793103093, 35.80819109694577 ], [ -114.946411807887486, 35.815444398501285 ], [ -114.94068834447873, 35.815448690376172 ], [ -114.940201327274522, 35.815449042328133 ], [ -114.939853351933948, 35.815449293364004 ], [ -114.93931731833851, 35.815449676979163 ], [ -114.937506644015286, 35.815450957367958 ], [ -114.92025800437581, 35.815452523795734 ], [ -114.901946736566231, 35.815451478059359 ], [ -114.901945536574445, 35.808197032304179 ], [ -114.897199559427662, 35.808197762584037 ], [ -114.892453584202713, 35.808198306381797 ], [ -114.887707612057667, 35.808198662802724 ], [ -114.88415694139492, 35.808198806507164 ], [ -114.882961644150754, 35.808198830952129 ], [ -114.882963344824205, 35.80386719788924 ], [ -114.882964473014013, 35.800987462068122 ], [ -114.882967594946578, 35.792997300410541 ], [ -114.87953378434861, 35.792979970268867 ], [ -114.866307748087721, 35.792912303416884 ], [ -114.864724910403098, 35.792913799189165 ], [ -114.864073626127052, 35.792914408097424 ], [ -114.864073511070941, 35.792914408310992 ], [ -114.863059800820992, 35.792915351296841 ], [ -114.848504521719718, 35.792927930194132 ], [ -114.830714211727468, 35.792943643879433 ], [ -114.812896346824559, 35.79294356009936 ], [ -114.79509500193511, 35.792897740945854 ], [ -114.794979094045701, 35.792897763871046 ], [ -114.79052824930497, 35.792898532555185 ], [ -114.786077407651533, 35.792899136465472 ], [ -114.781626569112504, 35.792899576503437 ], [ -114.777175732626787, 35.792899851760652 ], [ -114.775252973131686, 35.792899919293127 ], [ -114.775182643657246, 35.795621589332065 ], [ -114.775175256683582, 35.795907450681803 ], [ -114.775078621170053, 35.799646655625793 ], [ -114.774981974268826, 35.803385857169999 ], [ -114.774885313755291, 35.807125056200661 ], [ -114.774857674339231, 35.8081941849182 ], [ -114.777170325992856, 35.808194364799412 ], [ -114.78162201608589, 35.808194585979791 ], [ -114.786073710500375, 35.808194642302738 ], [ -114.790525408084676, 35.808194534661865 ], [ -114.794977107714217, 35.808194261247152 ], [ -114.795126463956521, 35.808194248534555 ], [ -114.795132734265948, 35.822699288952322 ], [ -114.79513895657395, 35.837204293753146 ], [ -114.795145130855801, 35.851709263832291 ], [ -114.79515125710472, 35.866214198282584 ], [ -114.795157335286916, 35.880719098900578 ], [ -114.795161882625436, 35.891647670273557 ], [ -114.79516342005293, 35.895358344301009 ], [ -114.798892289636484, 35.895387928991106 ], [ -114.798890330725953, 35.89882523393792 ], [ -114.79888618882768, 35.90607765280825 ], [ -114.805537968641815, 35.906077558185721 ], [ -114.805435188965532, 35.920312818718095 ], [ -114.787440411289978, 35.920584401981515 ], [ -114.769609682147475, 35.920532022547384 ], [ -114.77000740937531, 35.934540472219069 ], [ -114.769981543814794, 35.940575333088191 ], [ -114.769944728986488, 35.949159524124916 ], [ -114.787846148036309, 35.949393596868966 ], [ -114.787814312856582, 35.953018784952718 ], [ -114.787782470482327, 35.956643970809544 ], [ -114.787750575486527, 35.960272135661725 ], [ -114.787718674399571, 35.963900297389188 ], [ -114.787794213123533, 35.978412178772309 ], [ -114.787788325807966, 35.979262302148975 ], [ -114.787753849445835, 35.98423999867768 ], [ -114.787744120961122, 35.985644234125154 ], [ -114.787718997177294, 35.989270330100837 ], [ -114.787693862425698, 35.992896418421914 ], [ -114.787708001351405, 35.995133740971426 ], [ -114.787479599462799, 35.995297769629893 ], [ -114.787366519469927, 35.995380060264878 ], [ -114.787338033603746, 35.995411349304234 ], [ -114.787313948379463, 35.995442667523832 ], [ -114.787297722512818, 35.995480476766176 ], [ -114.787292688074885, 35.99554339929805 ], [ -114.787285048942394, 35.995602728187677 ], [ -114.787276687392833, 35.995646312853353 ], [ -114.787264892019408, 35.995681288942109 ], [ -114.787242654119382, 35.995704034500108 ], [ -114.787213416923422, 35.995722441626654 ], [ -114.787171827270669, 35.995743628436777 ], [ -114.787013269090806, 35.995819416974904 ], [ -114.786999333159514, 35.995825471385871 ], [ -114.786977203024719, 35.995837486711217 ], [ -114.786958579717734, 35.995850955667684 ], [ -114.786913339247008, 35.99588499505802 ], [ -114.786887587166618, 35.995907001595221 ], [ -114.786865343008017, 35.995930462673236 ], [ -114.78684999629661, 35.99596827768432 ], [ -114.786844368622667, 35.996002579927413 ], [ -114.786845741342205, 35.996041220626154 ], [ -114.786852416914925, 35.996077751418809 ], [ -114.786864452912766, 35.99610644761902 ], [ -114.786889636808951, 35.996140954334301 ], [ -114.786913961718938, 35.996173309345046 ], [ -114.78694523561218, 35.996215010091511 ], [ -114.786981698430225, 35.996266046692206 ], [ -114.787005951498784, 35.996305554837917 ], [ -114.787021343408142, 35.996350727449979 ], [ -114.787016575890988, 35.996387182306734 ], [ -114.787004822325684, 35.996417866643711 ], [ -114.786981382036018, 35.996461001525731 ], [ -114.786855255995079, 35.996670844698336 ], [ -114.786832910898781, 35.996704320358283 ], [ -114.786804498729978, 35.996736373151187 ], [ -114.786713696457142, 35.996828010569615 ], [ -114.786607937966437, 35.996926750029182 ], [ -114.786540415072182, 35.996987827298902 ], [ -114.786432649399771, 35.997099276043322 ], [ -114.786398038523359, 35.997138548460519 ], [ -114.78618606313988, 35.997394278372361 ], [ -114.786163057496495, 35.997420382275948 ], [ -114.786153842807749, 35.997433821661993 ], [ -114.786119850005988, 35.997487252136345 ], [ -114.786091218861571, 35.997532848054092 ], [ -114.786064190466163, 35.997594193135015 ], [ -114.786035307198034, 35.997664827315738 ], [ -114.786018913506311, 35.997719089405784 ], [ -114.786011460422301, 35.997759818366099 ], [ -114.786009275437593, 35.997802012689753 ], [ -114.786009860773774, 35.997831348526852 ], [ -114.786015626694308, 35.997870734040724 ], [ -114.786032014139877, 35.997904467755752 ], [ -114.786061607341864, 35.997938288295487 ], [ -114.786100947581801, 35.997965735581225 ], [ -114.786147461188619, 35.997980352710577 ], [ -114.786194920219373, 35.997988537205394 ], [ -114.786240675646994, 35.997990987103798 ], [ -114.786297066992759, 35.99798635399214 ], [ -114.786366732953852, 35.997972428262429 ], [ -114.786478016617437, 35.997939622569511 ], [ -114.786593628126724, 35.997911773819396 ], [ -114.786734746596281, 35.997886241162526 ], [ -114.786910226201186, 35.997858073833214 ], [ -114.786962252587372, 35.997849834176684 ], [ -114.787025679218573, 35.997845962136651 ], [ -114.787078484388658, 35.997847743758605 ], [ -114.787124189430543, 35.997855200615604 ], [ -114.787163674937204, 35.997868340360156 ], [ -114.787197827610726, 35.997886452345938 ], [ -114.787240654697598, 35.99791749875461 ], [ -114.78726943253686, 35.997944874694277 ], [ -114.787295539812973, 35.99797509544667 ], [ -114.787317195975533, 35.998010294300848 ], [ -114.78733618988305, 35.99804762149207 ], [ -114.787361272824199, 35.998092143594583 ], [ -114.787390485642547, 35.998163878131685 ], [ -114.787401426974341, 35.998214028798294 ], [ -114.787403607587692, 35.998259829366276 ], [ -114.787402187791599, 35.998313476218947 ], [ -114.787387469839047, 35.998376334503597 ], [ -114.78736047808394, 35.998434103752281 ], [ -114.787318397016008, 35.998503934170046 ], [ -114.787261300684648, 35.99857867350471 ], [ -114.787067678690846, 35.998834936740067 ], [ -114.786886927493242, 35.99903691316706 ], [ -114.786678603305177, 35.999266607858274 ], [ -114.786522772131988, 35.999441564086347 ], [ -114.786473885650935, 35.9994877412256 ], [ -114.786431334004618, 35.999516790623964 ], [ -114.786394193419426, 35.999532998149903 ], [ -114.786354476854427, 35.999542749662993 ], [ -114.786310416972952, 35.999546749957922 ], [ -114.786115831706667, 35.999548319153327 ], [ -114.785952072626884, 35.999548662486866 ], [ -114.785638586743829, 35.999551865351869 ], [ -114.785607770568902, 35.999554959280822 ], [ -114.785591903303796, 35.999556999806941 ], [ -114.785577745733562, 35.999564059324008 ], [ -114.785550281264875, 35.999581046539838 ], [ -114.785530556280477, 35.999594319563791 ], [ -114.78542624437317, 35.999674242047192 ], [ -114.785373819504827, 35.999714409666488 ], [ -114.785317100116572, 35.999743324805507 ], [ -114.785254356771034, 35.999766516254475 ], [ -114.785197176300898, 35.999776680309473 ], [ -114.785101836218871, 35.999793627890213 ], [ -114.785058522599059, 35.999804561888702 ], [ -114.785028461550638, 35.999817238815382 ], [ -114.785001877502197, 35.999834231760083 ], [ -114.784940686101095, 35.999878180412317 ], [ -114.784837822808939, 35.999951182810072 ], [ -114.784792110063833, 35.999980582824044 ], [ -114.784700611625752, 36.000025387862131 ], [ -114.784640401687014, 36.000059326804092 ], [ -114.784603159584165, 36.000085549305524 ], [ -114.784568480008218, 36.000119658124731 ], [ -114.784427060698548, 36.00026179858952 ], [ -114.78439778515903, 36.000283782054943 ], [ -114.784370526060812, 36.000300159315231 ], [ -114.784278120995069, 36.000343305948846 ], [ -114.784234823192065, 36.000363522290854 ], [ -114.784157925453741, 36.000409527368497 ], [ -114.784122408205789, 36.000439338473846 ], [ -114.784103718426664, 36.000459245458735 ], [ -114.784095542380257, 36.000484230097165 ], [ -114.784095159897191, 36.000522144450187 ], [ -114.784112334012022, 36.000565183361552 ], [ -114.78416493193123, 36.000674991425925 ], [ -114.784192605459623, 36.000724539147775 ], [ -114.784229710143322, 36.000799188749397 ], [ -114.784240736581182, 36.000840756338548 ], [ -114.784244821176287, 36.000872261528713 ], [ -114.784247180580053, 36.000900177961491 ], [ -114.784241458836149, 36.000943780032493 ], [ -114.784227776375772, 36.000990906365288 ], [ -114.784195117366934, 36.00134839424053 ], [ -114.784192901480125, 36.001393450018099 ], [ -114.784203177223347, 36.001422134798027 ], [ -114.784222170594816, 36.001459462531962 ], [ -114.784251763346816, 36.001493283569594 ], [ -114.784299946210353, 36.001517213102765 ], [ -114.784347319501009, 36.001533982687583 ], [ -114.784386784767904, 36.001549269240272 ], [ -114.784423529876022, 36.001572406943787 ], [ -114.784448872123789, 36.001591176726969 ], [ -114.784470752847795, 36.001613659361368 ], [ -114.784495792164847, 36.001653013768106 ], [ -114.784516401638854, 36.001704661290667 ], [ -114.784521573970679, 36.001719058875373 ], [ -114.784534305408542, 36.001762727901991 ], [ -114.784545849322967, 36.001822746761157 ], [ -114.784551104275621, 36.001994954840789 ], [ -114.784552934141573, 36.002054941486684 ], [ -114.784557154776422, 36.002073192111645 ], [ -114.784616248087659, 36.002328721600129 ], [ -114.784624110133365, 36.002362719677528 ], [ -114.78465883262362, 36.002481233183531 ], [ -114.784667185094591, 36.002526001479346 ], [ -114.784666091350502, 36.002561765088394 ], [ -114.78466359633444, 36.002590960594368 ], [ -114.784655104431224, 36.002632636180692 ], [ -114.784636445166157, 36.002664109855566 ], [ -114.784612655476579, 36.002694952719388 ], [ -114.784588884915024, 36.002724006620468 ], [ -114.784565285373375, 36.002745668271928 ], [ -114.784537895991647, 36.002760033886979 ], [ -114.784500346894689, 36.002772899698563 ], [ -114.784443026815055, 36.002782057517322 ], [ -114.784237483731985, 36.002792612373057 ], [ -114.783937984850041, 36.002807310746981 ], [ -114.783758877692833, 36.002815656027828 ], [ -114.78362931107948, 36.002832603330013 ], [ -114.783450262404173, 36.002861293634744 ], [ -114.783329751202103, 36.002879568199745 ], [ -114.78322109842226, 36.002885997477655 ], [ -114.783141719037573, 36.002899776387871 ], [ -114.78302690755298, 36.002934781670696 ], [ -114.782915697382265, 36.002992093756902 ], [ -114.782817586887859, 36.003028773085568 ], [ -114.782699792088977, 36.003068526942229 ], [ -114.782191830443722, 36.003190420683843 ], [ -114.782018607529608, 36.003242763651961 ], [ -114.781641081997108, 36.003177203364523 ], [ -114.781549521738341, 36.003201390099008 ], [ -114.781328381753852, 36.003259806655912 ], [ -114.780945876255927, 36.003188230762362 ], [ -114.780789005953537, 36.003209133911582 ], [ -114.780758578402811, 36.003282539761358 ], [ -114.780723644241121, 36.003319138734426 ], [ -114.780721937893375, 36.00332092632113 ], [ -114.78072358868728, 36.003324621884374 ], [ -114.780732950024799, 36.003345582081501 ], [ -114.780807262788514, 36.003511970002499 ], [ -114.780952306244473, 36.003830089109947 ], [ -114.780952814082141, 36.00383120290946 ], [ -114.780968819154808, 36.003902166675083 ], [ -114.780990113963526, 36.003996587937813 ], [ -114.780991974919004, 36.00400483467434 ], [ -114.780916883075861, 36.004073401168597 ], [ -114.780876169235114, 36.004110576222118 ], [ -114.780828132109178, 36.004154438619743 ], [ -114.780725625219191, 36.004172866099175 ], [ -114.780501086452858, 36.004271349181842 ], [ -114.780449684631677, 36.004271005295671 ], [ -114.780435809442181, 36.004265838135218 ], [ -114.780062479583094, 36.004126806986264 ], [ -114.780056708962107, 36.004124657510992 ], [ -114.779753359295412, 36.004097739868044 ], [ -114.779632170431682, 36.004086986045536 ], [ -114.779455484863135, 36.004107563652695 ], [ -114.779342801427347, 36.004200873137265 ], [ -114.779279036803359, 36.004348756936558 ], [ -114.779225835417336, 36.004472143794075 ], [ -114.778963931822503, 36.004572554758077 ], [ -114.778877678421395, 36.004657316343504 ], [ -114.778853095214643, 36.004681474976827 ], [ -114.77883751348368, 36.004696787286207 ], [ -114.778723518068745, 36.004827373326179 ], [ -114.778479519900827, 36.004970291485066 ], [ -114.778417635042715, 36.005006539565436 ], [ -114.778315432871651, 36.004992965401804 ], [ -114.778163477266531, 36.004972782480102 ], [ -114.778123768872774, 36.004967508419149 ], [ -114.777945747843845, 36.004848421744676 ], [ -114.777824425250017, 36.004751249294898 ], [ -114.777814130482042, 36.004747529921332 ], [ -114.77765090008171, 36.004737703237588 ], [ -114.777084133701848, 36.004819472661481 ], [ -114.776981970327853, 36.004876994996778 ], [ -114.776953899740874, 36.004892800875922 ], [ -114.776899671722603, 36.004934897693502 ], [ -114.776846692544567, 36.004976024966595 ], [ -114.776850459000698, 36.005101805278336 ], [ -114.776893381513403, 36.005244842765926 ], [ -114.776921136163253, 36.005337335169415 ], [ -114.776859990349323, 36.005399714332761 ], [ -114.776764567428089, 36.005497063415547 ], [ -114.776761549974239, 36.005500141809158 ], [ -114.776626556140442, 36.00557856426326 ], [ -114.776550843074929, 36.005622548017058 ], [ -114.7765236950153, 36.00567233365026 ], [ -114.776470077042745, 36.005770658449762 ], [ -114.776403312160966, 36.005820731978154 ], [ -114.776308803440827, 36.005891611105213 ], [ -114.776075857836531, 36.005929519517622 ], [ -114.775852945030778, 36.0059776787893 ], [ -114.775508307580765, 36.00605213484662 ], [ -114.774832588128177, 36.00619811594639 ], [ -114.774469934656594, 36.006184338219882 ], [ -114.77444939021899, 36.006183558014939 ], [ -114.774441141864486, 36.006197450053058 ], [ -114.77438139870236, 36.006298076892278 ], [ -114.774278471644408, 36.006403053362803 ], [ -114.774246008006983, 36.006436163706674 ], [ -114.77419211860753, 36.006491125831467 ], [ -114.774127996011629, 36.006556524493313 ], [ -114.774054679144513, 36.006652701837979 ], [ -114.773993490351458, 36.006732970047459 ], [ -114.773933188946486, 36.006792712569883 ], [ -114.773753624406666, 36.006970615962615 ], [ -114.773622963434519, 36.007000645425457 ], [ -114.773432470628677, 36.007044425884956 ], [ -114.773414607061099, 36.007048530620771 ], [ -114.773316758821025, 36.007129910208988 ], [ -114.773302729466081, 36.007175608812403 ], [ -114.773284519722452, 36.007234925793682 ], [ -114.773144766447643, 36.007392599594247 ], [ -114.773064668305054, 36.007482968509613 ], [ -114.772988307945397, 36.007588872196465 ], [ -114.772987929498669, 36.007597130064063 ], [ -114.772983380461255, 36.007696323565654 ], [ -114.772977900165699, 36.007815845927929 ], [ -114.772869951261697, 36.00794918271648 ], [ -114.772845223307598, 36.007979726632541 ], [ -114.772813017341846, 36.00799815792525 ], [ -114.772502141888722, 36.008176071896514 ], [ -114.772221086240037, 36.008254323385358 ], [ -114.772138226330242, 36.008301685450718 ], [ -114.772102995312125, 36.008321822092142 ], [ -114.77191181751202, 36.008431097508733 ], [ -114.771670755693322, 36.008710819086822 ], [ -114.771703384972184, 36.008932469533327 ], [ -114.771838577637311, 36.009056322158408 ], [ -114.771867567794615, 36.009082881244481 ], [ -114.77194240926309, 36.009084056081619 ], [ -114.772006909266366, 36.009085068119177 ], [ -114.77210212061172, 36.009034608063459 ], [ -114.772183088411523, 36.008967251406396 ], [ -114.772208964783573, 36.008945724799098 ], [ -114.772389650658653, 36.008945213686928 ], [ -114.772560955149658, 36.008946656029146 ], [ -114.772649207835968, 36.00892898470763 ], [ -114.772665519837403, 36.008859324314272 ], [ -114.772678656910131, 36.008803219664244 ], [ -114.772594154201599, 36.008684309794027 ], [ -114.772601493406668, 36.008651356448418 ], [ -114.772615254363274, 36.008589572415772 ], [ -114.772843206920641, 36.008479970133472 ], [ -114.773183115079419, 36.008370497798815 ], [ -114.773203387364774, 36.0083648618278 ], [ -114.773328442872284, 36.008330100128084 ], [ -114.773397045700079, 36.008311030185446 ], [ -114.77353734174612, 36.008294697281386 ], [ -114.773833489535349, 36.008277307514248 ], [ -114.774234884800606, 36.008284756314261 ], [ -114.774265424245442, 36.008291750819303 ], [ -114.774433613247155, 36.008330265217722 ], [ -114.774438414914016, 36.008337587306499 ], [ -114.774494966755981, 36.008423821012506 ], [ -114.774534180855952, 36.008483618047805 ], [ -114.77459438192318, 36.008624876385795 ], [ -114.774638379608163, 36.008728117682757 ], [ -114.774760869181222, 36.009015533330079 ], [ -114.774770388554614, 36.009037872221114 ], [ -114.77476762898128, 36.00908814441086 ], [ -114.774766404774724, 36.00911472002997 ], [ -114.77475872642492, 36.009148053376293 ], [ -114.774741181342947, 36.009195350787287 ], [ -114.774706064467523, 36.009275280354863 ], [ -114.774688221943123, 36.009310852533112 ], [ -114.774642663885871, 36.009401673339362 ], [ -114.77463663071849, 36.009410221176111 ], [ -114.774580536852085, 36.009496211184363 ], [ -114.774529900870547, 36.009568603073511 ], [ -114.774474924242014, 36.009635003577422 ], [ -114.774384741483217, 36.009699975206217 ], [ -114.774340098223973, 36.009728550117323 ], [ -114.77421056231249, 36.009798957929185 ], [ -114.774103509268301, 36.009862029211533 ], [ -114.774031253211021, 36.009910752937714 ], [ -114.774008121787105, 36.009935720687537 ], [ -114.773942248437024, 36.010006820735207 ], [ -114.773923301090207, 36.010034847763514 ], [ -114.77389678356478, 36.01007407285843 ], [ -114.773891795307136, 36.010085436157155 ], [ -114.773882563849341, 36.010106465222798 ], [ -114.773853213655116, 36.010178953527507 ], [ -114.773928258454617, 36.010282339596628 ], [ -114.773959871693492, 36.010348132360733 ], [ -114.773982619991642, 36.010419826527297 ], [ -114.774022319672596, 36.010556022126629 ], [ -114.774079519619519, 36.010876393018535 ], [ -114.774104052499965, 36.011025875117156 ], [ -114.774194802406797, 36.011300562637977 ], [ -114.774213560887688, 36.01134782804003 ], [ -114.774020163486412, 36.011371214967674 ], [ -114.773614754423392, 36.011406634781935 ], [ -114.773203622285152, 36.011427707343358 ], [ -114.772792684103678, 36.011429701077894 ], [ -114.772428802935835, 36.011422473850189 ], [ -114.771977069937492, 36.011395572818309 ], [ -114.771601840844795, 36.011350110705806 ], [ -114.77129704999254, 36.011305124106407 ], [ -114.770921918495347, 36.011250122069278 ], [ -114.770424159129192, 36.011132285043367 ], [ -114.769938433274319, 36.01098591214334 ], [ -114.769517131638764, 36.010854282361827 ], [ -114.768173766021576, 36.010344253087496 ], [ -114.767710143915352, 36.010183837577173 ], [ -114.767370632961033, 36.010090911822751 ], [ -114.766949044445894, 36.009987886476061 ], [ -114.766480204655238, 36.009913155194745 ], [ -114.766040418618076, 36.009867236250585 ], [ -114.765529852039265, 36.00985421839836 ], [ -114.765071818409169, 36.009870173785309 ], [ -114.764648755229217, 36.009910212610684 ], [ -114.764290012530807, 36.009974536475283 ], [ -114.763978177253222, 36.01004394833847 ], [ -114.763566061878294, 36.010160368456795 ], [ -114.763177276428124, 36.010291254744644 ], [ -114.762788194346129, 36.010450754007138 ], [ -114.762481385719653, 36.010601276366138 ], [ -114.762251030438748, 36.010738012052478 ], [ -114.761831506369134, 36.011002226493346 ], [ -114.761334434215854, 36.011385142987997 ], [ -114.76024566446776, 36.012217091591829 ], [ -114.759665752889617, 36.012661434949962 ], [ -114.759293319005991, 36.012911655431679 ], [ -114.758962069774014, 36.013152618332491 ], [ -114.758648877599342, 36.013350780925094 ], [ -114.758300512666239, 36.013543931179228 ], [ -114.757751522323261, 36.013835856189374 ], [ -114.757173276698538, 36.01411803968282 ], [ -114.756477528394839, 36.014408949157897 ], [ -114.756027238917397, 36.01456296074165 ], [ -114.7558330623052, 36.014632490933685 ], [ -114.755699791952821, 36.014680211283903 ], [ -114.755586770918129, 36.014718065854701 ], [ -114.755434692614202, 36.014769000882715 ], [ -114.755341993135772, 36.014794215012643 ], [ -114.75507557054739, 36.014866680270679 ], [ -114.754934356286782, 36.014900816434597 ], [ -114.754557657540616, 36.014991877255241 ], [ -114.754028052001601, 36.015112221507835 ], [ -114.753533965244216, 36.015204193714254 ], [ -114.753034206962184, 36.015277046843906 ], [ -114.752452417070984, 36.015335021766795 ], [ -114.751736621455152, 36.015393061143783 ], [ -114.751548559469796, 36.015401351954125 ], [ -114.75140806679488, 36.015407545992964 ], [ -114.751195263884753, 36.015416927430465 ], [ -114.750892692229058, 36.015414828706852 ], [ -114.75066695462769, 36.015413262428972 ], [ -114.750062485607017, 36.015394759023245 ], [ -114.749548952602368, 36.015354073195574 ], [ -114.749534579181812, 36.015352934052508 ], [ -114.749129944928782, 36.015311965045804 ], [ -114.748684471646385, 36.015246862964247 ], [ -114.748285960346223, 36.015182086284973 ], [ -114.747934360579222, 36.015122404794276 ], [ -114.747582911265141, 36.015048415215389 ], [ -114.747237333040133, 36.014974465548789 ], [ -114.746763067791377, 36.014856691927321 ], [ -114.746411924370321, 36.01475408484972 ], [ -114.746055061667832, 36.014637128706731 ], [ -114.745663182918364, 36.014500849121482 ], [ -114.745125262083704, 36.014296776613897 ], [ -114.744681111375954, 36.014107664774677 ], [ -114.744353958510786, 36.0139575255049 ], [ -114.743612214334348, 36.01359939960053 ], [ -114.741573862138935, 36.012636842659113 ], [ -114.741608959822045, 36.012570558813472 ], [ -114.741626770723641, 36.012536921209254 ], [ -114.74176664566123, 36.012272757272811 ], [ -114.741806075714123, 36.012201917061212 ], [ -114.742292596985195, 36.011327818276435 ], [ -114.742460306144693, 36.010992078265652 ], [ -114.742556153375148, 36.010800199638098 ], [ -114.742743073261963, 36.010338559901093 ], [ -114.742876816879047, 36.010008245788555 ], [ -114.743010953077615, 36.009667484594225 ], [ -114.743099505214346, 36.009442521750465 ], [ -114.743127960343159, 36.009370233275867 ], [ -114.743181079199758, 36.009082470160585 ], [ -114.743292615438477, 36.008478224986106 ], [ -114.743300807928549, 36.008433844737041 ], [ -114.743307560664064, 36.008342285829592 ], [ -114.743364231223808, 36.007573904574308 ], [ -114.743359299639636, 36.007319819993803 ], [ -114.743355452934239, 36.007121589290811 ], [ -114.743335534023373, 36.00701247461069 ], [ -114.743298772245808, 36.006811094035996 ], [ -114.743214319130317, 36.006348460485853 ], [ -114.743199448938512, 36.006297061579929 ], [ -114.74293931501542, 36.005397903712151 ], [ -114.742344278959351, 36.00262505715186 ], [ -114.742115874580833, 36.001123295231181 ], [ -114.741811059784879, 36.00042623043803 ], [ -114.741771958095811, 36.000321073620647 ], [ -114.741243574392314, 35.998900028525611 ], [ -114.740985010914969, 35.99768485147095 ], [ -114.740868666163678, 35.997281408303131 ], [ -114.740618459222134, 35.99641376096379 ], [ -114.740234390057552, 35.99538382085619 ], [ -114.740222541468313, 35.99535204432037 ], [ -114.740164893801591, 35.99521720415153 ], [ -114.740090101823455, 35.995042258229951 ], [ -114.739870522625651, 35.993992809923213 ], [ -114.739848146429424, 35.993875681163253 ], [ -114.739635022832047, 35.992760093507655 ], [ -114.739565926764655, 35.992398394943059 ], [ -114.739565277961262, 35.991632206291897 ], [ -114.739829200007193, 35.991001414752489 ], [ -114.739978218003216, 35.990645247175074 ], [ -114.73998783864252, 35.99062225147771 ], [ -114.740011717839948, 35.990594600772269 ], [ -114.740480053795196, 35.990052283045877 ], [ -114.741454264024341, 35.988924150824822 ], [ -114.742235185518751, 35.988241294111816 ], [ -114.742582522339646, 35.987937568443648 ], [ -114.742920524471543, 35.98711121183873 ], [ -114.743295897666357, 35.986176483066451 ], [ -114.743427507656833, 35.985848751048174 ], [ -114.743427625947874, 35.985844496839725 ], [ -114.743429720001259, 35.985768833857392 ], [ -114.743454832151528, 35.984861556554947 ], [ -114.743422596306957, 35.984571106836825 ], [ -114.743284104713354, 35.983323240628074 ], [ -114.742859410537591, 35.981876613538212 ], [ -114.741980755345665, 35.980138197255975 ], [ -114.741756701883844, 35.97969489556808 ], [ -114.741592847783338, 35.979189037457161 ], [ -114.741325964577157, 35.978365091788177 ], [ -114.741233155147967, 35.978078576582668 ], [ -114.740596366815382, 35.976112675030699 ], [ -114.73977388819641, 35.974742602436741 ], [ -114.738643255124472, 35.972859136770296 ], [ -114.738335321770251, 35.972346147678692 ], [ -114.737450385132917, 35.970947669564929 ], [ -114.736809343443582, 35.969934587303293 ], [ -114.735891248781911, 35.969072893417433 ], [ -114.734973558212602, 35.96821155409215 ], [ -114.734777255013213, 35.968037532386724 ], [ -114.733018165692258, 35.966477985104817 ], [ -114.732770851873553, 35.96625871377384 ], [ -114.731646913962976, 35.964857280447838 ], [ -114.730985082672149, 35.964032019225051 ], [ -114.730652355717893, 35.96361710939329 ], [ -114.730614432302488, 35.963524687151413 ], [ -114.730426920932857, 35.963067711917247 ], [ -114.729814641221523, 35.96157550185665 ], [ -114.729238918235808, 35.960172335988595 ], [ -114.728871069263832, 35.958750063618588 ], [ -114.728757868993199, 35.958312371699989 ], [ -114.728327569081699, 35.956262166309763 ], [ -114.728304856243511, 35.956153948150714 ], [ -114.728268981341628, 35.955963592379469 ], [ -114.727993281538417, 35.954500695264635 ], [ -114.72835855913921, 35.952342813407853 ], [ -114.728974727031499, 35.950542843681468 ], [ -114.729140870708392, 35.950057485338078 ], [ -114.729339910781974, 35.949476015902533 ], [ -114.729532360661509, 35.94891377446978 ], [ -114.729632612863483, 35.948620891396686 ], [ -114.730723473049238, 35.945433780101602 ], [ -114.730863800970113, 35.944446612332385 ], [ -114.730665559867901, 35.943436324629282 ], [ -114.730156969254693, 35.942379856913497 ], [ -114.729394519537081, 35.941392147832211 ], [ -114.728547656012225, 35.940656917476019 ], [ -114.724088959329222, 35.938633486750362 ], [ -114.721408039701018, 35.9371622426481 ], [ -114.717542407964956, 35.935644119912475 ], [ -114.716486047530807, 35.935016636350802 ], [ -114.716427300830688, 35.934981734438956 ], [ -114.714833442514688, 35.934034944980759 ], [ -114.713281213156307, 35.932633227439958 ], [ -114.711587907977247, 35.931001828537852 ], [ -114.708089039647177, 35.92861126166401 ], [ -114.707581032205297, 35.927967995476905 ], [ -114.70751216054353, 35.927811731161164 ], [ -114.707044528901292, 35.92675069740784 ], [ -114.706959447207566, 35.925625648563212 ], [ -114.707830742328568, 35.919106096704276 ], [ -114.708168963464132, 35.918578306724342 ], [ -114.708392061240758, 35.913274970455923 ], [ -114.708363484088565, 35.91244844309098 ], [ -114.708278602041517, 35.911874409600024 ], [ -114.707939926870566, 35.911254230145374 ], [ -114.707375520532196, 35.910427258985614 ], [ -114.69719113446925, 35.898204207862939 ], [ -114.696316721969652, 35.897170254034023 ], [ -114.69535784723557, 35.896480628306747 ], [ -114.692442584729619, 35.894537347914017 ], [ -114.69087402126975, 35.893491700824491 ], [ -114.688261738243312, 35.891818011786263 ], [ -114.684557831787174, 35.889444704297262 ], [ -114.680751451639821, 35.886731623432709 ], [ -114.678975246159652, 35.885512895088169 ], [ -114.678016655440985, 35.884754251178528 ], [ -114.677368154613831, 35.883789285976952 ], [ -114.673835592565013, 35.879984980499714 ], [ -114.67201182568482, 35.878020738653376 ], [ -114.670507622220114, 35.876899933274188 ], [ -114.669080235402262, 35.875836299766931 ], [ -114.667896372570112, 35.875031382652459 ], [ -114.666430644328273, 35.874524602065129 ], [ -114.664232029210865, 35.874177606403997 ], [ -114.663217351195669, 35.873694266228036 ], [ -114.662766385729341, 35.873165701328816 ], [ -114.66163913902416, 35.871235812470552 ], [ -114.661639209124388, 35.870547030762744 ], [ -114.661977483405565, 35.869858656081036 ], [ -114.662348609015453, 35.869491126584684 ], [ -114.66262583051325, 35.869216588149477 ], [ -114.667473755351409, 35.867064159118868 ], [ -114.670602237469254, 35.865391734396198 ], [ -114.670651640089019, 35.865377252523864 ], [ -114.678014446215869, 35.863218793961266 ], [ -114.67995909398924, 35.863129025240426 ], [ -114.681819145716261, 35.862809542181402 ], [ -114.687455309713201, 35.86054228601666 ], [ -114.688324142881029, 35.860132120588787 ], [ -114.689202373162175, 35.859717491423879 ], [ -114.690629059640827, 35.858735235917521 ], [ -114.691033889674046, 35.858456507815632 ], [ -114.691935280758869, 35.856987965279949 ], [ -114.692470473833495, 35.856024197709878 ], [ -114.692620485009144, 35.855686241560008 ], [ -114.692949235902148, 35.854945598162644 ], [ -114.693202790829915, 35.854758589273771 ], [ -114.693850797338243, 35.854280646774079 ], [ -114.694622694635143, 35.853868551548729 ], [ -114.694752401301145, 35.853799303853556 ], [ -114.696020417725677, 35.853524983551978 ], [ -114.699373759600704, 35.853344348418268 ], [ -114.701261700996454, 35.852955701632631 ], [ -114.702924042435527, 35.85231428786831 ], [ -114.703137210360865, 35.8521486321022 ], [ -114.703947020657722, 35.85151930514477 ], [ -114.703957490651206, 35.851511168078403 ], [ -114.704163489810171, 35.851351067764767 ], [ -114.704571511182252, 35.850872072724734 ], [ -114.705121091754464, 35.850226884291828 ], [ -114.70576855428564, 35.848758018511873 ], [ -114.705739580744151, 35.847104925345121 ], [ -114.705400783696277, 35.845589341105686 ], [ -114.704554702401822, 35.843912614399756 ], [ -114.703286180068744, 35.84257993993895 ], [ -114.702327408717892, 35.840604622377398 ], [ -114.701481602112153, 35.839318185047475 ], [ -114.699117312454703, 35.836868454319792 ], [ -114.695760108117625, 35.833389596784244 ], [ -114.695252588722212, 35.832287129057228 ], [ -114.695280403855719, 35.831093278270281 ], [ -114.695533522208649, 35.829899633511523 ], [ -114.697279060086274, 35.826778737966578 ], [ -114.699137348590227, 35.824231971156621 ], [ -114.700267650190796, 35.822577223477104 ], [ -114.700657644515658, 35.822006262490341 ], [ -114.70121448140803, 35.820565564021479 ], [ -114.703274368871632, 35.815235543335248 ], [ -114.703668425298545, 35.814615968601437 ], [ -114.704231507899721, 35.814042471354618 ], [ -114.705985244972624, 35.81236584963959 ], [ -114.706343030628091, 35.81202378487729 ], [ -114.708820837966726, 35.81057937128692 ], [ -114.709127795066664, 35.810259724463251 ], [ -114.709162801176689, 35.810223270856966 ], [ -114.709327553496664, 35.810051740206767 ], [ -114.709721548822216, 35.809455090935948 ], [ -114.710087206843198, 35.808559978413719 ], [ -114.710537282471194, 35.807527164034063 ], [ -114.711297261631515, 35.806678250793972 ], [ -114.711516460710627, 35.806334494885519 ], [ -114.711528687669897, 35.806315319564703 ], [ -114.712028886726685, 35.805530872605814 ], [ -114.711915928056953, 35.804956810860617 ], [ -114.711493163817337, 35.804382464733649 ], [ -114.708619082206326, 35.801464385733006 ], [ -114.705829890303804, 35.798890685079627 ], [ -114.704251822312145, 35.796639327207039 ], [ -114.703180936001104, 35.794686904860242 ], [ -114.703062608598614, 35.794552452309496 ], [ -114.70146238048973, 35.792733874562757 ], [ -114.69988486500138, 35.791125361905202 ], [ -114.699321440161796, 35.79048201081428 ], [ -114.699095800513319, 35.789471588418806 ], [ -114.699038908369928, 35.788048097980088 ], [ -114.699684499793264, 35.782928699080692 ], [ -114.70007753674534, 35.78012800692796 ], [ -114.700162912096999, 35.77971280688228 ], [ -114.700667588250411, 35.777258598963044 ], [ -114.701173014803501, 35.774113620210954 ], [ -114.701200176607855, 35.771794749657907 ], [ -114.701030422970106, 35.769682317015146 ], [ -114.700692007072817, 35.768281527292011 ], [ -114.700269199973064, 35.766880619716055 ], [ -114.698847806567784, 35.763782833392639 ], [ -114.697423781736688, 35.760679072151945 ], [ -114.696832385924083, 35.759852021826873 ], [ -114.696269217730915, 35.759254572325219 ], [ -114.695227520648629, 35.758541886994301 ], [ -114.694720673364188, 35.757898566432743 ], [ -114.694551553567649, 35.757232582699565 ], [ -114.694308379977386, 35.756716899707314 ], [ -114.694269939000407, 35.756635379633629 ], [ -114.695029554547162, 35.755832495390585 ], [ -114.696014479480525, 35.755374208271348 ], [ -114.696548999942323, 35.754639973359218 ], [ -114.696551093346756, 35.754632281517807 ], [ -114.696773839160983, 35.75381362817209 ], [ -114.696840584399254, 35.752975014827584 ], [ -114.696857889462095, 35.752757580107975 ], [ -114.697335978106778, 35.751770743813061 ], [ -114.697581150552665, 35.751270555023844 ], [ -114.697729686531545, 35.750967515310577 ], [ -114.697729236339967, 35.749796590826264 ], [ -114.697588009615629, 35.74841888609425 ], [ -114.696940257576131, 35.747247384589009 ], [ -114.696658411305393, 35.746145069263925 ], [ -114.696403806878038, 35.742655007303497 ], [ -114.696543141836131, 35.738935672691468 ], [ -114.696577750631945, 35.738720050149759 ], [ -114.697015945398448, 35.735989885266619 ], [ -114.697017704043432, 35.735978926276218 ], [ -114.697132658549265, 35.735262673017637 ], [ -114.697277766054441, 35.73454651001871 ], [ -114.697320679050264, 35.734334714914077 ], [ -114.697713979700239, 35.732393329057395 ], [ -114.697862806085126, 35.731658676183514 ], [ -114.698006125755583, 35.731220250538357 ], [ -114.699408389407182, 35.726930344021362 ], [ -114.700186252746505, 35.725041711766565 ], [ -114.701516298837035, 35.721812168029722 ], [ -114.703258601823507, 35.717543121103041 ], [ -114.704860065130731, 35.713342834322447 ], [ -114.705008114808891, 35.712945401574473 ], [ -114.705450021894194, 35.711759093087956 ], [ -114.705561861961911, 35.710404562771259 ], [ -114.705476781910988, 35.709026924962096 ], [ -114.705194791166406, 35.707511355939225 ], [ -114.704649465197718, 35.706307783213163 ], [ -114.704237391208892, 35.705398280674117 ], [ -114.703812730510791, 35.704672273169372 ], [ -114.703055082528962, 35.703376843248918 ], [ -114.701394615924897, 35.701217242008248 ], [ -114.699481203920854, 35.699332919185252 ], [ -114.696217580152251, 35.696551936544509 ], [ -114.691266514713988, 35.693126444760189 ], [ -114.690367956789416, 35.692621383741077 ], [ -114.690359764492101, 35.692616779313646 ], [ -114.688116197378051, 35.691355592623282 ], [ -114.685697364951395, 35.690343020937874 ], [ -114.685415935847274, 35.690192933750851 ], [ -114.683756671038168, 35.689307928793411 ], [ -114.682659763068926, 35.688572138135804 ], [ -114.681900252222761, 35.687561158738681 ], [ -114.681000055867642, 35.685930111921564 ], [ -114.680634108432386, 35.684047052916895 ], [ -114.680787093313754, 35.682652886314983 ], [ -114.680830599336815, 35.682256395256566 ], [ -114.681533108911381, 35.679961126322411 ], [ -114.682319972869138, 35.677826653671346 ], [ -114.683324468900125, 35.675896592986518 ], [ -114.686057823233327, 35.670643939728478 ], [ -114.687676965928802, 35.668599410514751 ], [ -114.687856544672059, 35.668372650269433 ], [ -114.688896443604406, 35.667156778622129 ], [ -114.689570917104675, 35.666261970297555 ], [ -114.690217156215596, 35.66516051815406 ], [ -114.690469759622346, 35.663783155814784 ], [ -114.690497495535638, 35.662658157000635 ], [ -114.690379626575293, 35.662007942529812 ], [ -114.690244497616348, 35.66126249988455 ], [ -114.690018739037029, 35.660017317208307 ], [ -114.689764658355401, 35.657512555905001 ], [ -114.689695976672098, 35.656835455788439 ], [ -114.689483001005669, 35.654736068886777 ], [ -114.689271150063547, 35.653201340289648 ], [ -114.689229423135444, 35.652899046242268 ], [ -114.689381980725344, 35.652100409738864 ], [ -114.68951006441479, 35.651429877211008 ], [ -114.689003764548005, 35.650281406154598 ], [ -114.688047775995727, 35.649293226026998 ], [ -114.686135978677314, 35.647523500648212 ], [ -114.684843731572286, 35.64683346115487 ], [ -114.683465397552339, 35.646097384663769 ], [ -114.679417523625531, 35.643430009330523 ], [ -114.677618435503064, 35.641775046290725 ], [ -114.676494048181411, 35.640465166336902 ], [ -114.675004210887607, 35.638305385298203 ], [ -114.674481570066106, 35.637423094025543 ], [ -114.673289504011123, 35.635410641138272 ], [ -114.673256884444839, 35.635352767972769 ], [ -114.672393480974534, 35.633820871275319 ], [ -114.672354098236156, 35.633751003865022 ], [ -114.672137060367334, 35.633365964355754 ], [ -114.671386923249884, 35.632315997702101 ], [ -114.670282098656187, 35.63076949389481 ], [ -114.66901740979327, 35.628862436301894 ], [ -114.66809001964765, 35.627116480713845 ], [ -114.666937780130866, 35.62394672800059 ], [ -114.66668483523982, 35.62307396780453 ], [ -114.665392274619848, 35.621557163211776 ], [ -114.663650176949162, 35.620774559952508 ], [ -114.662020481094757, 35.620703798334503 ], [ -114.660643702903116, 35.620334843368404 ], [ -114.65946364270782, 35.619552813326735 ], [ -114.657609527345613, 35.617459985350081 ], [ -114.657244181350762, 35.617047550106271 ], [ -114.65522152458496, 35.614060329992739 ], [ -114.653929420658713, 35.611739816040675 ], [ -114.653536353877939, 35.609672944691738 ], [ -114.653480323754124, 35.608226411687937 ], [ -114.653605782002771, 35.607304448188344 ], [ -114.653620893869004, 35.607193388704324 ], [ -114.65416166541803, 35.606057856821494 ], [ -114.654210990438898, 35.605954279938722 ], [ -114.654492011178604, 35.605173999684794 ], [ -114.654379747886452, 35.604301384577703 ], [ -114.654263348549534, 35.603920560943564 ], [ -114.653995233149459, 35.603043349233005 ], [ -114.653986609731703, 35.603015136266237 ], [ -114.653901476776895, 35.602124737832838 ], [ -114.653845467377323, 35.60153893280313 ], [ -114.653734132076806, 35.600374446658115 ], [ -114.653902858328991, 35.598491946381955 ], [ -114.654521081422203, 35.596609993376276 ], [ -114.655588654086515, 35.594820412652474 ], [ -114.656599994802775, 35.592847065036942 ], [ -114.658728830182682, 35.588518157277029 ], [ -114.658826439237515, 35.588319663731156 ], [ -114.659240536089527, 35.587477567443564 ], [ -114.659689956108608, 35.587041876452552 ], [ -114.660560644783544, 35.586583683038505 ], [ -114.66185259289594, 35.58628671162591 ], [ -114.664211793955886, 35.585945001826566 ], [ -114.666177758695056, 35.58512064921571 ], [ -114.667638160442536, 35.584318674784157 ], [ -114.668930028890514, 35.583792020663182 ], [ -114.670193831223074, 35.583471958432185 ], [ -114.670515916159943, 35.583282903273584 ], [ -114.674995978414671, 35.580652978445208 ], [ -114.675528538662419, 35.58016360168385 ], [ -114.675669847984423, 35.580033748362105 ], [ -114.6757540141639, 35.579459842657556 ], [ -114.675416949461891, 35.578908447415394 ], [ -114.674883257923938, 35.578379816100295 ], [ -114.673900258100076, 35.577712937371714 ], [ -114.671569203007408, 35.576218058946978 ], [ -114.670293444929627, 35.5757046492892 ], [ -114.670024658380171, 35.575596475047853 ], [ -114.668395785470381, 35.574331900176027 ], [ -114.668309383412918, 35.574223308863807 ], [ -114.667609439373308, 35.573343748553562 ], [ -114.666233381437209, 35.571643181429735 ], [ -114.664436107790777, 35.568426762728478 ], [ -114.663902584526667, 35.566290875602114 ], [ -114.663473862953168, 35.565574668504667 ], [ -114.663228675658317, 35.565165061769633 ], [ -114.662807510946266, 35.564269138837162 ], [ -114.662835570333911, 35.563373727960418 ], [ -114.663116349945838, 35.562593406822792 ], [ -114.6635374756342, 35.560963718717055 ], [ -114.663458032660714, 35.559946105744764 ], [ -114.663453223289039, 35.559884500932633 ], [ -114.663423608478553, 35.559816982356956 ], [ -114.663060143673448, 35.55898861049284 ], [ -114.662857369820415, 35.558505979359992 ], [ -114.662442480633899, 35.5575184685704 ], [ -114.661965192958249, 35.555887753668109 ], [ -114.66199325806997, 35.554602015064653 ], [ -114.661965205166155, 35.552604457562786 ], [ -114.661891809352284, 35.552251686453175 ], [ -114.661740635921831, 35.55152507646519 ], [ -114.661403733626685, 35.550238917984196 ], [ -114.661123010165213, 35.549021709299929 ], [ -114.661128852203291, 35.548764196090538 ], [ -114.661151137133572, 35.547781897871118 ], [ -114.661572221236298, 35.545693010092734 ], [ -114.661513116208894, 35.544835224011436 ], [ -114.661459954619943, 35.544062720293169 ], [ -114.661095028565171, 35.542937248093821 ], [ -114.6607582236811, 35.541697015021668 ], [ -114.660447682742657, 35.540765327156521 ], [ -114.660337157790607, 35.540433724617259 ], [ -114.65955124006247, 35.539238883952464 ], [ -114.658709179702868, 35.538158764613421 ], [ -114.657811040306825, 35.536963793102672 ], [ -114.657137453233901, 35.535860902600014 ], [ -114.65684790320762, 35.535149810210712 ], [ -114.656772661377161, 35.534965023894308 ], [ -114.656828840988979, 35.533771162577843 ], [ -114.657165765174952, 35.532302119054968 ], [ -114.65775524830471, 35.530741516887531 ], [ -114.658108105164771, 35.530236811646802 ], [ -114.658877937964405, 35.529135628594254 ], [ -114.659888374784046, 35.527919915710235 ], [ -114.661684546387448, 35.526682125007078 ], [ -114.662666797731234, 35.524869388463898 ], [ -114.663452561791814, 35.523194183735178 ], [ -114.663985773348458, 35.522161583767357 ], [ -114.664603129452701, 35.521519382260031 ], [ -114.665416930305128, 35.521152931037747 ], [ -114.666567522034441, 35.520993484041519 ], [ -114.667549737399611, 35.521109367415981 ], [ -114.668555024550557, 35.521221610402471 ], [ -114.668588104091668, 35.521225291824997 ], [ -114.669542222877638, 35.520790078465268 ], [ -114.670440155351272, 35.520102241497106 ], [ -114.671478405731392, 35.519345659382324 ], [ -114.672769144899178, 35.51842861309553 ], [ -114.674087868805017, 35.517304931915348 ], [ -114.675468051775169, 35.515859866880128 ], [ -114.675687133858816, 35.515630483718226 ], [ -114.676304249391521, 35.514460137681318 ], [ -114.677145800408283, 35.512945613792773 ], [ -114.677482100462925, 35.510948408975295 ], [ -114.677593932030874, 35.508973934735238 ], [ -114.677846135420211, 35.507275127110582 ], [ -114.678070246005205, 35.505645165852833 ], [ -114.67843472332946, 35.504290871357526 ], [ -114.678686951524313, 35.502867586017928 ], [ -114.678894344342012, 35.501276909693566 ], [ -114.678857261677337, 35.500567846889808 ], [ -114.678589347745898, 35.499846077361845 ], [ -114.678646070300033, 35.499362275552443 ], [ -114.67872876773707, 35.498656906378756 ], [ -114.678644034416706, 35.497628050589391 ], [ -114.678166739665357, 35.496279527547998 ], [ -114.677745636401085, 35.495182451919995 ], [ -114.677591763612327, 35.495015342399292 ], [ -114.676820207424996, 35.494177402985393 ], [ -114.676259044791635, 35.493103377894705 ], [ -114.676398856575076, 35.492531589322709 ], [ -114.676706705131949, 35.491845258619414 ], [ -114.676957975801855, 35.490335844218968 ], [ -114.676817546650867, 35.489787225162239 ], [ -114.676508990346463, 35.489284545695796 ], [ -114.675611664805146, 35.488302309204883 ], [ -114.673977044703776, 35.486232968668709 ], [ -114.673536416813704, 35.485675084274064 ], [ -114.672470273049214, 35.483343984647433 ], [ -114.671909194490851, 35.482086984261464 ], [ -114.671796364432353, 35.480806638852833 ], [ -114.672075973746075, 35.479708776330575 ], [ -114.673083757744266, 35.47796987519736 ], [ -114.67347539423946, 35.476849030213359 ], [ -114.67358688871407, 35.475842804791348 ], [ -114.673166040349471, 35.474814315301451 ], [ -114.672352870925792, 35.473740550096387 ], [ -114.669448111058941, 35.4715776816128 ], [ -114.668957192811575, 35.471212123488478 ], [ -114.668765167408083, 35.471069148855044 ], [ -114.66739175135119, 35.469904493411441 ], [ -114.665990012609129, 35.467985221650686 ], [ -114.665653279178997, 35.466910912475456 ], [ -114.665512715892021, 35.46583635419038 ], [ -114.665596292211433, 35.464830207593849 ], [ -114.66579196069496, 35.46391535650546 ], [ -114.666267808694869, 35.463068813282469 ], [ -114.666771577020398, 35.462085076417772 ], [ -114.667051329918749, 35.461284486391619 ], [ -114.667218920545835, 35.460369660735999 ], [ -114.666938394028818, 35.459478206754682 ], [ -114.666153408108116, 35.458198562426922 ], [ -114.665144506358118, 35.457330720946082 ], [ -114.665063071923086, 35.457199967559085 ], [ -114.664219438634447, 35.455845402021389 ], [ -114.663882723807049, 35.454656733689802 ], [ -114.663994218591569, 35.45346760283239 ], [ -114.664217532924582, 35.45170672106061 ], [ -114.663936395672607, 35.449466185041523 ], [ -114.663543504143362, 35.447797395939382 ], [ -114.662898671745111, 35.446448982621703 ], [ -114.661749564855683, 35.444735212578202 ], [ -114.660180637738577, 35.443570677650328 ], [ -114.659089433089264, 35.442657119910621 ], [ -114.658107413072244, 35.44183494565771 ], [ -114.655531882809896, 35.438610492128767 ], [ -114.655333456637521, 35.438362059038823 ], [ -114.654296759525877, 35.436853920299278 ], [ -114.654016366024976, 35.435870980276746 ], [ -114.653875894296249, 35.434636347133754 ], [ -114.653819315262339, 35.432852896497302 ], [ -114.653398915775142, 35.431938647093752 ], [ -114.653297071967529, 35.431761674402047 ], [ -114.652754501553673, 35.430818843825122 ], [ -114.652082202790695, 35.430133490242554 ], [ -114.650737672999199, 35.428877170643915 ], [ -114.649792922573027, 35.428119442499955 ], [ -114.638082324818342, 35.418725290365998 ], [ -114.631974931115494, 35.413824679578063 ], [ -114.631645910867746, 35.413522000517233 ], [ -114.630434998864118, 35.412408189109712 ], [ -114.629063117799348, 35.411174464811339 ], [ -114.627364118722326, 35.410213367952267 ], [ -114.627327324049048, 35.410192553317351 ], [ -114.626767439370482, 35.409644186044545 ], [ -114.626235489012686, 35.408798531575243 ], [ -114.625703602516012, 35.407975770233776 ], [ -114.624471845212042, 35.405255656680509 ], [ -114.623632051493487, 35.403335547173249 ], [ -114.621784668129735, 35.399449679023888 ], [ -114.621633799676019, 35.39901452763975 ], [ -114.620889082601579, 35.396866457141044 ], [ -114.620584999647491, 35.395683508721561 ], [ -114.619713785782267, 35.392294105693409 ], [ -114.618986313210925, 35.38939067913774 ], [ -114.618721909244201, 35.38742903323481 ], [ -114.618622673385502, 35.386692770015941 ], [ -114.618315009045119, 35.384497852389948 ], [ -114.61831289208736, 35.38442763689185 ], [ -114.618259174611396, 35.382645780112568 ], [ -114.618035422391259, 35.381273998192576 ], [ -114.617699670221299, 35.380130909668864 ], [ -114.617056142776121, 35.379079523305627 ], [ -114.614140502943485, 35.374843563992336 ], [ -114.613139032726366, 35.373388470235625 ], [ -114.611208746111018, 35.370119878551954 ], [ -114.61093452039411, 35.369524642802439 ], [ -114.60950258136576, 35.36641665021007 ], [ -114.607488812859302, 35.36241635570704 ], [ -114.606174448260234, 35.359650355499788 ], [ -114.604925671449848, 35.356131456660627 ], [ -114.604608707555371, 35.355238180091575 ], [ -114.599932343271021, 35.341575202361142 ], [ -114.599773066507524, 35.341109760335478 ], [ -114.597509932247135, 35.333130744296547 ], [ -114.596532125935823, 35.32986143464116 ], [ -114.595779678669217, 35.327310247845787 ], [ -114.595554410654898, 35.326546366901042 ], [ -114.595163694899938, 35.32423711414058 ], [ -114.595164528897243, 35.321881939173899 ], [ -114.596027883940067, 35.312829073948372 ], [ -114.596455466458139, 35.308344699436581 ], [ -114.596875760719456, 35.305760640616803 ], [ -114.597212074652234, 35.303222350301688 ], [ -114.597269191705479, 35.299563775998827 ], [ -114.597117154483911, 35.29826350107254 ], [ -114.596683723533303, 35.294556437022315 ], [ -114.596265220072439, 35.291927048305112 ], [ -114.59570683246254, 35.289937994620665 ], [ -114.595120392289374, 35.288200469440845 ], [ -114.593779428184362, 35.285914547316132 ], [ -114.593248863368558, 35.284359923040732 ], [ -114.593222567490429, 35.284244992159714 ], [ -114.59306327250809, 35.283548976370142 ], [ -114.592662819566868, 35.281799205095247 ], [ -114.592389319991341, 35.280667688964535 ], [ -114.59152466953239, 35.277090286179437 ], [ -114.590988458959941, 35.274871614475629 ], [ -114.5905143247643, 35.272333707622366 ], [ -114.589844346698385, 35.270390405083873 ], [ -114.589695971736973, 35.270056284947835 ], [ -114.588727519423799, 35.26787563774338 ], [ -114.587498882210241, 35.265475263248682 ], [ -114.587164099377517, 35.26410344014063 ], [ -114.586605987600294, 35.2623887359428 ], [ -114.586271637374921, 35.260102290326842 ], [ -114.585769715030565, 35.257747290142056 ], [ -114.585714815673356, 35.255620784142792 ], [ -114.585714882532528, 35.255473697621689 ], [ -114.585715925307241, 35.253151233182848 ], [ -114.585884067633145, 35.251962146544415 ], [ -114.585968580136267, 35.25043007583205 ], [ -114.586053083720756, 35.248898007354796 ], [ -114.585523129112744, 35.246908896037219 ], [ -114.585217038230098, 35.244027922433062 ], [ -114.58499413179517, 35.242724650968697 ], [ -114.584519636207915, 35.241718732377379 ], [ -114.584031341937461, 35.240850048007275 ], [ -114.583710130825324, 35.240278517836572 ], [ -114.583040065120514, 35.239364153780485 ], [ -114.582844821997355, 35.23870111307555 ], [ -114.582427781760387, 35.234539683810624 ], [ -114.582484276353469, 35.233167689393902 ], [ -114.582931759824021, 35.23209280428074 ], [ -114.583435078432686, 35.230995019545219 ], [ -114.58351918450856, 35.230354737524387 ], [ -114.583435662825181, 35.229737400808517 ], [ -114.582430070518313, 35.226385894898002 ], [ -114.581734436789546, 35.224067309101876 ], [ -114.580953436521, 35.221872462715424 ], [ -114.580311951331197, 35.220089181817102 ], [ -114.580312933582391, 35.218122688372958 ], [ -114.579923232834503, 35.215516098608632 ], [ -114.579902249022325, 35.2117988744399 ], [ -114.57990224783363, 35.211798703164312 ], [ -114.579897552562684, 35.2109657692017 ], [ -114.579730570358421, 35.209891128855269 ], [ -114.579624725889417, 35.209357443875817 ], [ -114.579535581051445, 35.208907956237134 ], [ -114.578586486244177, 35.208108009248946 ], [ -114.577776775416879, 35.207765313748212 ], [ -114.576492428592417, 35.207331328977233 ], [ -114.57523711405257, 35.206827085632113 ], [ -114.574956844677089, 35.206714502488502 ], [ -114.574510390784496, 35.206142992704308 ], [ -114.574231507650467, 35.205479964886926 ], [ -114.574315615864691, 35.204908292559544 ], [ -114.574036987672656, 35.203810807285642 ], [ -114.572418816489531, 35.201318963409697 ], [ -114.572096426123039, 35.200834598801599 ], [ -114.572084054800868, 35.20081601232517 ], [ -114.571954964834674, 35.200471969197039 ], [ -114.571905385555809, 35.20033983101797 ], [ -114.571904362873525, 35.200337106562095 ], [ -114.571903340191312, 35.200334382106192 ], [ -114.571860984815117, 35.200221565330281 ], [ -114.571831951860375, 35.199874127250709 ], [ -114.571822260831198, 35.199758186742237 ], [ -114.571805565140636, 35.199558459438492 ], [ -114.571808125105463, 35.199529999294548 ], [ -114.571839487240311, 35.199181363662944 ], [ -114.571889900429923, 35.198620935564392 ], [ -114.571778846385797, 35.197569119434228 ], [ -114.571756903337857, 35.197257180744934 ], [ -114.571556965204323, 35.195008197201446 ], [ -114.571418245665967, 35.193567660022353 ], [ -114.571391637925359, 35.192152992592895 ], [ -114.571391151627381, 35.192127109320261 ], [ -114.571140559896449, 35.191029607608428 ], [ -114.570889908348136, 35.189954981399012 ], [ -114.570202258988743, 35.188137469099637 ], [ -114.570137336084983, 35.187965867278663 ], [ -114.569719135489194, 35.186959895687124 ], [ -114.569273095787068, 35.185953930245297 ], [ -114.569245896587134, 35.184742022681775 ], [ -114.568995655264743, 35.183164328491976 ], [ -114.569006015918376, 35.182769522884961 ], [ -114.569081460230791, 35.17989444985875 ], [ -114.56910112163672, 35.1791618781469 ], [ -114.569197739408636, 35.17556169391947 ], [ -114.569199835532032, 35.175483567055856 ], [ -114.569262878509733, 35.173134224672467 ], [ -114.569280016881535, 35.172494882056064 ], [ -114.56928747619969, 35.172217483555315 ], [ -114.56929461211142, 35.171951543677629 ], [ -114.569294877585506, 35.171941651195461 ], [ -114.569391662206172, 35.168334306739354 ], [ -114.569481497783556, 35.164985555368439 ], [ -114.569458561648275, 35.164701568050297 ], [ -114.569287601958621, 35.162584672049704 ], [ -114.56965969293519, 35.161074195576909 ], [ -114.570126947214931, 35.159177332512748 ], [ -114.5705966923326, 35.157454038890812 ], [ -114.571576994768847, 35.153857482630514 ], [ -114.572308524522967, 35.151173408885803 ], [ -114.572570869541664, 35.150205427268929 ], [ -114.573455080252089, 35.146942759295612 ], [ -114.573512435045402, 35.146677085782684 ], [ -114.573790782723691, 35.145387735150017 ], [ -114.573903065846963, 35.144175770311413 ], [ -114.573792007551901, 35.143100983892175 ], [ -114.57340191505746, 35.142186578824237 ], [ -114.572900425319901, 35.140837639644559 ], [ -114.57253838838848, 35.139580120893648 ], [ -114.572602329295904, 35.139390979677131 ], [ -114.572901743507984, 35.138505278271204 ], [ -114.573460605372318, 35.137064498304021 ], [ -114.573652293466012, 35.136627013292227 ], [ -114.574382486035148, 35.134960464907422 ], [ -114.575120945143269, 35.133897333125553 ], [ -114.57714675021063, 35.130980690477742 ], [ -114.577208966713116, 35.130859674188123 ], [ -114.578263789725824, 35.128807942390793 ], [ -114.579882565902764, 35.127503915240808 ], [ -114.580785241814269, 35.127108171390518 ], [ -114.581500966866741, 35.126794381984809 ], [ -114.583063627594925, 35.126084851008436 ], [ -114.584877332702078, 35.125192257655044 ], [ -114.586551471200337, 35.124596965829276 ], [ -114.587724425393674, 35.124182365605314 ], [ -114.587724760679691, 35.124182221428171 ], [ -114.588365013388952, 35.123955853520712 ], [ -114.589787949087224, 35.123520700095867 ], [ -114.597794931768377, 35.121732919425483 ], [ -114.598771365461204, 35.121503712099042 ], [ -114.598836110714927, 35.121494198733181 ], [ -114.599552492762015, 35.121388933442724 ], [ -114.600277772006564, 35.121411381619531 ], [ -114.600589047989004, 35.121484105028173 ], [ -114.601058833279993, 35.121593858222511 ], [ -114.602007320050816, 35.121639042007452 ], [ -114.607708980676748, 35.121837275369444 ], [ -114.609762559569944, 35.121908607199046 ], [ -114.615062957804668, 35.12208794845931 ], [ -114.615338792912652, 35.122087754739518 ], [ -114.616493497829239, 35.122086939636617 ], [ -114.617964234913103, 35.122085885095629 ], [ -114.620837631111939, 35.122015167598022 ], [ -114.624464143077006, 35.121189210780656 ], [ -114.625528507027482, 35.120872103882718 ], [ -114.625552067213562, 35.120865084049896 ], [ -114.626695804676089, 35.120524315849167 ], [ -114.627164616904025, 35.120306172938875 ], [ -114.628307549020974, 35.119774343069281 ], [ -114.629652668115099, 35.119195668361037 ], [ -114.631716782636602, 35.118142089847552 ], [ -114.633083502485547, 35.117249134226995 ], [ -114.634143351662317, 35.116333562349446 ], [ -114.634170731859442, 35.116316702896221 ], [ -114.635064574207846, 35.115265168495078 ], [ -114.635989682907564, 35.114803824350723 ], [ -114.637010066026988, 35.114056024600373 ], [ -114.637439399713131, 35.113515221889116 ], [ -114.637120956882598, 35.112724444569345 ], [ -114.63790808732935, 35.111734052187387 ], [ -114.639665098150076, 35.110703469164307 ], [ -114.641143080384225, 35.109490183550733 ], [ -114.641368321802219, 35.109255274456025 ], [ -114.641386776691533, 35.109236022844442 ], [ -114.641602671054059, 35.109051372361272 ], [ -114.641613739270298, 35.108987340328191 ], [ -114.641647831878274, 35.10896372102448 ], [ -114.645158281258674, 35.105301806529461 ], [ -114.646524384855837, 35.103676963054667 ], [ -114.646970266570349, 35.10271611907811 ], [ -114.646830476577804, 35.101687244084452 ], [ -114.646244456206219, 35.100727405549023 ], [ -114.645519035331674, 35.099950629712737 ], [ -114.644927795175022, 35.099401065998691 ], [ -114.644486849252985, 35.098991196790891 ], [ -114.643370911263503, 35.097871778160901 ], [ -114.642729352581938, 35.097371492108067 ], [ -114.641613532915898, 35.096501405005391 ], [ -114.639744681562632, 35.095176838575362 ], [ -114.638446738326365, 35.094488326770765 ], [ -114.638238517848748, 35.094377861708111 ], [ -114.634752328713233, 35.09316899536379 ], [ -114.632995297749616, 35.092347296218563 ], [ -114.629091037572081, 35.091435894721542 ], [ -114.626107076597009, 35.090455043126411 ], [ -114.624970343273333, 35.089985382926514 ], [ -114.623234710259553, 35.089268225801952 ], [ -114.619916287518166, 35.087738665240813 ], [ -114.616876845933049, 35.085957299047216 ], [ -114.613447155998912, 35.083307179835053 ], [ -114.611160859580679, 35.081708069238573 ], [ -114.609148015596489, 35.080017276675918 ], [ -114.608930415795072, 35.079834488904254 ], [ -114.606923116710675, 35.077937849524332 ], [ -114.605924442587394, 35.076834373466738 ], [ -114.605640775456465, 35.076520932039948 ], [ -114.604581616666721, 35.074417856063157 ], [ -114.603606126488046, 35.072497651353899 ], [ -114.602881705251193, 35.069776953675365 ], [ -114.60268697155982, 35.067444668945456 ], [ -114.602826605384053, 35.065935367555717 ], [ -114.603069435893417, 35.065369402808017 ], [ -114.603356518550569, 35.064700239468834 ], [ -114.603997950907683, 35.063236377613066 ], [ -114.605893972965362, 35.060079568909877 ], [ -114.607120706134182, 35.058546696285887 ], [ -114.608542508542811, 35.057082299070345 ], [ -114.610218448559749, 35.055895590407303 ], [ -114.611580968341229, 35.054930766672321 ], [ -114.614647160209316, 35.053510886395109 ], [ -114.618159166237561, 35.051358854056041 ], [ -114.6213086534529, 35.049275593975032 ], [ -114.624151436781702, 35.047032421435787 ], [ -114.626492411786884, 35.045292661625872 ], [ -114.628582431437593, 35.043164318842685 ], [ -114.63064441145319, 35.040898763391411 ], [ -114.632761905258377, 35.03796997735104 ], [ -114.634294149410749, 35.035567612938678 ], [ -114.63565906114971, 35.033051030845613 ], [ -114.636243815367806, 35.031221148224532 ], [ -114.637246232213897, 35.028316128395666 ], [ -114.637914310876212, 35.025708680269545 ], [ -114.63852645868819, 35.022598194939434 ], [ -114.638560530237186, 35.021937861044272 ], [ -114.638637367842833, 35.020448588274064 ], [ -114.638552954371434, 35.017453073204337 ], [ -114.638134167313993, 35.014366394268976 ], [ -114.63800038676321, 35.013874533522802 ], [ -114.637213929034488, 35.010982895391891 ], [ -114.63671598378798, 35.008919170340782 ], [ -114.636711946282176, 35.008902437109562 ], [ -114.635569027474631, 35.005930734420083 ], [ -114.633478818032032, 35.001839364096291 ], [ -114.63447611332127, 35.002645571192396 ], [ -114.643958946713056, 35.010331212058482 ], [ -114.653715627800992, 35.018236542828383 ], [ -114.658034011493484, 35.021767906691451 ], [ -114.658311764020539, 35.021995023424068 ], [ -114.675511455743205, 35.036055469369764 ], [ -114.675802385909989, 35.036293240347447 ], [ -114.678271249180227, 35.038310906111775 ], [ -114.68332112409631, 35.042392343614154 ], [ -114.683370463666378, 35.042432218306423 ], [ -114.683501489616333, 35.042538108275906 ], [ -114.683736061907439, 35.042727679279615 ], [ -114.68397920847292, 35.042924179570576 ], [ -114.684716974293877, 35.043520398059776 ], [ -114.686949143857589, 35.045324224594495 ], [ -114.693499071244403, 35.050616560577254 ], [ -114.695758615238972, 35.05248857424813 ], [ -114.700140330408601, 35.056022828350436 ], [ -114.702380577852367, 35.057829615546616 ], [ -114.704522445884436, 35.05955694618001 ], [ -114.704983895053118, 35.05992907158101 ], [ -114.706867304412768, 35.061447854090297 ], [ -114.709571692205913, 35.063628524814135 ], [ -114.711354446385783, 35.065065946082619 ], [ -114.714116901127099, 35.06723415551604 ], [ -114.71842454218195, 35.070750962907191 ], [ -114.72054787155642, 35.072484307483904 ], [ -114.722767681679343, 35.074296294872831 ], [ -114.725154345791367, 35.076244348356255 ], [ -114.727146308167605, 35.077870130393528 ], [ -114.729802338458867, 35.080037754901753 ], [ -114.731560843878881, 35.081384005674444 ], [ -114.734383277888185, 35.083698503266262 ], [ -114.736061415722475, 35.08507454475621 ], [ -114.738863170412159, 35.087371776157518 ], [ -114.740520659068011, 35.088730704420982 ], [ -114.743359009331357, 35.091057630271841 ], [ -114.744939351313633, 35.092353135468088 ], [ -114.747871101316377, 35.094756310221506 ], [ -114.749318250769548, 35.095942461370448 ], [ -114.752329539379573, 35.098419659506177 ], [ -114.753657601560974, 35.099512103065891 ], [ -114.756785232538903, 35.10208467143665 ], [ -114.757997307863022, 35.103081573522623 ], [ -114.761243661315035, 35.105751444328966 ], [ -114.762336452364863, 35.10665012003124 ], [ -114.765601557117378, 35.10933506168147 ], [ -114.766312179727834, 35.109909611296921 ], [ -114.770224393344108, 35.113072477613926 ], [ -114.7707261912674, 35.113478133970027 ], [ -114.774696813406095, 35.116687797725113 ], [ -114.775140586549711, 35.117046499886357 ], [ -114.779169629657872, 35.120302956860584 ], [ -114.779626423347665, 35.120672133320014 ], [ -114.783733808266035, 35.12388792349352 ], [ -114.783803450102212, 35.123944417494386 ], [ -114.784011993000306, 35.12411359024869 ], [ -114.788203766423933, 35.127513774818901 ], [ -114.788455028543325, 35.127717575430083 ], [ -114.792604454673452, 35.1310829671392 ], [ -114.792898474017605, 35.131321414378796 ], [ -114.797005517126763, 35.13465199260461 ], [ -114.797342328373759, 35.13492510972452 ], [ -114.801313511304627, 35.138027764376858 ], [ -114.801553771215339, 35.138220998623794 ], [ -114.80178725432998, 35.138408781026996 ], [ -114.806012655017497, 35.141806902249108 ], [ -114.806232185516663, 35.141983440459079 ], [ -114.810471929907379, 35.145392644703243 ], [ -114.810677506444719, 35.145557939732285 ], [ -114.814931595944714, 35.148978226822173 ], [ -114.815123214995381, 35.149132277866464 ], [ -114.819150825034825, 35.152301686856362 ], [ -114.819362783128113, 35.152471371237795 ], [ -114.819598069701286, 35.152659730222751 ], [ -114.823743838909991, 35.155978416638114 ], [ -114.824073041628836, 35.156241926216012 ], [ -114.828125271811089, 35.159485307207966 ], [ -114.828548405889961, 35.159823958817526 ], [ -114.832507080814324, 35.162992041075945 ], [ -114.833024221394936, 35.163405875200077 ], [ -114.837129123720956, 35.166689284410147 ], [ -114.83756717448918, 35.167039647390027 ], [ -114.841937494607222, 35.170534871717436 ], [ -114.843491602209298, 35.171777682173762 ], [ -114.844610916397897, 35.172672754514345 ], [ -114.845750741178648, 35.173584198627417 ], [ -114.846857558998465, 35.174469219711007 ], [ -114.847972150871826, 35.17536042651448 ], [ -114.848744954968396, 35.175978329071107 ], [ -114.84909802615411, 35.176260625499516 ], [ -114.849471371501053, 35.176559129666138 ], [ -114.850203985602647, 35.177144872584087 ], [ -114.850414261533032, 35.177312990783768 ], [ -114.851308316433446, 35.17802778726891 ], [ -114.851780454274703, 35.178405253940319 ], [ -114.856261469718447, 35.181987488529558 ], [ -114.860231244538269, 35.185122701623307 ], [ -114.860536659361898, 35.185363893459702 ], [ -114.865513871195219, 35.189294193887726 ], [ -114.869084143107372, 35.192117552956461 ], [ -114.873959661282385, 35.196064876073187 ], [ -114.877584895581521, 35.199009414979813 ], [ -114.878499970231005, 35.199752620299144 ], [ -114.881930159671327, 35.20253836641411 ], [ -114.883003005480958, 35.203409594572811 ], [ -114.886894652724621, 35.206569655725893 ], [ -114.891938823518743, 35.210580605270295 ], [ -114.895739977167011, 35.213602753595779 ], [ -114.896553811435467, 35.214249756234061 ], [ -114.900161605909915, 35.217117785784815 ], [ -114.901284531722396, 35.218010398253895 ], [ -114.904537848372101, 35.220596283928025 ], [ -114.910793105999545, 35.225567548599841 ], [ -114.913492060024566, 35.227712212781611 ], [ -114.915285715664609, 35.229137406092704 ], [ -114.917954234751321, 35.231257603285549 ], [ -114.919868123128239, 35.23277812622856 ], [ -114.922357800001819, 35.234755964421424 ], [ -114.928998710925654, 35.240030892716 ], [ -114.931018917327776, 35.241635351437225 ], [ -114.933396036805831, 35.243523149512001 ], [ -114.935463544750931, 35.245164959012754 ], [ -114.937849125543835, 35.247059225864149 ], [ -114.9399249004734, 35.248707381676638 ], [ -114.946781128455569, 35.254150528777593 ], [ -114.948828116854727, 35.255775419759779 ], [ -114.95133846099435, 35.257767984036221 ], [ -114.95329400448081, 35.259320077368876 ], [ -114.955917061380617, 35.26140182673538 ], [ -114.95772587786125, 35.262837272066378 ], [ -114.960517333992428, 35.265052372010764 ], [ -114.961894374885631, 35.266145025737252 ], [ -114.96498900745874, 35.268600387644675 ], [ -114.966327695754202, 35.269662468345977 ], [ -114.969762304315168, 35.272387204164595 ], [ -114.970761399057281, 35.273179750096709 ], [ -114.974431922101061, 35.276091246818204 ], [ -114.976631175214678, 35.277835563311022 ], [ -114.981070090862289, 35.281355900806638 ], [ -114.984370280600288, 35.283972854403025 ], [ -114.985608309875929, 35.284999265935269 ], [ -114.988786034902873, 35.287633640251208 ], [ -114.990141498757737, 35.288757260317965 ], [ -114.993264878326741, 35.291346229668612 ], [ -114.994668370036607, 35.292509505278801 ], [ -114.998015255432065, 35.295134682374524 ], [ -114.999148532608601, 35.296023525275743 ], [ -115.002869274613431, 35.298941570451028 ], [ -115.003555384652572, 35.299479628475041 ], [ -115.007570644834217, 35.302628236983608 ], [ -115.007964021814473, 35.302936687537354 ], [ -115.012272443568733, 35.306314723472909 ], [ -115.012374457339376, 35.306394701136391 ], [ -115.016799375163274, 35.309863612514896 ], [ -115.016974673103348, 35.310001028051879 ], [ -115.021224673557967, 35.313332363536198 ], [ -115.021677332400444, 35.313687152443393 ], [ -115.025650352591754, 35.316800953236694 ], [ -115.026409720383924, 35.317396056284622 ], [ -115.030076412314301, 35.320269383356923 ], [ -115.031142544764521, 35.321104775725722 ], [ -115.034502852799946, 35.323737652031802 ], [ -115.035875803400216, 35.324813313384645 ], [ -115.038929674104651, 35.327205760100512 ], [ -115.04060949748505, 35.328521666486218 ], [ -115.043356876284449, 35.330673708402131 ], [ -115.044376167678635, 35.331472081650389 ], [ -115.045226307718835, 35.332137946289748 ], [ -115.04778445831947, 35.334141494165387 ], [ -115.049843531118469, 35.335754052180221 ], [ -115.052210114269371, 35.337607313381525 ], [ -115.054461168866183, 35.339369982289128 ], [ -115.056634391973432, 35.341071594096519 ], [ -115.059079221020525, 35.342985738348624 ], [ -115.061057289939725, 35.344534336434968 ], [ -115.063705620861711, 35.346607528175866 ], [ -115.065498598213793, 35.348011031375108 ], [ -115.068332435575627, 35.350229143205596 ], [ -115.069990076788244, 35.351526530315013 ], [ -115.072959667444806, 35.353850581573418 ], [ -115.074552328684788, 35.355096940583195 ], [ -115.077587314328213, 35.357471845001818 ], [ -115.07891278554186, 35.358508970215162 ], [ -115.08208294070748, 35.360989316690848 ], [ -115.08321883597327, 35.361877990098755 ], [ -115.086578960953915, 35.364506624137881 ], [ -115.087649844897825, 35.365344324662026 ], [ -115.09107537623332, 35.36802376728221 ], [ -115.095572185515991, 35.371540745152608 ], [ -115.096532178594146, 35.372278725936681 ], [ -115.100004288283401, 35.374947683824935 ], [ -115.100957636981548, 35.375680459327214 ], [ -115.103485674042929, 35.377713636237395 ], [ -115.105369819172921, 35.379228860045409 ], [ -115.108017814751818, 35.381358226340161 ], [ -115.109772950231374, 35.382769510692647 ], [ -115.112566698948854, 35.385015778831175 ], [ -115.114167417779754, 35.386302724733035 ], [ -115.11708950841124, 35.388651867562544 ], [ -115.118564297211194, 35.389837409266981 ], [ -115.121619386831512, 35.392293141600327 ], [ -115.122949263543305, 35.39336204799605 ], [ -115.124157474567426, 35.394333126886728 ], [ -115.126134101394072, 35.395920805427131 ], [ -115.127353923665453, 35.39690055240343 ], [ -115.130277995278576, 35.399248984072294 ], [ -115.131795820155062, 35.400467924032881 ], [ -115.134769671888023, 35.402856012576038 ], [ -115.136148085158823, 35.403962845843559 ], [ -115.139362297076772, 35.406543602324483 ], [ -115.140559647166654, 35.407504915346856 ], [ -115.143895651209988, 35.410183099492819 ], [ -115.144984847735785, 35.411057460491335 ], [ -115.147658260617433, 35.413203443007113 ], [ -115.149414580472566, 35.414613169069668 ], [ -115.152170966295301, 35.416825454962911 ], [ -115.153950662745473, 35.418253748288542 ], [ -115.156767410453483, 35.420514169482068 ], [ -115.158395531037087, 35.421820637623561 ], [ -115.160720563793788, 35.423686223424852 ], [ -115.161315868183181, 35.424163592617582 ], [ -115.162812641397338, 35.425363799653482 ], [ -115.166181988488844, 35.428065358948942 ], [ -115.167050871354022, 35.428761987617875 ], [ -115.16719451653573, 35.428877154201864 ], [ -115.170736003026235, 35.431716351309468 ], [ -115.171693077770072, 35.432483582625174 ], [ -115.173381978752133, 35.433837422033399 ], [ -115.175270386628597, 35.435351105721629 ], [ -115.175284348814245, 35.435362296981978 ], [ -115.176112484055366, 35.436026075325593 ], [ -115.179713886193056, 35.438912524682401 ], [ -115.179834029029806, 35.439008811407334 ], [ -115.180521688936196, 35.439559918981494 ], [ -115.184893982204343, 35.443063712838139 ], [ -115.186046593863495, 35.443987297181415 ], [ -115.187901171944205, 35.44546984028058 ], [ -115.189616320941241, 35.446840850727881 ], [ -115.193997984185032, 35.450343025924347 ], [ -115.194240305080953, 35.450536694982489 ], [ -115.198446618346651, 35.453898256441612 ], [ -115.200583878916063, 35.455606127203829 ], [ -115.203588564651255, 35.45800696561809 ], [ -115.204428957546583, 35.458678426801221 ], [ -115.206926434128434, 35.460673772592429 ], [ -115.207963421776839, 35.461503188823329 ], [ -115.208917030307845, 35.462265892401099 ], [ -115.209365558688589, 35.462624621388123 ], [ -115.212513298945595, 35.465142019108725 ], [ -115.213465172703351, 35.465903230872236 ], [ -115.215705618601646, 35.467694824871351 ], [ -115.21700761643379, 35.468735923183949 ], [ -115.217958118552076, 35.469495934149151 ], [ -115.222046479849098, 35.472764694969534 ], [ -115.222596587902061, 35.473204490999287 ], [ -115.225844848411427, 35.475801235840962 ], [ -115.226391799380352, 35.476238457761418 ], [ -115.226808993841516, 35.476571949200675 ], [ -115.226922062981899, 35.476662332242007 ], [ -115.227160415161492, 35.476852861071151 ], [ -115.227544908653215, 35.477160206552504 ], [ -115.228388142618229, 35.477834233298843 ], [ -115.231271283930482, 35.480138699861307 ], [ -115.231703566580876, 35.48048420151931 ], [ -115.234730607112354, 35.482903437869965 ], [ -115.236262433232426, 35.484127601162179 ], [ -115.240529907177816, 35.487537667882634 ], [ -115.241073873518957, 35.487972310299 ], [ -115.245100235908254, 35.491187378676543 ], [ -115.247419744871962, 35.493039339261827 ], [ -115.249645749173297, 35.494816521031431 ], [ -115.253766395528885, 35.4981060391938 ], [ -115.254189533413381, 35.498443807674327 ], [ -115.254305897222878, 35.498536694331648 ], [ -115.259577411485807, 35.502744305516195 ], [ -115.26011379638382, 35.503172400269669 ], [ -115.263148126869723, 35.505594000444617 ], [ -115.26646197744995, 35.508238423512331 ], [ -115.268697361004456, 35.510021053270336 ], [ -115.272029983261575, 35.512678462539 ], [ -115.272812760355208, 35.513302605292346 ], [ -115.278135331465336, 35.517546132922362 ], [ -115.279164342468874, 35.518366454037313 ], [ -115.280863527473528, 35.519720977741137 ], [ -115.282689859421907, 35.521176781578781 ], [ -115.285303428159125, 35.523259966627101 ], [ -115.285516726183815, 35.523429971368884 ], [ -115.287263772539404, 35.524822379968874 ], [ -115.289706561506335, 35.526769179192165 ], [ -115.291869910595693, 35.528493156196141 ], [ -115.296161567510126, 35.531910862339664 ], [ -115.296245783973035, 35.531977924818193 ], [ -115.298543507873134, 35.533807554494722 ], [ -115.302517895422412, 35.536971978612158 ], [ -115.305376914156952, 35.539248106892721 ], [ -115.307336524571411, 35.540808082152267 ], [ -115.308874505213538, 35.542033051660283 ], [ -115.309948119052507, 35.542888129064146 ], [ -115.311763489284473, 35.544333913045627 ], [ -115.314580379694362, 35.546577164386214 ], [ -115.316229227903136, 35.547892049928983 ], [ -115.319112760316301, 35.550191383642542 ], [ -115.320651018748734, 35.551417913468576 ], [ -115.321594687373604, 35.552170318100579 ], [ -115.323727235365681, 35.553866139801791 ], [ -115.325069467096228, 35.554933439014313 ], [ -115.328304988355796, 35.557504364977994 ], [ -115.329496320805447, 35.558450926849019 ], [ -115.332652903297173, 35.560958797573207 ], [ -115.333780196881278, 35.561857838114022 ], [ -115.337238379910687, 35.564615620591248 ], [ -115.338116141159915, 35.565315559683171 ], [ -115.341780254174296, 35.568237172434557 ], [ -115.343298764226489, 35.569447874983226 ], [ -115.34635391992596, 35.571874704568678 ], [ -115.347727214704662, 35.572965493886421 ], [ -115.350663491544168, 35.57529758496171 ], [ -115.352080680636462, 35.576392486495664 ], [ -115.355376348721677, 35.57893849678225 ], [ -115.356525020481271, 35.579825823559752 ], [ -115.359779511639559, 35.582339690459214 ], [ -115.361634400058051, 35.583772350981093 ], [ -115.364392263104278, 35.585953377781628 ], [ -115.366056696496216, 35.587269588283675 ], [ -115.366801158017225, 35.587858276742658 ], [ -115.369438665677563, 35.589943799718554 ], [ -115.370532144569566, 35.59080747660051 ], [ -115.370580025216995, 35.590845294404865 ], [ -115.370705816336795, 35.590944648149133 ], [ -115.370897786960228, 35.591096271309546 ], [ -115.370919956099357, 35.591113781210488 ], [ -115.370956368365668, 35.593081216259002 ], [ -115.370748854518411, 35.594794216228628 ], [ -115.370474830044586, 35.59606493824802 ], [ -115.369961540435568, 35.598247187257293 ], [ -115.36934539360459, 35.600926677734194 ], [ -115.367735724465774, 35.608164142454811 ], [ -115.366195012678773, 35.614821367992953 ], [ -115.366083667405434, 35.615356901984256 ], [ -115.365063470675935, 35.62026337761197 ], [ -115.364001651685044, 35.624904090845575 ], [ -115.363556144751001, 35.626920615416054 ], [ -115.363145971945954, 35.628384507053553 ], [ -115.36303923162734, 35.628917240171667 ], [ -115.365519960752337, 35.628027712928279 ], [ -115.371402767725087, 35.625863153363007 ], [ -115.373834451133888, 35.624984136772504 ], [ -115.377139918371668, 35.623796649641648 ], [ -115.378337401804473, 35.623541088778147 ], [ -115.379089326078798, 35.623382831699736 ], [ -115.379713317463413, 35.623291849757088 ], [ -115.382268644355676, 35.623228657922894 ], [ -115.386100770109408, 35.623089662727558 ], [ -115.386313660826843, 35.623081937538466 ], [ -115.386699396320651, 35.623067939307724 ], [ -115.386426690410218, 35.624692136007226 ], [ -115.385128336987137, 35.632324305866952 ], [ -115.384180676638366, 35.637916915737378 ], [ -115.383668055769419, 35.640931465740266 ], [ -115.382827690018601, 35.645872858642974 ], [ -115.382246092474276, 35.649315679931931 ], [ -115.382032053523233, 35.65055016359554 ], [ -115.381693238560942, 35.652562797845 ], [ -115.380913994692449, 35.657138885794346 ], [ -115.380423390168687, 35.660066784269638 ], [ -115.379747162024856, 35.66404697641056 ], [ -115.378832082699375, 35.669427875052492 ], [ -115.377799765139429, 35.675497269840548 ], [ -115.377012669084124, 35.680129549089244 ], [ -115.376806135221088, 35.6813596089467 ], [ -115.376675177245346, 35.682097097907814 ], [ -115.376577545306489, 35.682587115289202 ], [ -115.376409944329353, 35.683326364069991 ], [ -115.376218910352236, 35.684063041863539 ], [ -115.376077728852252, 35.684554724860078 ], [ -115.376001636293992, 35.684799364692019 ], [ -115.375841855401006, 35.685288542692327 ], [ -115.375674522617643, 35.685775363771114 ], [ -115.375331012180538, 35.686742124856913 ], [ -115.374997940163297, 35.68770451862077 ], [ -115.372798589656512, 35.693942676952013 ], [ -115.371489828800222, 35.69765515596513 ], [ -115.370672152208044, 35.699974420759574 ], [ -115.370000102706058, 35.701872046880666 ], [ -115.369592880810103, 35.70304302160136 ], [ -115.368931549442266, 35.704920500463665 ], [ -115.368097460203629, 35.70727344064094 ], [ -115.367760385311087, 35.708219977695926 ], [ -115.367679500059594, 35.708460037905411 ], [ -115.367513674458209, 35.708935596186734 ], [ -115.367431452165363, 35.709173385031676 ], [ -115.367009878693125, 35.710366690914341 ], [ -115.365763957120166, 35.713901778032501 ], [ -115.3647079119132, 35.716896262171126 ], [ -115.363652288326406, 35.719899755961393 ], [ -115.361623559057833, 35.725644135419323 ], [ -115.361568576352965, 35.725801099011292 ], [ -115.361123041029401, 35.727072990126146 ], [ -115.360537798334278, 35.72872381263322 ], [ -115.359217199545995, 35.73246739847378 ], [ -115.35872456058695, 35.733878316896536 ], [ -115.358222922014804, 35.735289109604309 ], [ -115.357237922992709, 35.738092906497421 ], [ -115.356082192846401, 35.741366506328696 ], [ -115.355986758573394, 35.741636807211705 ], [ -115.355808258722362, 35.742116679210099 ], [ -115.355713525724482, 35.742354286801174 ], [ -115.355515768332225, 35.74282938679228 ], [ -115.355202683583755, 35.743535049786395 ], [ -115.354982395533128, 35.74399631763491 ], [ -115.354751788264508, 35.744455190226041 ], [ -115.354515050600497, 35.744909470766856 ], [ -115.354393641660977, 35.745133188402001 ], [ -115.354142623134805, 35.745576003389786 ], [ -115.353751810481739, 35.746228759972432 ], [ -115.353483787977694, 35.746657817559736 ], [ -115.353207656429063, 35.7470777488114 ], [ -115.352916964003839, 35.747499732607608 ], [ -115.352449478423708, 35.748149180438588 ], [ -115.350823774994637, 35.750362648076845 ], [ -115.347908899264581, 35.754339336444303 ], [ -115.343379861953736, 35.760517251159591 ], [ -115.34276744721052, 35.761347215111208 ], [ -115.342610321096913, 35.761556903815226 ], [ -115.342149995223593, 35.762186120721246 ], [ -115.341996321637012, 35.7623958561148 ], [ -115.339809400734765, 35.765372208374508 ], [ -115.335648380428708, 35.771041503744392 ], [ -115.333779711040151, 35.773587165816679 ], [ -115.332704261394127, 35.775059741200366 ], [ -115.331924384002363, 35.776117206277107 ], [ -115.331273915143285, 35.777002923222838 ], [ -115.329582174893673, 35.779307565768747 ], [ -115.328459765517181, 35.780835791152676 ], [ -115.328350794249118, 35.780987531847536 ], [ -115.326779062056914, 35.783133782475296 ], [ -115.325911351043288, 35.784316194339141 ], [ -115.32432980752769, 35.786462274552719 ], [ -115.320830096496252, 35.791227462345489 ], [ -115.320286729161694, 35.79196853425433 ], [ -115.318294617853866, 35.794685335681898 ], [ -115.31797354651502, 35.795120324418747 ], [ -115.317817526440223, 35.795336755849803 ], [ -115.317653257756845, 35.795550816237395 ], [ -115.317181138065592, 35.796195542337784 ], [ -115.316868540255825, 35.796621632439333 ], [ -115.316715328516636, 35.796835846795865 ], [ -115.316559396380043, 35.797047769954226 ], [ -115.312646535713483, 35.80236809816541 ], [ -115.311046860182131, 35.804552049193482 ], [ -115.310080532335178, 35.805861416410004 ], [ -115.307114704643737, 35.80989997424448 ], [ -115.306252071324764, 35.811074527586548 ], [ -115.30274725748481, 35.815845838079113 ], [ -115.301989969050112, 35.816876369140999 ], [ -115.301242035765213, 35.817888997491785 ], [ -115.300350013211144, 35.819104673003295 ], [ -115.299316009686919, 35.820521169209208 ], [ -115.298570869538835, 35.8215293108914 ], [ -115.297974538235678, 35.82233897375275 ], [ -115.297822156377563, 35.822541905492713 ], [ -115.297507706879927, 35.822947630802197 ], [ -115.297182928023872, 35.823350955537201 ], [ -115.296847820789793, 35.823751879616914 ], [ -115.296502430782581, 35.824148148782278 ], [ -115.296148095552397, 35.824542035756131 ], [ -115.295780614667905, 35.8249357359906 ], [ -115.295401421521191, 35.825327013850092 ], [ -115.295010561735253, 35.825713618657637 ], [ -115.294612831352055, 35.826097870217538 ], [ -115.294208373216435, 35.826473009567295 ], [ -115.293798522769279, 35.826841310372679 ], [ -115.292348244403186, 35.828107587434708 ], [ -115.291526912564251, 35.828821613572238 ], [ -115.290909324442694, 35.829358232427211 ], [ -115.288440077572275, 35.831513708163662 ], [ -115.287823139652019, 35.832050320667555 ], [ -115.287412040444522, 35.832409565686305 ], [ -115.287345058883531, 35.832467918722351 ], [ -115.283138198999879, 35.836132576267389 ], [ -115.282236717613756, 35.836917003235534 ], [ -115.279425395540343, 35.83936313928811 ], [ -115.278593212848179, 35.840088185463479 ], [ -115.277763830828633, 35.840811012914486 ], [ -115.272613718197292, 35.845298603190457 ], [ -115.272440924102511, 35.845449097877371 ], [ -115.267456007801357, 35.849790361900645 ], [ -115.262604727159811, 35.854009115763233 ], [ -115.259470720905824, 35.856742573676463 ], [ -115.25845270650413, 35.857624795191192 ], [ -115.257447173128924, 35.858504936341774 ], [ -115.254386353527224, 35.861167199101288 ], [ -115.253815681662815, 35.86166383554 ], [ -115.252460690498467, 35.862843001297051 ], [ -115.251422008974231, 35.863745144148325 ], [ -115.247746034361015, 35.866945942790643 ], [ -115.24641456432353, 35.868125492603333 ], [ -115.244350699557614, 35.869932126803114 ], [ -115.244155286952491, 35.870098299492071 ], [ -115.241494522932967, 35.872410002438158 ], [ -115.240525401506119, 35.87325447631477 ], [ -115.239940942308579, 35.873764267824058 ], [ -115.239552649095231, 35.874105649527252 ], [ -115.23877694432305, 35.874779407168319 ], [ -115.235358447792635, 35.877749207946977 ], [ -115.231837981087253, 35.880809807166081 ], [ -115.231418479809562, 35.881177833386566 ], [ -115.231304884473701, 35.881277490466623 ], [ -115.230774700909976, 35.881738452258389 ], [ -115.230245152401167, 35.882201675890379 ], [ -115.226837842490028, 35.885137579800386 ], [ -115.226285006982138, 35.885618471142216 ], [ -115.225364274414233, 35.886420710313558 ], [ -115.225261866375561, 35.88651223319571 ], [ -115.224825955367436, 35.886901808354942 ], [ -115.224299195186916, 35.887392089774458 ], [ -115.223782458213151, 35.887898292168856 ], [ -115.223273567510773, 35.88842489241835 ], [ -115.222940792361243, 35.888785068394483 ], [ -115.222614144137125, 35.889149841521032 ], [ -115.22229500512492, 35.889519232223051 ], [ -115.221984759850045, 35.889893261847192 ], [ -115.221682126331245, 35.890267402770263 ], [ -115.221388488056732, 35.890641676341417 ], [ -115.221106512798343, 35.891020628921538 ], [ -115.220834225281408, 35.891399724492523 ], [ -115.220042519342613, 35.892526111309387 ], [ -115.217288212285922, 35.896442750073284 ], [ -115.217052764920936, 35.896770812129553 ], [ -115.216629933256641, 35.896772124101908 ], [ -115.216275297069132, 35.89677322284296 ], [ -115.216140922261886, 35.8967736389286 ], [ -115.215860671769121, 35.896774506692893 ], [ -115.215729382103007, 35.896774912822217 ], [ -115.215334837362349, 35.896776132786783 ], [ -115.214931790480648, 35.896777377673239 ], [ -115.213623752493575, 35.896781407553298 ], [ -115.21283654289789, 35.896783825526263 ], [ -115.212505293959424, 35.896784841910787 ], [ -115.212079607565087, 35.896786146179089 ], [ -115.211386833206447, 35.896788265844421 ], [ -115.20691299349123, 35.8968018583206 ], [ -115.206489450648974, 35.896802430216759 ], [ -115.202573975273737, 35.896807647025476 ], [ -115.198234958984386, 35.896813278059973 ], [ -115.193895942432519, 35.896818753219726 ], [ -115.189556928983649, 35.896824070712853 ], [ -115.189556827067435, 35.896824071280264 ], [ -115.185182079274298, 35.896829274056564 ], [ -115.180807229427927, 35.896834317122583 ], [ -115.176432381685316, 35.896839201720979 ], [ -115.172067011869771, 35.89684391611312 ], [ -115.172059323586595, 35.897012733981946 ], [ -115.171904382936887, 35.90041797229933 ], [ -115.171823039783462, 35.902205728577414 ], [ -115.169533309675842, 35.904034722790612 ], [ -115.167324912713084, 35.904075919766157 ], [ -115.162908112038281, 35.904158191821772 ], [ -115.162501697879094, 35.911459050159657 ], [ -115.154060579777621, 35.919138099052518 ], [ -115.136585729149743, 35.918696199431636 ], [ -115.132228848104134, 35.918679080607887 ], [ -115.132155322523218, 35.91683276204342 ], [ -115.126022691383085, 35.916811840821296 ], [ -115.11912708097654, 35.916787942812995 ], [ -115.119158227845546, 35.918626775616339 ], [ -115.110483410165259, 35.918457907173448 ], [ -115.110547603264934, 35.925744523956148 ], [ -115.110509196420111, 35.925743478665048 ], [ -115.101811584237439, 35.92550635945701 ], [ -115.100525969053308, 35.924393701877925 ], [ -115.100531136103271, 35.923720982480809 ], [ -115.100545075571063, 35.921906381507746 ], [ -115.095122502024154, 35.921944685640192 ], [ -115.092888499958732, 35.922868420953471 ], [ -115.091500451656444, 35.922879013931592 ], [ -115.090791984710023, 35.922884415084233 ], [ -115.086825418929209, 35.922914575338766 ], [ -115.086227183970522, 35.924502529702679 ], [ -115.08519344658356, 35.925110795913014 ], [ -115.083982227430567, 35.925085548210028 ], [ -115.082830892040306, 35.925061538298984 ], [ -115.082831349860527, 35.925669059299452 ], [ -115.08282607146441, 35.925770299044494 ], [ -115.082743916179709, 35.92734606203301 ], [ -115.082710399845112, 35.927988900422164 ], [ -115.081753328987773, 35.928607173979856 ], [ -115.07979572480582, 35.928292393344648 ], [ -115.079353586030237, 35.928136745142204 ], [ -115.078040526058359, 35.92767448972409 ], [ -115.077550890238783, 35.927577135878686 ], [ -115.077145957676592, 35.927596422062379 ], [ -115.077092516005777, 35.928676332979116 ], [ -115.078030198647227, 35.929246816486071 ], [ -115.078202074368519, 35.929340402496159 ], [ -115.078731292383907, 35.929628556575956 ], [ -115.079264362440426, 35.929841673501436 ], [ -115.080472177383939, 35.93032453544776 ], [ -115.081538491852925, 35.930318663954203 ], [ -115.082535429261142, 35.931352072623859 ], [ -115.082526240403936, 35.931531008562388 ], [ -115.082487013903119, 35.932294811636957 ], [ -115.081337022197459, 35.932969537083892 ], [ -115.079109116017634, 35.932952149498711 ], [ -115.079084189359421, 35.933444649905823 ], [ -115.079062876160506, 35.933865760372413 ], [ -115.079992835014394, 35.934463184459318 ], [ -115.081261305665805, 35.93452658980349 ], [ -115.081544333679716, 35.934576090145796 ], [ -115.082392905112641, 35.9347244958063 ], [ -115.083420607842655, 35.935495631979045 ], [ -115.083433016421338, 35.935504941174898 ], [ -115.086370450794732, 35.936756373085771 ], [ -115.086936856443288, 35.93699766491244 ], [ -115.087228775828834, 35.937122029562182 ], [ -115.083299331052771, 35.937600392687294 ], [ -115.081695498197405, 35.937795544262634 ], [ -115.081600922316511, 35.937807051233534 ], [ -115.078846398227995, 35.938142381063415 ], [ -115.078831651461385, 35.938433776166939 ], [ -115.079313782111569, 35.938373597165203 ], [ -115.079496285657527, 35.938350616558687 ], [ -115.079957256003894, 35.938292571571814 ], [ -115.080209441004826, 35.938260815460758 ], [ -115.080524897423558, 35.938221091900857 ], [ -115.080654210318684, 35.938204808126464 ], [ -115.080912499562714, 35.938389314629745 ], [ -115.080988820204396, 35.938443836158285 ], [ -115.081232482764207, 35.93861789298434 ], [ -115.081462721855971, 35.93878235987372 ], [ -115.081699368007449, 35.9389514038889 ], [ -115.081823913331817, 35.939040369564722 ], [ -115.081856740607861, 35.939063819494592 ], [ -115.082032647971801, 35.939091113321204 ], [ -115.082245718292484, 35.939124173622645 ], [ -115.082458787686804, 35.939157233542616 ], [ -115.082649684741085, 35.939186274465044 ], [ -115.082884928135272, 35.939223351355331 ], [ -115.083097998069718, 35.939256411046074 ], [ -115.083202966340409, 35.939272696274855 ], [ -115.083311068197489, 35.939289468557327 ], [ -115.08352413850146, 35.939322526593067 ], [ -115.083737208987387, 35.939355584251921 ], [ -115.083950279655269, 35.939388641533938 ], [ -115.084163351619011, 35.939421697542407 ], [ -115.084329812308809, 35.939447522842201 ], [ -115.084496275326302, 35.939473347921194 ], [ -115.084680658462148, 35.939501952964442 ], [ -115.084866640628064, 35.939530805917791 ], [ -115.085088874893657, 35.939519687264422 ], [ -115.08557874417653, 35.939495183484432 ], [ -115.085988064636808, 35.939612964935854 ], [ -115.086109810090335, 35.939721138114891 ], [ -115.086426390624382, 35.939525545136405 ], [ -115.086637949407631, 35.939483350315122 ], [ -115.087143620612565, 35.939415929261614 ], [ -115.087815470461948, 35.939694321278758 ], [ -115.08804902093523, 35.93965548292239 ], [ -115.088292356948799, 35.939615016088133 ], [ -115.088438281361249, 35.939490549177442 ], [ -115.088624641185476, 35.939256048636445 ], [ -115.089113934053941, 35.939216878749221 ], [ -115.089407658053972, 35.939429534259581 ], [ -115.089460638880553, 35.939501787213558 ], [ -115.089561376034879, 35.939639165496608 ], [ -115.090096614964665, 35.939347754458474 ], [ -115.090687817979187, 35.939291185501126 ], [ -115.090834517648773, 35.93927714780218 ], [ -115.091381245480477, 35.939224831172943 ], [ -115.09203867714929, 35.939161918282849 ], [ -115.092229565825363, 35.939131752798389 ], [ -115.092534099216138, 35.939083626529694 ], [ -115.092724166592546, 35.939080866304977 ], [ -115.092795057996852, 35.939076952083468 ], [ -115.093196700806345, 35.939054775203722 ], [ -115.093196945035857, 35.939171493758423 ], [ -115.093196974895619, 35.939185697918887 ], [ -115.093197461198613, 35.939418944831878 ], [ -115.093197606514508, 35.939488454987831 ], [ -115.093197747676584, 35.939556482440459 ], [ -115.093197893905312, 35.939626024145063 ], [ -115.093198036380528, 35.939694018252325 ], [ -115.093198181294255, 35.939763593299119 ], [ -115.093198322860417, 35.939831554953308 ], [ -115.093198468675837, 35.939901163351372 ], [ -115.093198610446834, 35.939969091655676 ], [ -115.093198756061142, 35.940038732499161 ], [ -115.09319889803696, 35.940106627453602 ], [ -115.093199042330767, 35.940176302540614 ], [ -115.09319918451142, 35.940244164145163 ], [ -115.09319932971799, 35.940313870780805 ], [ -115.093199472092365, 35.940381700838145 ], [ -115.093199701050835, 35.940491729644933 ], [ -115.093199728425489, 35.940504360072609 ], [ -115.093199931116459, 35.94060175845425 ], [ -115.093200132147928, 35.940698168070242 ], [ -115.093200176032781, 35.940719261137652 ], [ -115.09320064621734, 35.940944335580966 ], [ -115.093200563427757, 35.940969792362658 ], [ -115.093194662788719, 35.94104825325396 ], [ -115.093242671377197, 35.941060884807762 ], [ -115.093492381511481, 35.941136483097452 ], [ -115.093734999961939, 35.941226062206489 ], [ -115.093969343563657, 35.941329185620233 ], [ -115.094194271654288, 35.941445351207719 ], [ -115.094408687175033, 35.941573992126202 ], [ -115.094611545507732, 35.941714481362496 ], [ -115.094801859988138, 35.941866136260593 ], [ -115.094930123741463, 35.941983693641916 ], [ -115.094978703019095, 35.942028217623402 ], [ -115.095141212687452, 35.942199935146178 ], [ -115.095288596061678, 35.942380451935094 ], [ -115.095420136918264, 35.942568889945221 ], [ -115.095535192418083, 35.94276432996562 ], [ -115.095633204136504, 35.942965820676186 ], [ -115.095792512781188, 35.943371236003195 ], [ -115.095899873954096, 35.943620087771365 ], [ -115.096082277507534, 35.943993750694673 ], [ -115.09622621226076, 35.944256011780226 ], [ -115.096381316872638, 35.944514029460372 ], [ -115.096547401615183, 35.944767486557517 ], [ -115.096724263384601, 35.945016076653879 ], [ -115.096911687967406, 35.945259495988786 ], [ -115.097109446692784, 35.945497447050911 ], [ -115.097317299740808, 35.94572964129587 ], [ -115.097777008304377, 35.946224783267532 ], [ -115.097601973694083, 35.946265714052885 ], [ -115.097220520149406, 35.946489292473842 ], [ -115.097001604279328, 35.946606690946652 ], [ -115.096563874720999, 35.946824315899029 ], [ -115.096251016599794, 35.946956594336157 ], [ -115.095980540571929, 35.947064242127965 ], [ -115.095738298682562, 35.947158649880521 ], [ -115.095658988208925, 35.947243433877702 ], [ -115.095409119802142, 35.947273688641978 ], [ -115.094600182055856, 35.947571834544185 ], [ -115.094419067619569, 35.94764550187115 ], [ -115.094233260853969, 35.947719149810773 ], [ -115.094063842151854, 35.947798587661985 ], [ -115.093943785966189, 35.947862964276382 ], [ -115.093797805413615, 35.94794631258393 ], [ -115.093647107906179, 35.948033457696432 ], [ -115.093526958021556, 35.948113095682338 ], [ -115.093431263820648, 35.948256021773958 ], [ -115.093279370633624, 35.948312406447272 ], [ -115.093175537781136, 35.948409280947189 ], [ -115.093038656854404, 35.948538453785282 ], [ -115.092944195727569, 35.948637274452821 ], [ -115.092859143148189, 35.948732317253231 ], [ -115.092743318169909, 35.948871114489506 ], [ -115.092634425365048, 35.949027110219333 ], [ -115.092565736980859, 35.949131759317929 ], [ -115.092501890167526, 35.949240010939903 ], [ -115.092418690261042, 35.949386805274514 ], [ -115.092340156007211, 35.949565818533735 ], [ -115.092297251437984, 35.949674388206539 ], [ -115.092263766369385, 35.949777272956226 ], [ -115.09221114700496, 35.949939222714249 ], [ -115.092194298189256, 35.950007834920541 ], [ -115.092226376979198, 35.950174169016741 ], [ -115.092143068328582, 35.950324321931724 ], [ -115.092128294608457, 35.950436822812833 ], [ -115.092120311853165, 35.950589414550279 ], [ -115.092126005495615, 35.950806928923555 ], [ -115.092143689782048, 35.950982519349004 ], [ -115.092184565973497, 35.951202085726521 ], [ -115.092237257167398, 35.951408344544319 ], [ -115.092317324581913, 35.95174063153204 ], [ -115.092383752275808, 35.95200227347992 ], [ -115.092475121115712, 35.952109493891996 ], [ -115.092424488113735, 35.952244731966502 ], [ -115.092506632615098, 35.952620906565457 ], [ -115.092613809157811, 35.953123098712844 ], [ -115.09266158638475, 35.953365586757364 ], [ -115.092710543564976, 35.953542735227174 ], [ -115.092753424241252, 35.953692198038105 ], [ -115.09280411352006, 35.953843121333342 ], [ -115.09286410633807, 35.954007438462305 ], [ -115.092982381008596, 35.954233043123359 ], [ -115.093082133006973, 35.954418508078838 ], [ -115.093262668559703, 35.954513385896618 ], [ -115.093962154683609, 35.954231352914711 ], [ -115.094344745720164, 35.954093096023001 ], [ -115.094733035894166, 35.953965777960384 ], [ -115.095126554358572, 35.953849554490631 ], [ -115.095524820388491, 35.953744566921522 ], [ -115.095725582501927, 35.953696326756209 ], [ -115.096130058603933, 35.953608429007524 ], [ -115.096538061472884, 35.953532059538176 ], [ -115.096949091855606, 35.953467312733018 ], [ -115.097155587064989, 35.953439323667816 ], [ -115.097570221451207, 35.953392154378449 ], [ -115.097986627889043, 35.953356777467214 ], [ -115.098195337073207, 35.953343525942557 ], [ -115.098613450332707, 35.953325915296361 ], [ -115.0990320641164, 35.953320178390065 ], [ -115.099450668641879, 35.953326322178206 ], [ -115.099868755328586, 35.953344338304703 ], [ -115.100077444665459, 35.953357793346918 ], [ -115.101054973956721, 35.953409956232086 ], [ -115.104290789191367, 35.953412128328836 ], [ -115.104309419693607, 35.953397181136005 ], [ -115.104325920359983, 35.953383941570735 ], [ -115.104350708054156, 35.953366542987851 ], [ -115.10436706953034, 35.953355058646771 ], [ -115.104377351959798, 35.953348689422938 ], [ -115.104399502412889, 35.953334967639684 ], [ -115.104444672914639, 35.953310378426501 ], [ -115.104457302497721, 35.95330449626001 ], [ -115.104491844017062, 35.953288410121523 ], [ -115.104528395754031, 35.953273720032541 ], [ -115.104543006474813, 35.953268725451963 ], [ -115.104578507422843, 35.953256589124159 ], [ -115.104594110641429, 35.95325226998321 ], [ -115.104629966289309, 35.953242343305725 ], [ -115.104677347560695, 35.953232021813179 ], [ -115.10469448222382, 35.953229264454521 ], [ -115.104730673394712, 35.953223441024129 ], [ -115.104748394355695, 35.953221622473528 ], [ -115.104784606076322, 35.953217906411638 ], [ -115.104825294526748, 35.953215770178737 ], [ -115.104843636696828, 35.953215719789497 ], [ -115.104879654800072, 35.953215619953269 ], [ -115.104920360980245, 35.953217532520391 ], [ -115.104938778549325, 35.953219319321775 ], [ -115.104974338504846, 35.953222769762199 ], [ -115.104992551382566, 35.953225596772789 ], [ -115.105027734532129, 35.953231056557271 ], [ -115.10509076192227, 35.953244987943904 ], [ -115.105116525102318, 35.953252042487549 ], [ -115.105154561418956, 35.95326398422565 ], [ -115.105170877716603, 35.953269922248495 ], [ -115.10519177775997, 35.953277527950291 ], [ -115.105207718249574, 35.953284021491889 ], [ -115.10521608272488, 35.953287428465195 ], [ -115.105231136923379, 35.953294385362128 ], [ -115.105255499123814, 35.953305644397005 ], [ -115.105263342392632, 35.953309268314392 ], [ -115.105270596590017, 35.953312780825371 ], [ -115.105337368858955, 35.953345108658546 ], [ -115.105352571118956, 35.953351965181049 ], [ -115.105419277120546, 35.953382052906932 ], [ -115.105457416420037, 35.953398268151233 ], [ -115.105464715220052, 35.953401371625489 ], [ -115.10548417665666, 35.953409125678185 ], [ -115.105556799334479, 35.953438058838721 ], [ -115.10557246732904, 35.95344379142891 ], [ -115.108599278311047, 35.95344056033197 ], [ -115.108724621514114, 35.953570139412875 ], [ -115.108731216122422, 35.953578505459731 ], [ -115.108999349424849, 35.953918696559029 ], [ -115.109035982050216, 35.953965173089145 ], [ -115.109060689513939, 35.953996519696538 ], [ -115.109075600408516, 35.954013815572694 ], [ -115.109088801560645, 35.954029130787582 ], [ -115.109121272804032, 35.954060754107815 ], [ -115.109156955318596, 35.95409000158331 ], [ -115.109165715464826, 35.954096064253228 ], [ -115.109194252468981, 35.954115813255079 ], [ -115.109235463871144, 35.954139779129335 ], [ -115.109267242964364, 35.954155147845668 ], [ -115.109277559290121, 35.954160136861276 ], [ -115.10930158127168, 35.954169662284031 ], [ -115.109321582086395, 35.954177592702713 ], [ -115.109331509339341, 35.954180720739693 ], [ -115.109368508609606, 35.954192379442496 ], [ -115.109486237907092, 35.953888252255439 ], [ -115.109663446093919, 35.953784136075242 ], [ -115.109695528755822, 35.953769041914335 ], [ -115.110246335742815, 35.953426561029708 ], [ -115.110583680996811, 35.953786215056951 ], [ -115.110832254634971, 35.954098676861349 ], [ -115.111126169909213, 35.95447828688183 ], [ -115.111187489182242, 35.954577561344493 ], [ -115.111224563740691, 35.954685902443956 ], [ -115.111228178620721, 35.954709978489234 ], [ -115.111235118351814, 35.95479666117852 ], [ -115.111200584525719, 35.954998398359237 ], [ -115.111192762669091, 35.955088799564258 ], [ -115.11119556372482, 35.955180768484524 ], [ -115.111209145451355, 35.955272016368717 ], [ -115.111230921338318, 35.955354009192909 ], [ -115.111268524847262, 35.955449897807902 ], [ -115.111309142316387, 35.955527006488843 ], [ -115.11136855794993, 35.955615299705016 ], [ -115.111439000319535, 35.955698058814981 ], [ -115.111505571803562, 35.955762142497413 ], [ -115.111578758910042, 35.955821265092062 ], [ -115.111674529045288, 35.955885031659605 ], [ -115.11177797341621, 35.955940310748431 ], [ -115.111869222956472, 35.955979451374787 ], [ -115.111964322029863, 35.956011977783277 ], [ -115.112082499296079, 35.956041932173648 ], [ -115.11218348304979, 35.956059106666686 ], [ -115.112306519416947, 35.956070177271286 ], [ -115.112430304405351, 35.956070729494478 ], [ -115.112545796433793, 35.956061693204802 ], [ -115.112655208130079, 35.956044386727612 ], [ -115.112763724901583, 35.956018331066055 ], [ -115.113295177721881, 35.955857130040513 ], [ -115.113226777526492, 35.955677926281176 ], [ -115.113179874725191, 35.955486977635985 ], [ -115.11310638759214, 35.955092531350068 ], [ -115.113073280777442, 35.954915363888247 ], [ -115.113065198639177, 35.954853149663549 ], [ -115.113064137073351, 35.954789991302839 ], [ -115.113070216840768, 35.954727021346329 ], [ -115.113083385994699, 35.954664772273837 ], [ -115.113103532771277, 35.954603769119203 ], [ -115.113130487807169, 35.954544529478888 ], [ -115.113164021981859, 35.954487553589161 ], [ -115.113413524008948, 35.954175564166405 ], [ -115.113496124514711, 35.954056378586671 ], [ -115.113556746318281, 35.953929760240861 ], [ -115.113595077905401, 35.953796100922375 ], [ -115.113609589042042, 35.953660740440057 ], [ -115.113628549723799, 35.952939684043827 ], [ -115.114249933820929, 35.952965655755492 ], [ -115.114340938965015, 35.952841955193584 ], [ -115.114356030929429, 35.95267031121103 ], [ -115.114375827491685, 35.952496777484043 ], [ -115.114400090955911, 35.952361417100768 ], [ -115.114438701487217, 35.952180325282001 ], [ -115.114556520543559, 35.95169810891614 ], [ -115.114611387081823, 35.951545697639503 ], [ -115.114654374820674, 35.951418041810577 ], [ -115.114742336347888, 35.951223788394216 ], [ -115.114740542203862, 35.951094810375722 ], [ -115.114854237321126, 35.951008393917697 ], [ -115.114977032432293, 35.950775642581348 ], [ -115.115270538772009, 35.950241644170575 ], [ -115.115484063547711, 35.949841835897537 ], [ -115.115715249250115, 35.949430647311701 ], [ -115.115912612002845, 35.949085147897748 ], [ -115.116113526023867, 35.948733937612602 ], [ -115.116262877581264, 35.948472670984884 ], [ -115.11634121951451, 35.948317011595989 ], [ -115.116409029561922, 35.948157019074401 ], [ -115.116484129107747, 35.947954128176036 ], [ -115.116530601979576, 35.94783125495713 ], [ -115.116575333541263, 35.947705513230744 ], [ -115.116612883484763, 35.947604067727703 ], [ -115.116652310102182, 35.947482597475819 ], [ -115.116615399760775, 35.947360501565839 ], [ -115.116718727315899, 35.947259641533726 ], [ -115.116758759807283, 35.947035151726503 ], [ -115.116780655783742, 35.946902166432182 ], [ -115.116797274482394, 35.946769160628875 ], [ -115.116801583639202, 35.946634676590911 ], [ -115.116808172840237, 35.946411487222811 ], [ -115.116812651120668, 35.946248386644264 ], [ -115.116813735104259, 35.946063809532006 ], [ -115.116759165912995, 35.94593579901904 ], [ -115.116812841380735, 35.945806419893181 ], [ -115.116788289176782, 35.945592648278648 ], [ -115.116763422248241, 35.94543229539142 ], [ -115.116733919581534, 35.945262384818292 ], [ -115.11668812946732, 35.945069517190312 ], [ -115.116623883802859, 35.944823159653858 ], [ -115.116552321110603, 35.944624468361347 ], [ -115.116445913843975, 35.944366499953055 ], [ -115.1163416731778, 35.94413906427819 ], [ -115.116265138489723, 35.943988049095822 ], [ -115.116156017443672, 35.943793026794928 ], [ -115.115995552400122, 35.943552017980402 ], [ -115.115881548914814, 35.943389409850603 ], [ -115.115774404419938, 35.943257353629853 ], [ -115.115671884643163, 35.943136761300842 ], [ -115.1155134205477, 35.942954902139093 ], [ -115.115320057625837, 35.942723302114601 ], [ -115.115089182488717, 35.942487741097516 ], [ -115.114879106897604, 35.942305678948586 ], [ -115.114679694434159, 35.942260488842081 ], [ -115.115240937278088, 35.941821438212685 ], [ -115.11530531958374, 35.94176312976365 ], [ -115.115484663639066, 35.941641607380575 ], [ -115.115578137563446, 35.941584736160344 ], [ -115.115772118567932, 35.941479123831513 ], [ -115.115974685887736, 35.941384771558987 ], [ -115.116184853746816, 35.941302139650325 ], [ -115.11629246904532, 35.941265346808486 ], [ -115.116512104955575, 35.941201031907276 ], [ -115.116623860229282, 35.941173588125885 ], [ -115.116843300826048, 35.941129424684014 ], [ -115.117137678316894, 35.94108124069264 ], [ -115.117330404380326, 35.941061661874429 ], [ -115.117524202921572, 35.941051213769548 ], [ -115.118961603194236, 35.941060244924259 ], [ -115.11918532411147, 35.941043353558044 ], [ -115.119277567997884, 35.941103902618835 ], [ -115.119371819963277, 35.941131498641298 ], [ -115.11948133639136, 35.9411591075785 ], [ -115.119575620977841, 35.941183796779058 ], [ -115.11965996278056, 35.94120367768253 ], [ -115.119755467420688, 35.941220262189262 ], [ -115.119856569898076, 35.941232576992483 ], [ -115.119973841685308, 35.941237798439168 ], [ -115.120383547327847, 35.941247384964214 ], [ -115.122850355072075, 35.941332719963157 ], [ -115.122965348967185, 35.941336696735306 ], [ -115.123119026061801, 35.94133839976309 ], [ -115.12325700616536, 35.94133344202443 ], [ -115.12341506058327, 35.941326658296084 ], [ -115.123505705095539, 35.941315430507174 ], [ -115.123538316836999, 35.941311391220879 ], [ -115.123663384150035, 35.941287306931251 ], [ -115.123908089419558, 35.941240536785038 ], [ -115.123937921772409, 35.941234693111156 ], [ -115.124912507524414, 35.941034072063239 ], [ -115.125138476514394, 35.940988844868215 ], [ -115.126038851321454, 35.940801299120807 ], [ -115.12630690346387, 35.940754173112524 ], [ -115.126430844642698, 35.940734617137345 ], [ -115.126838052410335, 35.940674198259636 ], [ -115.127254168128189, 35.940611155605374 ], [ -115.127752812591297, 35.940535606775207 ], [ -115.127759151136203, 35.940534670902544 ], [ -115.129023996656599, 35.94034785194529 ], [ -115.129299425142349, 35.940306128080778 ], [ -115.129990521276753, 35.940200807126011 ], [ -115.13078297912341, 35.940082648855686 ], [ -115.131312451698449, 35.940004514494795 ], [ -115.131401648003745, 35.939996264991954 ], [ -115.131523671179252, 35.939991000641989 ], [ -115.131609293164843, 35.939992276318485 ], [ -115.131724197101789, 35.940001293608525 ], [ -115.13186837650828, 35.940019006011411 ], [ -115.132001950362095, 35.940045263559774 ], [ -115.132154211552546, 35.940085899783455 ], [ -115.132324344343132, 35.940133511625277 ], [ -115.132381736664342, 35.940157441136186 ], [ -115.132476186204698, 35.940203768091827 ], [ -115.132554644998436, 35.940259379048939 ], [ -115.132606286143371, 35.940302859257081 ], [ -115.132431764115552, 35.94050967510961 ], [ -115.132387478652319, 35.940561973478289 ], [ -115.132306280930351, 35.940659444896191 ], [ -115.132171836763021, 35.940837798122374 ], [ -115.132034357725416, 35.941034024883351 ], [ -115.131905621871894, 35.94123982402099 ], [ -115.131803353043168, 35.941432606362206 ], [ -115.131711326732841, 35.941629004503987 ], [ -115.131625104376184, 35.941836155633403 ], [ -115.131543225295033, 35.942052861807305 ], [ -115.131486333859073, 35.942258930693399 ], [ -115.131430786413517, 35.942486467974042 ], [ -115.131388441667426, 35.942712861542539 ], [ -115.131359334745866, 35.942932151951773 ], [ -115.131344903918716, 35.943149111759737 ], [ -115.131337966619327, 35.943337482535725 ], [ -115.131341558539063, 35.943479390619785 ], [ -115.13134803466113, 35.943629654968625 ], [ -115.131367525176515, 35.943812163794703 ], [ -115.131385936009963, 35.943926701970689 ], [ -115.131405820068949, 35.944040054127733 ], [ -115.131417190664024, 35.944103292754363 ], [ -115.131471721863377, 35.944326705957039 ], [ -115.131577146385752, 35.944765900543779 ], [ -115.131698389015256, 35.945311992708028 ], [ -115.131773945956908, 35.945640421203457 ], [ -115.131829114680002, 35.945840950032078 ], [ -115.131861343381843, 35.945949816608056 ], [ -115.131932848114033, 35.946165669005651 ], [ -115.132244173703228, 35.94711884012294 ], [ -115.132627036787028, 35.948284046131846 ], [ -115.133002970658495, 35.949432054437104 ], [ -115.133052826461352, 35.949587223121043 ], [ -115.133173586798009, 35.949963067698533 ], [ -115.133316634641162, 35.950390954570693 ], [ -115.133381163520838, 35.950597240171895 ], [ -115.13345739137371, 35.950809293901372 ], [ -115.133535977096827, 35.951019448295256 ], [ -115.133609967116186, 35.951212414204967 ], [ -115.133774330672679, 35.951606039662337 ], [ -115.133864713996289, 35.951804791111051 ], [ -115.134087370592141, 35.952263500212588 ], [ -115.134215049060856, 35.952506270288268 ], [ -115.134340447404142, 35.95273758572344 ], [ -115.134475219251939, 35.95297084327126 ], [ -115.134614761902824, 35.953190763503692 ], [ -115.134749676507738, 35.953399219407274 ], [ -115.134882288168953, 35.953600035005451 ], [ -115.135147599616644, 35.953986404785084 ], [ -115.135838801385887, 35.954996309139837 ], [ -115.136104511883488, 35.955385905896989 ], [ -115.136539309091589, 35.956023414347619 ], [ -115.137177004171846, 35.956956799841656 ], [ -115.137584286084788, 35.957555458581929 ], [ -115.137898440115634, 35.958024038717213 ], [ -115.138149713626703, 35.958408441508958 ], [ -115.138345185027688, 35.958701062050231 ], [ -115.138605805483607, 35.959093129143248 ], [ -115.139010783464812, 35.959687959065143 ], [ -115.139269129638294, 35.959842002629337 ], [ -115.1403673730359, 35.959838780185862 ], [ -115.141098335341709, 35.959851101719529 ], [ -115.141335227298441, 35.959858778112554 ], [ -115.141747998783714, 35.959872152042792 ], [ -115.14212115723106, 35.959884241522282 ], [ -115.14321452637391, 35.95991965740712 ], [ -115.144194923748813, 35.959951405431568 ], [ -115.144692690052395, 35.959967521758138 ], [ -115.145429387828898, 35.959991370363383 ], [ -115.145738947624039, 35.960001389641647 ], [ -115.145784081228683, 35.960002600562753 ], [ -115.145798523497305, 35.960002987583472 ], [ -115.145985472669949, 35.960008000457016 ], [ -115.146285790394842, 35.960016724604685 ], [ -115.146675258483526, 35.960029588467123 ], [ -115.14709286341207, 35.960046369518999 ], [ -115.147440083162792, 35.96006098460731 ], [ -115.147721597728903, 35.960075361236051 ], [ -115.147925675719435, 35.96008945642587 ], [ -115.147998686226515, 35.960095288661805 ], [ -115.14815085308507, 35.960107443064885 ], [ -115.148345535264411, 35.960123410697463 ], [ -115.148636363769697, 35.96015117390354 ], [ -115.148969378557155, 35.960188626879209 ], [ -115.149297669607677, 35.960231786192075 ], [ -115.149640009198251, 35.960280718785988 ], [ -115.149970584376618, 35.96033533137922 ], [ -115.150207641210272, 35.960378461733647 ], [ -115.150337110364859, 35.960400226175899 ], [ -115.15105904650386, 35.960551636723913 ], [ -115.151790196997723, 35.960735509450053 ], [ -115.15233375632728, 35.960893902657567 ], [ -115.15265469166971, 35.960996167952871 ], [ -115.152966273211902, 35.961092676331887 ], [ -115.153535392586392, 35.961298851306488 ], [ -115.154418343105206, 35.961620613758271 ], [ -115.154626467460432, 35.961696499879068 ], [ -115.155057724636166, 35.961853741557185 ], [ -115.155516747823, 35.96202517289116 ], [ -115.156591749451465, 35.962420100956344 ], [ -115.157050841840771, 35.962580080710978 ], [ -115.157369463653467, 35.962678509883531 ], [ -115.157629603791918, 35.962742390272545 ], [ -115.157878103479803, 35.962789058548907 ], [ -115.15810319900163, 35.962824196557541 ], [ -115.158344740968914, 35.962855577036329 ], [ -115.158553512024696, 35.962871578003686 ], [ -115.158722430145872, 35.962879807033204 ], [ -115.158889022791158, 35.962884211380576 ], [ -115.159075732181435, 35.962881804938924 ], [ -115.159121361755197, 35.96288121715714 ], [ -115.160972856305563, 35.962801034777279 ], [ -115.161303103305812, 35.962789870352509 ], [ -115.162937508813513, 35.962734602089682 ], [ -115.163539946760025, 35.962714224440049 ], [ -115.165755250735941, 35.96263994909873 ], [ -115.166872132082261, 35.962602486944895 ], [ -115.167997388856477, 35.962564732405021 ], [ -115.170208921811096, 35.962490501472736 ], [ -115.172237589081476, 35.962422263735789 ], [ -115.172445648328761, 35.962415263230163 ], [ -115.172735898896931, 35.962415739664785 ], [ -115.172875510264987, 35.962415968233884 ], [ -115.172760267413182, 35.965532189586355 ], [ -115.17276368343687, 35.965920671130199 ], [ -115.176462760666382, 35.964199510638394 ], [ -115.176895073752732, 35.963998345265423 ], [ -115.177605215643652, 35.963683022251232 ], [ -115.177718923658006, 35.963634640924496 ], [ -115.181602676951783, 35.961894955918645 ], [ -115.181716139874439, 35.961843628912995 ], [ -115.181788607537143, 35.961813378401523 ], [ -115.181965971806449, 35.961740439143789 ], [ -115.181965622783821, 35.961803789720307 ], [ -115.181965695626914, 35.96183083435379 ], [ -115.181965334317766, 35.961846604608631 ], [ -115.181964591472806, 35.961868766717778 ], [ -115.181963961118086, 35.961887536598873 ], [ -115.181963143813476, 35.961911927446621 ], [ -115.181959590229368, 35.962006527216282 ], [ -115.181945229649344, 35.962481832215083 ], [ -115.181869717525984, 35.965110710910849 ], [ -115.181800370373182, 35.967288949223807 ], [ -115.181790571669197, 35.967624073688171 ], [ -115.181739670361765, 35.969364866184655 ], [ -115.18173757205598, 35.969436640951741 ], [ -115.181732922335755, 35.969595674688641 ], [ -115.181729078267097, 35.969733090053964 ], [ -115.18156115196652, 35.975211441428627 ], [ -115.18147568267689, 35.978212016090339 ], [ -115.181393372934764, 35.980758523151309 ], [ -115.181387292534168, 35.980946614153531 ], [ -115.181285969471745, 35.984323075788609 ], [ -115.181186924253154, 35.987623407172556 ], [ -115.18117994297242, 35.987776549635747 ], [ -115.181160770034396, 35.988430905374507 ], [ -115.181122322138023, 35.98974311432702 ], [ -115.180967517058676, 35.994864792965458 ], [ -115.180906005837542, 35.996899682352826 ], [ -115.180855975973572, 35.998625219282729 ], [ -115.180842578835311, 35.999068074076405 ], [ -115.180842528065014, 35.999068461475382 ], [ -115.180842172335943, 35.999080418145418 ], [ -115.180842196360004, 35.999080711156196 ], [ -115.180786868817449, 36.000909365721796 ], [ -115.180707827453034, 36.003489220465717 ], [ -115.180689832398926, 36.004076508186138 ], [ -115.180668734363849, 36.004873975681548 ], [ -115.180622705096908, 36.006331045311413 ], [ -115.180587327158889, 36.00745090041584 ], [ -115.180575918886774, 36.007855443209579 ], [ -115.180572335264216, 36.007982530585089 ], [ -115.180543229968251, 36.009007493110531 ], [ -115.180535325442236, 36.009532469961101 ], [ -115.180533068706879, 36.010053025830686 ], [ -115.180547219189762, 36.011096673299924 ], [ -115.180598440614872, 36.013091916449731 ], [ -115.180598929700338, 36.013110925976967 ], [ -115.180598920266277, 36.01311103590605 ], [ -115.180599498704112, 36.013132981324333 ], [ -115.180699229598005, 36.017003499289089 ], [ -115.180704694904222, 36.017242813672112 ], [ -115.180704857831543, 36.017249827365852 ], [ -115.1807617849514, 36.019742610724293 ], [ -115.180774686553178, 36.020272751601823 ], [ -115.180775609963845, 36.020310657761563 ], [ -115.180783896277404, 36.020651159651941 ], [ -115.180790733790587, 36.020745916354187 ], [ -115.18079718999347, 36.021028935135156 ], [ -115.180837019510534, 36.02277488584901 ], [ -115.180881041562657, 36.024299008336229 ], [ -115.180896658212475, 36.025067732591346 ], [ -115.180926344263654, 36.026370781294418 ], [ -115.180972435525021, 36.027955781919871 ], [ -115.180977364396412, 36.028224037997603 ], [ -115.180977741815909, 36.028393395502732 ], [ -115.180980974118853, 36.029846704927138 ], [ -115.180968649377817, 36.034092352592658 ], [ -115.180967520942971, 36.035416205578159 ], [ -115.180965792845271, 36.037443451590619 ], [ -115.180958670718425, 36.038748192107995 ], [ -115.180958283618793, 36.03923805118724 ], [ -115.180957806472009, 36.039841187012456 ], [ -115.180957685433228, 36.040054176908711 ], [ -115.180957123599512, 36.041046866327449 ], [ -115.180962259553766, 36.04130611028625 ], [ -115.180977430031305, 36.042606682255084 ], [ -115.180980438319509, 36.042787648980266 ], [ -115.180980588741065, 36.042796695964434 ], [ -115.18099227268047, 36.043499342025946 ], [ -115.180992314942074, 36.043502597710258 ], [ -115.181056881194678, 36.043502814242878 ], [ -115.181416965774247, 36.043504021202907 ], [ -115.181735591489968, 36.04349755422043 ], [ -115.182267964620522, 36.043466545506178 ], [ -115.182536024377896, 36.043443594464208 ], [ -115.182667407827054, 36.043421390563189 ], [ -115.182951141092204, 36.043373438943 ], [ -115.183461867088681, 36.043267829401422 ], [ -115.184020428290623, 36.043138529972317 ], [ -115.184829156739667, 36.042896545138547 ], [ -115.185002988040168, 36.042832307227037 ], [ -115.186158762960929, 36.042311259553962 ], [ -115.188064488441697, 36.041459051012424 ], [ -115.18817530975322, 36.04140859283676 ], [ -115.190170099100484, 36.040509968497517 ], [ -115.190186140790644, 36.040748245488125 ], [ -115.190197819578813, 36.040920737510966 ], [ -115.190258631033743, 36.041837087781332 ], [ -115.190319280360811, 36.042733615669661 ], [ -115.190319213752204, 36.042871004450625 ], [ -115.190319206541687, 36.042884742245171 ], [ -115.19031903758696, 36.043229930275558 ], [ -115.190330139535732, 36.043230032442246 ], [ -115.191158480007104, 36.043239211972704 ], [ -115.191241852626689, 36.04324013524694 ], [ -115.19139213064858, 36.043236826387975 ], [ -115.191493450551732, 36.043233580061887 ], [ -115.19160067405231, 36.043224391641679 ], [ -115.191684423343844, 36.043211548276815 ], [ -115.191762312544796, 36.043196301751898 ], [ -115.191837277027787, 36.043178661657798 ], [ -115.191907848554038, 36.043158621406683 ], [ -115.19198284836331, 36.043133826711092 ], [ -115.192049038679457, 36.043109002333551 ], [ -115.192116714882005, 36.043080606353485 ], [ -115.1923418198337, 36.042984759099426 ], [ -115.192831010553093, 36.042777599289956 ], [ -115.192942192281109, 36.042739328153949 ], [ -115.193033924387265, 36.042715302889782 ], [ -115.193129117573591, 36.042704165878369 ], [ -115.193227804941856, 36.042698763494386 ], [ -115.193326471137908, 36.04269765301499 ], [ -115.193423390216338, 36.042693676006984 ], [ -115.193622537664808, 36.042688637627592 ], [ -115.194629511950879, 36.042674137012902 ], [ -115.19929929506506, 36.042606932008646 ], [ -115.200350649061136, 36.042592922877404 ], [ -115.200949433977755, 36.042585027570468 ], [ -115.201709172147602, 36.042574815770763 ], [ -115.202821251663693, 36.042559982179675 ], [ -115.203295165811738, 36.042553657406906 ], [ -115.20377065923762, 36.042547309619273 ], [ -115.203784946515071, 36.042547118677803 ], [ -115.204497055031183, 36.042537609179959 ], [ -115.204943061452553, 36.042531651233922 ], [ -115.205987092013672, 36.042517715585639 ], [ -115.206026529887836, 36.042517188879174 ], [ -115.206180609894304, 36.042515143387639 ], [ -115.206514565313071, 36.042510709219592 ], [ -115.206587698838987, 36.04250968608482 ], [ -115.206716232165689, 36.04250794633878 ], [ -115.207113308631293, 36.04250246122605 ], [ -115.207148870497136, 36.042502060797396 ], [ -115.207149283016506, 36.042502128788172 ], [ -115.207849120147316, 36.042492788029826 ], [ -115.208964109397527, 36.042469107034798 ], [ -115.208970394780792, 36.04246897342535 ], [ -115.209106329085458, 36.042466085207323 ], [ -115.210079096964037, 36.042445415663842 ], [ -115.21008473749238, 36.042445295311964 ], [ -115.211096975281265, 36.042423777699234 ], [ -115.21119408617983, 36.042421713026073 ], [ -115.211199079647059, 36.042421603232967 ], [ -115.212308794158929, 36.042396792288372 ], [ -115.213018824470623, 36.042382461397196 ], [ -115.213424058429581, 36.042374280224735 ], [ -115.213427483590308, 36.042374206062263 ], [ -115.21356850317494, 36.042371205885289 ], [ -115.214539045914222, 36.042350547371058 ], [ -115.214541544306471, 36.042350492860635 ], [ -115.215100965169015, 36.042338582481321 ], [ -115.215654030602536, 36.042326804138227 ], [ -115.215655605556549, 36.042326769307287 ], [ -115.216769015827467, 36.042303049635194 ], [ -115.216769666230263, 36.042303035398838 ], [ -115.21698495592257, 36.04229838247597 ], [ -115.217415910382627, 36.042289068502498 ], [ -115.217540358780568, 36.042286445739194 ], [ -115.217883152496768, 36.042279065861365 ], [ -115.218997285401898, 36.042255039274046 ], [ -115.220111419833188, 36.042231025770832 ], [ -115.221225555675559, 36.042207050588161 ], [ -115.221669216932369, 36.042197351381262 ], [ -115.221672027199517, 36.042197289550607 ], [ -115.222340162941066, 36.042182745601423 ], [ -115.222340780044831, 36.042182732135934 ], [ -115.22255535324679, 36.042178093191289 ], [ -115.223454335775429, 36.042158654276598 ], [ -115.22345513045893, 36.042158637732832 ], [ -115.223456459008759, 36.042158608369455 ], [ -115.224051149617893, 36.042145746235597 ], [ -115.224053279509263, 36.042145700337812 ], [ -115.224137835891511, 36.042143871495135 ], [ -115.224140239929383, 36.042143819206117 ], [ -115.224568814346966, 36.042134547201506 ], [ -115.224569287167327, 36.042134535997015 ], [ -115.224571211725703, 36.042134494883918 ], [ -115.225036515854512, 36.042124427020063 ], [ -115.225683830633756, 36.04211041694731 ], [ -115.226791622161855, 36.042055623680362 ], [ -115.226858278597661, 36.04205232736107 ], [ -115.227432060576618, 36.04202394320459 ], [ -115.227898556399836, 36.042000864502569 ], [ -115.228100391409313, 36.04199087816373 ], [ -115.229007199757845, 36.04194600911633 ], [ -115.230114986942553, 36.041891186020074 ], [ -115.231221518911056, 36.041837285466485 ], [ -115.23211053041959, 36.041793972986113 ], [ -115.232331012111572, 36.041783230137185 ], [ -115.233436818612319, 36.041729343962615 ], [ -115.234544467434304, 36.041675358303571 ], [ -115.234547032691012, 36.041675233268037 ], [ -115.234679788880015, 36.041668761940244 ], [ -115.235129656580895, 36.041646831655889 ], [ -115.235652114843148, 36.041621359700031 ], [ -115.235654579076112, 36.041621241558559 ], [ -115.235938590658719, 36.041607394476188 ], [ -115.236759760806635, 36.041567355362481 ], [ -115.236762122926095, 36.04156723960719 ], [ -115.236846196743286, 36.041563140809863 ], [ -115.237672335572142, 36.041522852017266 ], [ -115.237867407575408, 36.041513338086929 ], [ -115.237877667452821, 36.041512837656683 ], [ -115.23855833338547, 36.041479638955416 ], [ -115.238977208559618, 36.041459206797732 ], [ -115.239078695693536, 36.041454342526222 ], [ -115.239328334741018, 36.041442377980061 ], [ -115.24008269049834, 36.041406220979603 ], [ -115.240084005858435, 36.041406158045589 ], [ -115.240084951588813, 36.041406112080324 ], [ -115.240454564514252, 36.041388394583599 ], [ -115.241190327783826, 36.041353122052705 ], [ -115.24119207937683, 36.041353037817672 ], [ -115.241192692102857, 36.041353008019009 ], [ -115.242297964777251, 36.041300012888897 ], [ -115.242300433430458, 36.041299894623343 ], [ -115.243238792167944, 36.041254894013605 ], [ -115.243408171139848, 36.041246770078175 ], [ -115.243409114499912, 36.041246758329926 ], [ -115.243577394721314, 36.041244586030167 ], [ -115.244517126162535, 36.041232456566249 ], [ -115.245626083087117, 36.04121813280198 ], [ -115.246735037473954, 36.041203798772784 ], [ -115.247843991542069, 36.041189454485028 ], [ -115.248241381697497, 36.041184312617339 ], [ -115.24831474963311, 36.041183362924265 ], [ -115.248602295944934, 36.04117964090829 ], [ -115.248839100535974, 36.041176575311709 ], [ -115.248952946396798, 36.041175100843077 ], [ -115.248955209354108, 36.041175071097385 ], [ -115.249075902892898, 36.041173509241155 ], [ -115.249516291292579, 36.041167805144177 ], [ -115.249622009805975, 36.0411664354137 ], [ -115.250061899705685, 36.041160736117185 ], [ -115.250064619908969, 36.041160700413897 ], [ -115.251166359017134, 36.041146420433002 ], [ -115.251170852729075, 36.041146362577656 ], [ -115.252144460229303, 36.041133734869625 ], [ -115.252279803208793, 36.04113197967493 ], [ -115.253374383269602, 36.041117770501245 ], [ -115.254468963005891, 36.041103554037306 ], [ -115.255563541322431, 36.041089326674886 ], [ -115.256313143765652, 36.041079577682851 ], [ -115.256658121544206, 36.041075089324423 ], [ -115.256716970354148, 36.041074323070163 ], [ -115.256718324345997, 36.041074306027689 ], [ -115.257743959310602, 36.041060956145735 ], [ -115.257752699231659, 36.041060841973774 ], [ -115.257826246624447, 36.041059884344186 ], [ -115.258767822711903, 36.041047619734449 ], [ -115.258847278823254, 36.041046584635076 ], [ -115.258935522570908, 36.041045435353958 ], [ -115.258938993013047, 36.041045389761706 ], [ -115.259941855879461, 36.041032317296292 ], [ -115.259966178923889, 36.041031999827965 ], [ -115.260044797086806, 36.041030975195127 ], [ -115.261152125280276, 36.041010923106029 ], [ -115.262267029550031, 36.040999571555872 ], [ -115.262272376693559, 36.04099950565486 ], [ -115.262636179002044, 36.040995811202841 ], [ -115.263381933547549, 36.040988217749096 ], [ -115.263385499486859, 36.040988156960573 ], [ -115.264420988030608, 36.040977625305793 ], [ -115.264495053843092, 36.040976868661204 ], [ -115.264496838422303, 36.040976851774424 ], [ -115.264498617554494, 36.040976809636277 ], [ -115.265549212508446, 36.040966159683421 ], [ -115.2656117430205, 36.040965484444513 ], [ -115.266677405660261, 36.040954130855106 ], [ -115.266723533022969, 36.0409536370504 ], [ -115.267080530275834, 36.040949836336509 ], [ -115.267805591805427, 36.040942113023668 ], [ -115.267836270512532, 36.040941780036619 ], [ -115.26820524039131, 36.040937848840485 ], [ -115.268933774359652, 36.040930084566682 ], [ -115.268948802395471, 36.040929923873492 ], [ -115.268949041000738, 36.040929922696385 ], [ -115.269452849140137, 36.040924546561207 ], [ -115.270061811266089, 36.040918046915777 ], [ -115.2707608902506, 36.040910347812968 ], [ -115.271175537183396, 36.040905779334423 ], [ -115.271176350679028, 36.040905770636208 ], [ -115.272289342736144, 36.04089350161388 ], [ -115.272290925333095, 36.040893484988516 ], [ -115.272675956644591, 36.040889237389649 ], [ -115.273402709645339, 36.040881217820385 ], [ -115.27340549972611, 36.040881187176026 ], [ -115.274516297138845, 36.040868921551954 ], [ -115.274520072733608, 36.040868880801071 ], [ -115.275626607072198, 36.040856651596172 ], [ -115.275629912103994, 36.040856615912148 ], [ -115.275634646585061, 36.040856563165555 ], [ -115.276021453321803, 36.040852285944119 ], [ -115.276743531245813, 36.040844298136768 ], [ -115.276749220166678, 36.040844235167889 ], [ -115.277857151227437, 36.040831970019802 ], [ -115.277863793477835, 36.040831896808044 ], [ -115.27897077426428, 36.040819632468214 ], [ -115.27897836651799, 36.040819548086098 ], [ -115.278980270520364, 36.040956898993791 ], [ -115.27900384817498, 36.04265813947692 ], [ -115.279029342138998, 36.044497507265163 ], [ -115.27905442377309, 36.046356284154221 ], [ -115.27907556517394, 36.047591818500635 ], [ -115.279077417273371, 36.04770003683096 ], [ -115.279079340024992, 36.047812392372357 ], [ -115.279085563966774, 36.048176121022927 ], [ -115.279090669885932, 36.048674067856396 ], [ -115.279104414318823, 36.050014117378822 ], [ -115.279123264130234, 36.05185211136569 ], [ -115.279132381291674, 36.052727111084707 ], [ -115.279132451764625, 36.052733890946001 ], [ -115.279142681095877, 36.053715351120914 ], [ -115.279161576881137, 36.055528426376441 ], [ -115.27919643230949, 36.057379705864804 ], [ -115.279229736863513, 36.059148580116009 ], [ -115.279231053668283, 36.059232153182798 ], [ -115.279266149340046, 36.061082258612167 ], [ -115.279301012063272, 36.062933529170074 ], [ -115.279328926303137, 36.064451411447124 ], [ -115.279335533425396, 36.064810675852009 ], [ -115.279343440721959, 36.065240581151158 ], [ -115.279359724372512, 36.066125972975399 ], [ -115.279364210174805, 36.066369844166452 ], [ -115.279370058318534, 36.066687821947482 ], [ -115.279381111160973, 36.067250978689202 ], [ -115.279405921035291, 36.068515076039745 ], [ -115.279406253386924, 36.068531993596757 ], [ -115.279416935408975, 36.069076219881431 ], [ -115.279442449833795, 36.070376162870993 ], [ -115.279440413150013, 36.070527250807466 ], [ -115.279417532474582, 36.072225633210586 ], [ -115.279417478279612, 36.072229619571289 ], [ -115.279392505247316, 36.074083073885774 ], [ -115.279363509641399, 36.07592780175159 ], [ -115.279363313996654, 36.075940268180091 ], [ -115.279335848712364, 36.077687556011426 ], [ -115.279334121066171, 36.077797460083609 ], [ -115.279308418956845, 36.079650753077445 ], [ -115.279308400476836, 36.079652092376911 ], [ -115.279282678365817, 36.081506724085827 ], [ -115.279255056213259, 36.083362743819116 ], [ -115.279252167933166, 36.083556837936342 ], [ -115.279242968748818, 36.084174908076086 ], [ -115.279229681109896, 36.085067671435304 ], [ -115.279227432455187, 36.085218761163333 ], [ -115.279226481575137, 36.087066979865995 ], [ -115.279227083782374, 36.087195453026943 ], [ -115.279235207048856, 36.088926358209008 ], [ -115.279235201772309, 36.088943870617385 ], [ -115.279234677377715, 36.090765134733942 ], [ -115.27923471742217, 36.090779529627184 ], [ -115.279239943608431, 36.092633163822612 ], [ -115.27924221549155, 36.096340138450664 ], [ -115.279242219617231, 36.096344255632729 ], [ -115.279241374812145, 36.098183815924635 ], [ -115.279239584917292, 36.100056130345713 ], [ -115.279240225709231, 36.100056136477725 ], [ -115.280372287046887, 36.100050629672722 ], [ -115.280372590244355, 36.100050628636367 ], [ -115.280373192217738, 36.100050621144632 ], [ -115.28150489916996, 36.1000451099533 ], [ -115.281505973139744, 36.100045104545565 ], [ -115.281506420720604, 36.100045102067249 ], [ -115.282637657816792, 36.100039578092442 ], [ -115.282638599619645, 36.100039574145626 ], [ -115.283770390835258, 36.100034036359695 ], [ -115.284895721813015, 36.100035483065959 ], [ -115.284896119407051, 36.100035483154457 ], [ -115.286021424961206, 36.10003691832371 ], [ -115.287146747290123, 36.100038342965988 ], [ -115.287148875184727, 36.100038346420746 ], [ -115.287152775589007, 36.100038351550801 ], [ -115.287420118817693, 36.100038688194253 ], [ -115.28827245955101, 36.100039757999312 ], [ -115.288231193209569, 36.101968310321546 ], [ -115.288209499418102, 36.102180283868293 ], [ -115.288171885863335, 36.102345310612911 ], [ -115.288106665420585, 36.102504619967242 ], [ -115.288062072538509, 36.102604878723973 ], [ -115.287977584740872, 36.102749242847956 ], [ -115.287877707741771, 36.102895650097174 ], [ -115.287758653226035, 36.103029527783995 ], [ -115.287663653747771, 36.103128428199554 ], [ -115.287540527710533, 36.103233946833171 ], [ -115.287394342284003, 36.103351859059558 ], [ -115.287309662582686, 36.103432572868726 ], [ -115.287161816874146, 36.103601144935595 ], [ -115.287096753524693, 36.103691471715443 ], [ -115.287021346737177, 36.103805695362475 ], [ -115.286965250919749, 36.103897085241776 ], [ -115.286883781094559, 36.104089820111653 ], [ -115.286827303782204, 36.1042826176405 ], [ -115.286803111214851, 36.104398502725807 ], [ -115.286787681184123, 36.104523388292385 ], [ -115.286784267843686, 36.104625397787942 ], [ -115.286783138442274, 36.104724340379171 ], [ -115.286791120635684, 36.104817159502524 ], [ -115.286805862397145, 36.104924745218625 ], [ -115.286827464199334, 36.105020670577737 ], [ -115.286855106221964, 36.105121528396133 ], [ -115.28689705379692, 36.105244545942121 ], [ -115.286950392495825, 36.105359601557325 ], [ -115.286995468398302, 36.105456199605605 ], [ -115.287053457288891, 36.10554299720436 ], [ -115.287137087649043, 36.105658127594943 ], [ -115.28722905510287, 36.105772050038887 ], [ -115.287300717250687, 36.105847818658269 ], [ -115.287385994665115, 36.105927922781142 ], [ -115.287551319003512, 36.106069681724108 ], [ -115.287638857833258, 36.106152863796233 ], [ -115.287705974640133, 36.106229235647888 ], [ -115.287797934365926, 36.106345615488095 ], [ -115.287880804565546, 36.106461972853488 ], [ -115.287938016962855, 36.106554299411727 ], [ -115.288003428459717, 36.106681675392387 ], [ -115.288044738474071, 36.10677334802719 ], [ -115.288068720543535, 36.106841009542052 ], [ -115.288097744927157, 36.106930410347445 ], [ -115.288115163835371, 36.107001969156727 ], [ -115.288129231099546, 36.107074011821908 ], [ -115.288140007915359, 36.107147100909629 ], [ -115.288147284163031, 36.107219802827174 ], [ -115.288147527765545, 36.107368110582215 ], [ -115.288144822820357, 36.107449241264959 ], [ -115.288123930731331, 36.108442795462807 ], [ -115.28810533500581, 36.10930904755871 ], [ -115.288104461403876, 36.109458761250949 ], [ -115.288099114570258, 36.111201438967022 ], [ -115.288084718817942, 36.111917209201849 ], [ -115.288060922953889, 36.113051708761496 ], [ -115.288035818100511, 36.11414192017093 ], [ -115.288026564325847, 36.114494843780193 ], [ -115.288021885615649, 36.114912796949994 ], [ -115.287886455647609, 36.114912575890664 ], [ -115.286898113868006, 36.114910954198045 ], [ -115.285774340026094, 36.114909100899546 ], [ -115.284650568526871, 36.114907238868099 ], [ -115.283526794944706, 36.114905363586175 ], [ -115.283425224396083, 36.114905210448519 ], [ -115.282403124090735, 36.114903662788166 ], [ -115.281279453367986, 36.11490194964842 ], [ -115.280155782763416, 36.114900227772104 ], [ -115.279032111180527, 36.114898493551188 ], [ -115.277903453367472, 36.114870632505955 ], [ -115.276774795320065, 36.114842759926368 ], [ -115.275646138142619, 36.11481487761786 ], [ -115.275645545030898, 36.114814862575841 ], [ -115.275565031576519, 36.114812873097748 ], [ -115.274631451689316, 36.114789800999574 ], [ -115.274517481842821, 36.114786983777847 ], [ -115.2744902241988, 36.114786310577493 ], [ -115.27339238844678, 36.114759161523814 ], [ -115.272327173560242, 36.114732810800781 ], [ -115.272267295920699, 36.114731328706689 ], [ -115.272263671714754, 36.114731239986632 ], [ -115.271142203154341, 36.11470348532356 ], [ -115.270017112369857, 36.114675631380273 ], [ -115.269881680715585, 36.114675407989367 ], [ -115.267014238594172, 36.11467064405948 ], [ -115.265508795423784, 36.114668114705189 ], [ -115.265508303339402, 36.114668114301715 ], [ -115.265508258911382, 36.114668113282605 ], [ -115.263254953995087, 36.114664239965549 ], [ -115.261000372337321, 36.114673067077739 ], [ -115.260828819982919, 36.11467275974708 ], [ -115.259878981293085, 36.114661255815015 ], [ -115.258747864467836, 36.114647545624791 ], [ -115.257626359411418, 36.11463394190568 ], [ -115.257036694872966, 36.114626784312094 ], [ -115.256481254934542, 36.114620809528056 ], [ -115.255311843109922, 36.114617579828497 ], [ -115.25431929746027, 36.114609647237415 ], [ -115.254193375861632, 36.114607233033219 ], [ -115.253081532700818, 36.114586528148614 ], [ -115.251964398688443, 36.114560177786551 ], [ -115.249090609232169, 36.114535083551367 ], [ -115.247004440314299, 36.114518756844085 ], [ -115.245919051620348, 36.114504530244851 ], [ -115.245090305996797, 36.114494922543415 ], [ -115.243635949960577, 36.114478642377058 ], [ -115.243118402460496, 36.114472844175495 ], [ -115.242949185653501, 36.114470071883161 ], [ -115.242771134170681, 36.114470237745245 ], [ -115.240677960315239, 36.114472141440444 ], [ -115.239553514690613, 36.114473149730202 ], [ -115.238426899724047, 36.114474147534473 ], [ -115.237509225533032, 36.114473699735555 ], [ -115.237301770041853, 36.114473596899657 ], [ -115.236184496054406, 36.114473038614946 ], [ -115.235032858416446, 36.114472453909599 ], [ -115.233908455516058, 36.114471870813169 ], [ -115.229391384450054, 36.114458865348539 ], [ -115.226017599566404, 36.114449039233065 ], [ -115.225723526136477, 36.114448178678003 ], [ -115.224879498158074, 36.114445703268714 ], [ -115.224727005630044, 36.114453852900347 ], [ -115.223813970010113, 36.11450697948159 ], [ -115.222767056399846, 36.114567487417766 ], [ -115.221723415741479, 36.114627782463728 ], [ -115.221708278115784, 36.114628657938013 ], [ -115.220751660486044, 36.114683963182465 ], [ -115.220694890980894, 36.114687245279512 ], [ -115.220671143412858, 36.114688617335787 ], [ -115.220663621258751, 36.114689051542577 ], [ -115.220662061369168, 36.114689362280139 ], [ -115.220657751310355, 36.114689390702189 ], [ -115.2206503458181, 36.114689818951923 ], [ -115.220524965474823, 36.114697133126818 ], [ -115.21964113695131, 36.114748683110072 ], [ -115.219605021566963, 36.11475078985346 ], [ -115.219601726024379, 36.114750982648651 ], [ -115.218569330243611, 36.11481069847256 ], [ -115.218564062494167, 36.114811003309548 ], [ -115.217522890725789, 36.114869559485093 ], [ -115.217519598539468, 36.114869745022773 ], [ -115.21751603961242, 36.11486996219341 ], [ -115.216998751714328, 36.114901511007609 ], [ -115.216598178343915, 36.114922554860129 ], [ -115.216467555247732, 36.114929416123907 ], [ -115.2149688063067, 36.115012302871662 ], [ -115.214959581173446, 36.115013222697954 ], [ -115.21448632735239, 36.115039520576865 ], [ -115.213227866882562, 36.115114472039856 ], [ -115.212260975330665, 36.115172049065883 ], [ -115.212260980592148, 36.115172111272067 ], [ -115.212258582162022, 36.115172150716376 ], [ -115.212258437546495, 36.115172195333933 ], [ -115.21111605085477, 36.115238178757309 ], [ -115.210913819876197, 36.115249858017989 ], [ -115.208262470660827, 36.11540295199022 ], [ -115.208054403316524, 36.11541495426281 ], [ -115.207854332308756, 36.115416063735417 ], [ -115.206399178635792, 36.115424043627229 ], [ -115.205871411583075, 36.115426954544517 ], [ -115.20522729477149, 36.115430461540363 ], [ -115.205205538869407, 36.115430580394808 ], [ -115.204049942130823, 36.115436897555952 ], [ -115.203727703718371, 36.115438650977062 ], [ -115.202877682626152, 36.115443294900629 ], [ -115.201728775235424, 36.11544955231377 ], [ -115.200582511570033, 36.115455785517156 ], [ -115.199532946934724, 36.115461482754341 ], [ -115.199403476916203, 36.115462155173958 ], [ -115.199402939280731, 36.115462155254811 ], [ -115.194743734930626, 36.115485448216333 ], [ -115.194741963135755, 36.115485456894163 ], [ -115.194683561639962, 36.115485747973757 ], [ -115.192551913844198, 36.115496302893035 ], [ -115.190240796798506, 36.115507704275096 ], [ -115.19008133802464, 36.115508585542997 ], [ -115.190080983976472, 36.11550852489566 ], [ -115.189452848873543, 36.115505301016931 ], [ -115.189186576271084, 36.115503946385807 ], [ -115.188745728881131, 36.115501703939806 ], [ -115.188431924763719, 36.115485200714232 ], [ -115.188286954923385, 36.115470891703964 ], [ -115.188127737423031, 36.115448011933886 ], [ -115.187394335723795, 36.115270072346554 ], [ -115.187104977539775, 36.11520000717158 ], [ -115.18521339867381, 36.114741960743565 ], [ -115.184497983420187, 36.114567884687361 ], [ -115.184122624585882, 36.114477351417669 ], [ -115.183441332217029, 36.114356781243501 ], [ -115.183394492300749, 36.1143499283152 ], [ -115.182958501752097, 36.114323748507218 ] ] ] } },
{ "type": "Feature", "properties": { "COMMISSION": "B", "NAME": "B - Marilyn Kirkpatrick (D)", "Shape_Leng": 1790807.3538299999, "Shape_Area": 115431778376.00002 }, "geometry": { "type": "Polygon", "coordinates": [ [ [ -114.762507634125654, 36.853473792659429 ], [ -114.762301558761635, 36.843856889479397 ], [ -114.757728714616221, 36.843839928384234 ], [ -114.753155875887529, 36.843822791397955 ], [ -114.748583039142886, 36.843805475766743 ], [ -114.744172557274041, 36.843795976950368 ], [ -114.739762079693818, 36.843786315403605 ], [ -114.735351607578721, 36.843776489332662 ], [ -114.730941138712183, 36.843766499623122 ], [ -114.726358688445345, 36.843738732230271 ], [ -114.721776245027357, 36.843710788224172 ], [ -114.717193808487977, 36.84368266850673 ], [ -114.712611377766194, 36.843654371268372 ], [ -114.708107603537613, 36.843614622671907 ], [ -114.703603836325982, 36.84357470438691 ], [ -114.699100077300528, 36.843534615521541 ], [ -114.694596326509554, 36.843494355175665 ], [ -114.690143004942783, 36.843488476141161 ], [ -114.685689686427537, 36.843482429363952 ], [ -114.681236373232309, 36.843476215762365 ], [ -114.676783063151433, 36.84346983531983 ], [ -114.672258255150851, 36.843474570440179 ], [ -114.667733451378737, 36.843479133318446 ], [ -114.663523968791026, 36.843483223149875 ], [ -114.663208650763195, 36.843483523045194 ], [ -114.663182947493482, 36.843483547555081 ], [ -114.663015051021802, 36.843483706652385 ], [ -114.662839901252525, 36.843483873323116 ], [ -114.662673186570672, 36.843484031176871 ], [ -114.66233132214856, 36.84348435381699 ], [ -114.662094930364148, 36.843484577418707 ], [ -114.660110213478546, 36.8434864298966 ], [ -114.658683847726351, 36.843487740478089 ], [ -114.654209087779506, 36.843508030035785 ], [ -114.649734330245295, 36.843528151113759 ], [ -114.645259572918704, 36.843548103694381 ], [ -114.640784818068013, 36.843567888696285 ], [ -114.636310063510237, 36.843587504299535 ], [ -114.631835311513797, 36.843606951422906 ], [ -114.627360559862396, 36.843626230949496 ], [ -114.622885810857809, 36.843645341095097 ], [ -114.618411062283812, 36.843664282742672 ], [ -114.61393631529873, 36.843683055901131 ], [ -114.609461571049337, 36.843701661480701 ], [ -114.604986827353457, 36.843720097660878 ], [ -114.600383260160584, 36.843738888792934 ], [ -114.595779694796292, 36.843757502495706 ], [ -114.591176131324218, 36.843775936967035 ], [ -114.586572569773253, 36.843794193107904 ], [ -114.582054960779089, 36.843811935246649 ], [ -114.577537353712202, 36.843829505651776 ], [ -114.573019748610818, 36.84384690432325 ], [ -114.568502145513165, 36.84386413126105 ], [ -114.5640439351818, 36.843880964056986 ], [ -114.559585726887775, 36.843897628703907 ], [ -114.555127520655958, 36.84391412610286 ], [ -114.550669316547328, 36.84393045445178 ], [ -114.546098920613915, 36.843929028311052 ], [ -114.541528529130204, 36.843927424630522 ], [ -114.536958140990464, 36.843925645202745 ], [ -114.53238775847646, 36.843923690047809 ], [ -114.527862816481402, 36.843921581453309 ], [ -114.523337878991512, 36.84391929969825 ], [ -114.518812946020446, 36.84391684658511 ], [ -114.514288017631529, 36.843914220312158 ], [ -114.509648509847707, 36.843911349186889 ], [ -114.5050090080708, 36.843908296979187 ], [ -114.500369511221166, 36.843905063679443 ], [ -114.49573001248234, 36.843901650767634 ], [ -114.491137707389541, 36.843898094907118 ], [ -114.486545408379754, 36.843894360729955 ], [ -114.481953114359371, 36.843890449127279 ], [ -114.477360824234495, 36.84388636099014 ], [ -114.472724065699083, 36.843882052964993 ], [ -114.468087313507553, 36.843877563171858 ], [ -114.46345056543305, 36.843872893392259 ], [ -114.458813822650995, 36.843868042736084 ], [ -114.454198394622296, 36.843863034308171 ], [ -114.449582970798318, 36.843857846652597 ], [ -114.444967553461964, 36.843852479791131 ], [ -114.440352141532998, 36.843846933713593 ], [ -114.435799889367757, 36.84384128828134 ], [ -114.43124764142064, 36.843835468494035 ], [ -114.426695399972971, 36.843829474373834 ], [ -114.422143163942764, 36.843823305910369 ], [ -114.417518437654664, 36.843816860342599 ], [ -114.412893717039466, 36.843810234835374 ], [ -114.408269001003404, 36.843803430279088 ], [ -114.40364429185712, 36.843796444894373 ], [ -114.399112559935006, 36.843789425505157 ], [ -114.394580832495834, 36.843782233329186 ], [ -114.390049111820289, 36.843774868389339 ], [ -114.385517395704895, 36.84376733066361 ], [ -114.380957256864164, 36.843759571389889 ], [ -114.376397123854574, 36.843751637168033 ], [ -114.371836995594478, 36.84374352798708 ], [ -114.371194969248151, 36.843742372017687 ], [ -114.367276874365231, 36.843735243870377 ], [ -114.362637405173913, 36.843726635805091 ], [ -114.357997941061072, 36.843717846640423 ], [ -114.353358483174759, 36.843708877289473 ], [ -114.348719032706271, 36.843699725962367 ], [ -114.344129655090526, 36.843690495614162 ], [ -114.339540284838563, 36.84368108717841 ], [ -114.334950919719319, 36.843671502434276 ], [ -114.330361560908415, 36.843661740493026 ], [ -114.32735179395786, 36.84365524223179 ], [ -114.322839403875761, 36.843645356937131 ], [ -114.318327021115564, 36.843635300351664 ], [ -114.313814643488314, 36.843625071551202 ], [ -114.309302272123361, 36.8436146723501 ], [ -114.304789908194692, 36.843604101860059 ], [ -114.300277549498432, 36.843593360057518 ], [ -114.295765198314712, 36.843582446967211 ], [ -114.291252852454804, 36.84357136166453 ], [ -114.286740514168528, 36.843560105976309 ], [ -114.2822281812672, 36.843548678977761 ], [ -114.277715854909871, 36.843537080681628 ], [ -114.273203536255693, 36.84352531110089 ], [ -114.268691223100788, 36.843513370211475 ], [ -114.26417891661977, 36.84350125712534 ], [ -114.259666617940795, 36.843488973657472 ], [ -114.255154324875477, 36.843476518882618 ], [ -114.250642039703891, 36.843463892826421 ], [ -114.246129764353114, 36.843451099771478 ], [ -114.241617496551228, 36.843438135237072 ], [ -114.237105236741129, 36.843425000324572 ], [ -114.232592982734772, 36.843411694108312 ], [ -114.228080736812103, 36.843398216614361 ], [ -114.223568496769374, 36.84338456781785 ], [ -114.219056263765623, 36.843370747732223 ], [ -114.215105189507113, 36.843373279648624 ], [ -114.210594756005975, 36.843376009875428 ], [ -114.206084328787554, 36.843378568922979 ], [ -114.201573905648104, 36.843380956765706 ], [ -114.197063487762847, 36.843383172515971 ], [ -114.192553076258321, 36.843385217989137 ], [ -114.188042670067887, 36.843387092271598 ], [ -114.183532268108678, 36.843388795350535 ], [ -114.179021871539703, 36.84339032723944 ], [ -114.174511481519929, 36.843391687951993 ], [ -114.170001095845592, 36.843392877462058 ], [ -114.168928274676759, 36.843393135074038 ], [ -114.165490716813281, 36.843393894895726 ], [ -114.160980342185965, 36.843394742028515 ], [ -114.156469974260105, 36.843395417986713 ], [ -114.151959610831966, 36.843395922743838 ], [ -114.147449253060557, 36.843396256313753 ], [ -114.143004781008173, 36.843352298275882 ], [ -114.13856031850699, 36.843308174111797 ], [ -114.134115866714311, 36.843263883836237 ], [ -114.129671425666515, 36.843219427450414 ], [ -114.127985618400174, 36.843218038474674 ], [ -114.127985081386313, 36.843218037306279 ], [ -114.12068053685779, 36.84321312014437 ], [ -114.118958006230088, 36.843211894574338 ], [ -114.115784763732719, 36.843208252589321 ], [ -114.115442958014754, 36.843207855429704 ], [ -114.111683788249167, 36.843203419530099 ], [ -114.109928284637462, 36.843201307852674 ], [ -114.102680778739909, 36.843196423399576 ], [ -114.102678489366241, 36.843196421914719 ], [ -114.101349764164297, 36.843195478213559 ], [ -114.100912337514217, 36.843195164430902 ], [ -114.09524424832037, 36.843190482199589 ], [ -114.095037395140437, 36.843190306427751 ], [ -114.094829099082474, 36.84319012844675 ], [ -114.093673239478917, 36.843189135997797 ], [ -114.092086935737214, 36.843187756451663 ], [ -114.091891388308895, 36.8431875845787 ], [ -114.090025639765344, 36.843186069810784 ], [ -114.089842371978207, 36.843185919977778 ], [ -114.089659105340019, 36.843185768975339 ], [ -114.089382037671427, 36.843185540828415 ], [ -114.088844343887487, 36.843185095581504 ], [ -114.088322593861506, 36.843184661906356 ], [ -114.087931582985107, 36.843184335336552 ], [ -114.087680226499216, 36.843184123914284 ], [ -114.087394032954236, 36.843183883530948 ], [ -114.087171938136748, 36.84318369687832 ], [ -114.086949843352343, 36.843183508909753 ], [ -114.086727748583485, 36.843183320526109 ], [ -114.086505653812637, 36.843183132628305 ], [ -114.0862835590749, 36.84318294341454 ], [ -114.086061464352724, 36.843182753785733 ], [ -114.085839369628559, 36.843182564642738 ], [ -114.085410789822362, 36.843182197099097 ], [ -114.085127561891312, 36.843181953484738 ], [ -114.084665570339823, 36.843175569836916 ], [ -114.082868745626882, 36.843174005162489 ], [ -114.079338612245593, 36.843170812205855 ], [ -114.079163772705286, 36.843170650716253 ], [ -114.07898893091533, 36.843170489841974 ], [ -114.076755747312603, 36.843168408637197 ], [ -114.075669191213706, 36.843167381387694 ], [ -114.073856483387047, 36.843165644725431 ], [ -114.072688464932824, 36.843164443253031 ], [ -114.072483454130335, 36.843164230895084 ], [ -114.067785837940093, 36.843159272877806 ], [ -114.067580827463289, 36.843159052062383 ], [ -114.066634331501177, 36.843158029571477 ], [ -114.064835433257656, 36.843156063824615 ], [ -114.062242211046595, 36.843153789957547 ], [ -114.062001994238329, 36.84315357664245 ], [ -114.057607898840288, 36.84314958373357 ], [ -114.057607898681937, 36.843149140388178 ], [ -114.054225012989107, 36.843145719587703 ], [ -114.051808963514262, 36.843143218172564 ], [ -114.05180823253346, 36.843143217764961 ], [ -114.050354689333574, 36.843141976793753 ], [ -114.050275656081212, 36.838325154667864 ], [ -114.050260797000959, 36.837419573094628 ], [ -114.050256956079323, 36.837185430161298 ], [ -114.050254252286237, 36.837020671605615 ], [ -114.050249211950415, 36.836713525531586 ], [ -114.05024572851039, 36.836501175889367 ], [ -114.050242604707222, 36.836310792597359 ], [ -114.05023988095229, 36.836144787534408 ], [ -114.050236604359185, 36.835945099257991 ], [ -114.050233900558439, 36.835780340670638 ], [ -114.050231197895414, 36.835615581192627 ], [ -114.050228494092622, 36.835450822596862 ], [ -114.050224860748514, 36.835229359910755 ], [ -114.050223683351788, 36.835157612289656 ], [ -114.050220066468938, 36.834937177966289 ], [ -114.0502162945739, 36.834707269223358 ], [ -114.050214175573828, 36.834578073937649 ], [ -114.050153120901143, 36.830856690644829 ], [ -114.050136832629704, 36.829863995054453 ], [ -114.050112565617226, 36.82838508149284 ], [ -114.050114743344054, 36.827407151310716 ], [ -114.05011937120878, 36.825437453921509 ], [ -114.050120508808178, 36.82492632699757 ], [ -114.050121621067873, 36.824426459928375 ], [ -114.05012214185831, 36.824192728713761 ], [ -114.050123425507337, 36.823615912025232 ], [ -114.050127438083308, 36.821812605663411 ], [ -114.050127439066486, 36.821811994725856 ], [ -114.050128923781912, 36.821144296603322 ], [ -114.050129083333815, 36.821073112138372 ], [ -114.050129194620794, 36.821022994022407 ], [ -114.050129225413386, 36.821009262455377 ], [ -114.050130561613287, 36.820408307309009 ], [ -114.050131740809945, 36.819878177076241 ], [ -114.050131914178621, 36.819799950625558 ], [ -114.050132228829739, 36.81965847370315 ], [ -114.050135242043069, 36.818302989121854 ], [ -114.050135498087712, 36.818187755251898 ], [ -114.050136173888887, 36.817883752971547 ], [ -114.050136867552268, 36.817571438193767 ], [ -114.050136895576941, 36.817558574349768 ], [ -114.050137801860132, 36.817150890916032 ], [ -114.050138784762993, 36.816708804169537 ], [ -114.050139420684843, 36.816422236829254 ], [ -114.050143551132933, 36.81456290719148 ], [ -114.050145038260041, 36.813892994317968 ], [ -114.050128029173749, 36.81146909231839 ], [ -114.050123163630317, 36.810933947125989 ], [ -114.050110508504275, 36.809837365114952 ], [ -114.050109460739293, 36.809746572159497 ], [ -114.050104207658819, 36.809291354638752 ], [ -114.050096980837523, 36.80866524076265 ], [ -114.050093901308585, 36.808398482878566 ], [ -114.050090825159515, 36.808131835863392 ], [ -114.050088606768995, 36.807939608030111 ], [ -114.050087663553242, 36.807857224639527 ], [ -114.050087171036751, 36.807814496734771 ], [ -114.050045474323696, 36.804140585616366 ], [ -114.050040719667038, 36.803721711351479 ], [ -114.050007168268067, 36.800786789326615 ], [ -114.050004227149188, 36.800529592773195 ], [ -114.050002746670316, 36.800400086947434 ], [ -114.049999032029476, 36.800075085425462 ], [ -114.04999451721136, 36.79968024388058 ], [ -114.049957341041932, 36.796428457400275 ], [ -114.049938073613205, 36.792798763573138 ], [ -114.049918800738368, 36.789169068530505 ], [ -114.049899524693629, 36.78553937049962 ], [ -114.049880244322992, 36.781909671267833 ], [ -114.04993558577587, 36.778283543491497 ], [ -114.049990917003328, 36.774657414349178 ], [ -114.050021314450873, 36.772664973409626 ], [ -114.050046236923237, 36.771031282024708 ], [ -114.05010154550169, 36.76740514831998 ], [ -114.050158154021744, 36.763779024729082 ], [ -114.050214749979204, 36.76015289883874 ], [ -114.0502713355975, 36.756526771578827 ], [ -114.05032790979476, 36.752900641133252 ], [ -114.050239639055079, 36.749343889351117 ], [ -114.050151367178273, 36.745787138264618 ], [ -114.050063097574778, 36.742230384344055 ], [ -114.050050280244776, 36.741713921352485 ], [ -114.049974829087816, 36.738673629376883 ], [ -114.049987443560596, 36.735061196607205 ], [ -114.050000050784689, 36.731448761690153 ], [ -114.050012650760962, 36.727836324625834 ], [ -114.05002524349031, 36.724223885414368 ], [ -114.050002864036088, 36.720548523398456 ], [ -114.049980480447601, 36.716873158333335 ], [ -114.049958092689096, 36.713197792020914 ], [ -114.049935700778462, 36.709522423560351 ], [ -114.049833901206739, 36.7058696231339 ], [ -114.049732106172812, 36.702216820690325 ], [ -114.049630312318172, 36.698564016186481 ], [ -114.049528522979358, 36.694911210566637 ], [ -114.049448752744297, 36.691257473682455 ], [ -114.049368982701594, 36.687603735638319 ], [ -114.049289215122883, 36.68394999466139 ], [ -114.049209447733745, 36.680296252524755 ], [ -114.049116115838061, 36.676688477506389 ], [ -114.049022787710115, 36.67308070051795 ], [ -114.048929461093408, 36.669472922431524 ], [ -114.048836137140441, 36.665865141459953 ], [ -114.048488834227157, 36.651794628225844 ], [ -114.048113055406887, 36.637218967306111 ], [ -114.04779452732248, 36.622735542317926 ], [ -114.047504407349848, 36.608137541921216 ], [ -114.047071735491357, 36.593744930791331 ], [ -114.046696113097909, 36.578870808821193 ], [ -114.04660226204561, 36.575307181288835 ], [ -114.046508413689637, 36.571743551824554 ], [ -114.046414568028268, 36.568179920428477 ], [ -114.046320725059786, 36.564616287100719 ], [ -114.046241103463856, 36.561018338569191 ], [ -114.046161483208309, 36.557420388058375 ], [ -114.046081864291693, 36.553822435568392 ], [ -114.046002246694798, 36.550224482000267 ], [ -114.045922609588587, 36.546563415448972 ], [ -114.04584297369901, 36.542902348649498 ], [ -114.04576334021246, 36.539241278012661 ], [ -114.045683706823155, 36.535580207113483 ], [ -114.045675398758362, 36.531959863929565 ], [ -114.045667085354779, 36.528339518639953 ], [ -114.045658767711132, 36.52471917215999 ], [ -114.045650443613113, 36.521098823560095 ], [ -114.045506652009706, 36.517420017699813 ], [ -114.045484120954768, 36.516843565348623 ], [ -114.045362866559472, 36.513741210678084 ], [ -114.045219089509374, 36.510062401622953 ], [ -114.045075319757998, 36.506383589619347 ], [ -114.045011731915864, 36.50262451960959 ], [ -114.044948142550936, 36.498865445869157 ], [ -114.044884550270154, 36.495106366371004 ], [ -114.044820957548012, 36.491347284699813 ], [ -114.043670983969889, 36.476822248011658 ], [ -114.043136790209445, 36.469720821277832 ], [ -114.043003264913835, 36.462461808452318 ], [ -114.042847277032337, 36.448174278547185 ], [ -114.042807598638078, 36.433680962294666 ], [ -114.042773084185015, 36.418797210705783 ], [ -114.04290278028661, 36.404397008866191 ], [ -114.04306116609375, 36.389974084123352 ], [ -114.043014089926302, 36.382623785627487 ], [ -114.043135132883165, 36.380502137462791 ], [ -114.043418783582752, 36.375529701314377 ], [ -114.044003537572252, 36.361087122781505 ], [ -114.044706162774318, 36.346300908337732 ], [ -114.044777300459941, 36.331968991818883 ], [ -114.044052433463392, 36.317630755388258 ], [ -114.044109582216961, 36.315403222722232 ], [ -114.044346691998328, 36.310237148344619 ], [ -114.045035930768805, 36.303053376476122 ], [ -114.04555963490256, 36.288839773166075 ], [ -114.045517979579799, 36.27439201128503 ], [ -114.044743204969066, 36.259524961120754 ], [ -114.043849142034688, 36.245116308837233 ], [ -114.044002062308323, 36.230991554900676 ], [ -114.044082423107739, 36.215878510502932 ], [ -114.043976280688099, 36.208665346905974 ], [ -114.043978668433084, 36.208194514132821 ], [ -114.043981566876326, 36.207622670442703 ], [ -114.044013410955046, 36.201338479838235 ], [ -114.043982264798217, 36.197669383630625 ], [ -114.043945548367688, 36.193344642880398 ], [ -114.045455226749567, 36.192897188890505 ], [ -114.048902179051751, 36.191844829175331 ], [ -114.051730145090673, 36.190374049895524 ], [ -114.053723490722234, 36.189815421214824 ], [ -114.056344485194927, 36.188986040393743 ], [ -114.058657411886657, 36.187832644106187 ], [ -114.05994376538257, 36.186480058597738 ], [ -114.061302814102987, 36.185050967259393 ], [ -114.062087216345247, 36.18395920489408 ], [ -114.065028000913571, 36.179865776951289 ], [ -114.067344221481662, 36.17610492103411 ], [ -114.067656581529533, 36.175597709193781 ], [ -114.068589974401007, 36.174082015509363 ], [ -114.069680619715768, 36.172212137588033 ], [ -114.072097545481839, 36.168068025087706 ], [ -114.073239013349394, 36.16521691493007 ], [ -114.073651156567735, 36.16418742650405 ], [ -114.074673600076295, 36.161633340481352 ], [ -114.076781247616069, 36.158459200090419 ], [ -114.07710158067151, 36.157976748708386 ], [ -114.07713710057368, 36.157903782557867 ], [ -114.077271297208739, 36.15762811515345 ], [ -114.080855520657877, 36.150264589236151 ], [ -114.080942349928975, 36.150095859120498 ], [ -114.082656893043691, 36.14676392067458 ], [ -114.084895463326802, 36.144598757591183 ], [ -114.085812836300988, 36.143670798049826 ], [ -114.08699164199119, 36.142478402579208 ], [ -114.088721818853799, 36.140358044826989 ], [ -114.088891715140718, 36.140149826791806 ], [ -114.089046761735204, 36.139780956766472 ], [ -114.089965325846308, 36.137595527508083 ], [ -114.090008375132186, 36.137493101240914 ], [ -114.090585518415779, 36.136119901595094 ], [ -114.092536067543563, 36.131954053384341 ], [ -114.09362279184289, 36.129277165520094 ], [ -114.096393827592578, 36.122450461078742 ], [ -114.097293269711727, 36.120757420562015 ], [ -114.098209496831331, 36.120006242768419 ], [ -114.098372380055977, 36.119951594024741 ], [ -114.099348083003434, 36.119624230413812 ], [ -114.099796911865397, 36.119583535582223 ], [ -114.100484990194474, 36.119521144920107 ], [ -114.102841563541091, 36.119307433503963 ], [ -114.103094406711293, 36.119284500764245 ], [ -114.103234554205784, 36.119245362635461 ], [ -114.10945908667793, 36.11750687960506 ], [ -114.10968828158704, 36.117442859230174 ], [ -114.111272996054822, 36.116064306902651 ], [ -114.113578294946819, 36.114058785590942 ], [ -114.11513927601132, 36.110587289179712 ], [ -114.115994509481382, 36.104830622820721 ], [ -114.114967395497075, 36.100309116829472 ], [ -114.114072636761946, 36.099221518966644 ], [ -114.113406578802625, 36.09841188928025 ], [ -114.112173590893889, 36.096872469172844 ], [ -114.112101769484667, 36.096782796622499 ], [ -114.111870586288461, 36.096494148209047 ], [ -114.11179672694746, 36.095551835923608 ], [ -114.111920440492796, 36.094679891030182 ], [ -114.112887633170786, 36.093595855072159 ], [ -114.114054126682149, 36.09228838999617 ], [ -114.115137396330041, 36.091074156928485 ], [ -114.116526140581072, 36.089513347125227 ], [ -114.116751227045569, 36.089260365399525 ], [ -114.11702998647651, 36.088947054598357 ], [ -114.118325354766228, 36.087491091205933 ], [ -114.119648577839968, 36.0858238973548 ], [ -114.120241399644826, 36.084641823083203 ], [ -114.120551447911055, 36.084023576622165 ], [ -114.121186577317317, 36.082757074421338 ], [ -114.121239412231034, 36.082622958759352 ], [ -114.12401963369517, 36.075564986066716 ], [ -114.125892099684464, 36.072936931193809 ], [ -114.126432233199623, 36.072316800680838 ], [ -114.128391791635025, 36.070066914313067 ], [ -114.129768932790995, 36.068485637068839 ], [ -114.133389526393799, 36.0616664513554 ], [ -114.13353509316218, 36.061287169996504 ], [ -114.134428924502387, 36.058958152807016 ], [ -114.135200971111232, 36.056945924912391 ], [ -114.135201419815388, 36.056944333362061 ], [ -114.135560331641997, 36.055619341560401 ], [ -114.136206575731919, 36.053233517448241 ], [ -114.135928213797342, 36.050360259974049 ], [ -114.135200407308957, 36.047162226822707 ], [ -114.134871599667548, 36.045571252163086 ], [ -114.134824822850319, 36.045344911546195 ], [ -114.134841920851471, 36.043874939975076 ], [ -114.135600571437536, 36.041603199470977 ], [ -114.135633445886612, 36.041504757033103 ], [ -114.135721981529827, 36.041239629645197 ], [ -114.136039398523124, 36.040612967706366 ], [ -114.13711311658092, 36.038493097118284 ], [ -114.138260953099362, 36.037191938894559 ], [ -114.140481190675757, 36.036219947627337 ], [ -114.143153828314112, 36.035297045999101 ], [ -114.144666554036874, 36.034274041991111 ], [ -114.145672579627373, 36.032971815659202 ], [ -114.145757529564108, 36.030491627498179 ], [ -114.1456380025123, 36.028561278771122 ], [ -114.145908035416639, 36.027230903010327 ], [ -114.146078613011525, 36.027046486804693 ], [ -114.147828948694084, 36.025154088420152 ], [ -114.150226153794378, 36.023517008824271 ], [ -114.151391396254866, 36.023134655839577 ], [ -114.153339057060265, 36.023170494430261 ], [ -114.153401409259885, 36.023171641786369 ], [ -114.154697049511952, 36.023777885432629 ], [ -114.157345357320139, 36.024967753969428 ], [ -114.15911976321145, 36.02556636899093 ], [ -114.161238258968737, 36.026281021352553 ], [ -114.164403390220315, 36.026854103930916 ], [ -114.165438544079862, 36.026914396310453 ], [ -114.166535631843999, 36.026978286555895 ], [ -114.166638906580033, 36.026984300518308 ], [ -114.17037120226621, 36.026767130080792 ], [ -114.171245418790051, 36.026716245203943 ], [ -114.171937682211251, 36.026675946671226 ], [ -114.172842740235637, 36.026729001917843 ], [ -114.17326774189651, 36.026753913589147 ], [ -114.174684474793565, 36.026671655056766 ], [ -114.176304560401192, 36.026131344418552 ], [ -114.177269922907925, 36.025571991768103 ], [ -114.179439372845394, 36.024314905562449 ], [ -114.182197184662613, 36.023299810717397 ], [ -114.185861209568657, 36.022267750490549 ], [ -114.189032356995526, 36.020718384185031 ], [ -114.191241283418591, 36.019639055861603 ], [ -114.193795168523806, 36.019127693771523 ], [ -114.197569846293618, 36.0183027298675 ], [ -114.200067436604101, 36.017744917728308 ], [ -114.201228217913581, 36.017752537168896 ], [ -114.204157134943813, 36.01657725926151 ], [ -114.206053545978008, 36.016635581813439 ], [ -114.207027352216741, 36.016376050891118 ], [ -114.209442535192935, 36.015732334483552 ], [ -114.210596568617078, 36.015424730097827 ], [ -114.211307388171264, 36.015111795549231 ], [ -114.211933481020196, 36.014836156256074 ], [ -114.21354966197751, 36.014616904561571 ], [ -114.214680129651072, 36.014807968588386 ], [ -114.216610375840929, 36.014338012380513 ], [ -114.218760340326241, 36.014512631621592 ], [ -114.221453719627362, 36.014162351982783 ], [ -114.224231075231927, 36.01390443397581 ], [ -114.224799428663687, 36.013701312803818 ], [ -114.226460495899772, 36.014607737069269 ], [ -114.228016390663939, 36.014732467093545 ], [ -114.229493820000371, 36.014236472554636 ], [ -114.231854998746158, 36.013148792621074 ], [ -114.233443739885885, 36.012837219544913 ], [ -114.235367170803016, 36.013010100119182 ], [ -114.23689358574785, 36.013249382941325 ], [ -114.238155138294957, 36.014474731646374 ], [ -114.2391703282929, 36.014871581466259 ], [ -114.240440605879357, 36.015247043383518 ], [ -114.242139998112833, 36.015188719894034 ], [ -114.242656893549935, 36.015212567113466 ], [ -114.243866295749072, 36.015268354030532 ], [ -114.244794956263732, 36.015825420692735 ], [ -114.246112115783319, 36.017165884342674 ], [ -114.248123701632139, 36.018379716825621 ], [ -114.248419821243601, 36.018558394825327 ], [ -114.24904108858378, 36.018815289162283 ], [ -114.251634275684339, 36.019887525745915 ], [ -114.259519404453485, 36.024208312089065 ], [ -114.260430730195182, 36.024812093482083 ], [ -114.261925965287674, 36.025802698469576 ], [ -114.262388837444504, 36.026109346001242 ], [ -114.264184483959895, 36.027734795777562 ], [ -114.264381489148562, 36.027913121928535 ], [ -114.265971902826479, 36.030311693752132 ], [ -114.267447734673539, 36.032847375288796 ], [ -114.268587255132786, 36.035036448097785 ], [ -114.269221149804878, 36.036809013303802 ], [ -114.269091364185854, 36.038485102575393 ], [ -114.268897152822575, 36.040941807343458 ], [ -114.269156369285483, 36.04206691032347 ], [ -114.269549022173365, 36.04377112885637 ], [ -114.270862974269747, 36.045524779805675 ], [ -114.272300009443626, 36.046291427179575 ], [ -114.273912178314461, 36.046530765198703 ], [ -114.276154178110232, 36.046084699852599 ], [ -114.278167793828914, 36.045821016787109 ], [ -114.278217723583168, 36.0458306748532 ], [ -114.279637927706432, 36.046105374678156 ], [ -114.280133897289673, 36.046348186645531 ], [ -114.284007525552809, 36.04824447508441 ], [ -114.28799345402247, 36.049071841812783 ], [ -114.290868846227085, 36.05051281859506 ], [ -114.291928470482986, 36.052264772432913 ], [ -114.293436729615152, 36.054501716454617 ], [ -114.295662784104721, 36.055984184737561 ], [ -114.295942014164169, 36.05617013409119 ], [ -114.297103047919279, 36.056649421199076 ], [ -114.297812601903829, 36.056942322907659 ], [ -114.297831043765839, 36.056949935299116 ], [ -114.298594490454903, 36.057265076506539 ], [ -114.300972201946365, 36.057462525581606 ], [ -114.302861917291395, 36.057343787756672 ], [ -114.304657145831456, 36.057230959465215 ], [ -114.308625585592651, 36.056977909316629 ], [ -114.311905333022267, 36.057662651509432 ], [ -114.313592104435173, 36.05905042978889 ], [ -114.314428312925813, 36.060525274066421 ], [ -114.314329439488304, 36.062017830799263 ], [ -114.313806254244938, 36.063549849976269 ], [ -114.313601291294361, 36.064150017698289 ], [ -114.31242135286719, 36.066118850527992 ], [ -114.310283020092768, 36.067553920055268 ], [ -114.307486554919478, 36.069674328002208 ], [ -114.305854560669871, 36.071479722234798 ], [ -114.305486306354368, 36.07211680818704 ], [ -114.304385534355632, 36.074021085855364 ], [ -114.304237829823151, 36.0751030822342 ], [ -114.304172466784848, 36.075581887435916 ], [ -114.30478520888677, 36.076710964369383 ], [ -114.305394695112724, 36.078184567967817 ], [ -114.306246936139004, 36.080968899743567 ], [ -114.306941074846549, 36.082488932769238 ], [ -114.310418191296236, 36.086069125423123 ], [ -114.310972953252971, 36.086640292562102 ], [ -114.313088015818437, 36.088817809137858 ], [ -114.31516047165762, 36.091471130854337 ], [ -114.315387107376893, 36.091712134739154 ], [ -114.3159731314407, 36.092335306862076 ], [ -114.316984674386077, 36.093410938649129 ], [ -114.319068659552514, 36.094846817203397 ], [ -114.32086759685447, 36.096464828969516 ], [ -114.322095775782614, 36.098516082021661 ], [ -114.32264992506191, 36.099897424277579 ], [ -114.323460006248766, 36.101188298918615 ], [ -114.323789473203732, 36.101419529567323 ], [ -114.324614687696226, 36.101998684694991 ], [ -114.325540970222292, 36.102991572843997 ], [ -114.325815762305993, 36.103934898474442 ], [ -114.326997378238389, 36.10490622019303 ], [ -114.327004255630186, 36.104910021675565 ], [ -114.328802431977095, 36.105903937277823 ], [ -114.331012068914859, 36.106053942575052 ], [ -114.33146953863826, 36.106105394659195 ], [ -114.333588949124064, 36.106343745660013 ], [ -114.334633785313827, 36.106785905080571 ], [ -114.335475199409629, 36.107778256843915 ], [ -114.336286189376182, 36.109000144657912 ], [ -114.337265458055015, 36.110429683724803 ], [ -114.338816632925187, 36.111311001576098 ], [ -114.338840480901652, 36.111334989907611 ], [ -114.340951814109346, 36.113458900292578 ], [ -114.342526353801091, 36.11576782841977 ], [ -114.342602693415898, 36.115879769450459 ], [ -114.345101894623241, 36.11855787262143 ], [ -114.348594361317254, 36.121149369037092 ], [ -114.351409465868343, 36.122972719386972 ], [ -114.352456474974034, 36.12365083189065 ], [ -114.352866429152542, 36.123906911784943 ], [ -114.357277632848223, 36.126662202022587 ], [ -114.357278333561325, 36.126662648102425 ], [ -114.358969614889475, 36.127797131892471 ], [ -114.360040271518642, 36.128840652774464 ], [ -114.36062836514887, 36.129413825382073 ], [ -114.364500835279543, 36.134074239672245 ], [ -114.365530630659066, 36.136307790618943 ], [ -114.36738302196332, 36.138522648269699 ], [ -114.368553548396207, 36.140894716939172 ], [ -114.368986819972037, 36.141354946496499 ], [ -114.369858992016688, 36.142281365630872 ], [ -114.370183440298405, 36.142625986084795 ], [ -114.371329367867119, 36.143055185365483 ], [ -114.371738219697676, 36.143208311874155 ], [ -114.373747298849295, 36.143724037402045 ], [ -114.375279880264173, 36.143594099321746 ], [ -114.376551025151556, 36.14300240996495 ], [ -114.376646612320286, 36.142957936669937 ], [ -114.378100352502386, 36.142092470947361 ], [ -114.378303442409972, 36.142016494298041 ], [ -114.379978091504142, 36.141389978558323 ], [ -114.381481449154236, 36.141351682530797 ], [ -114.387030305666315, 36.142650441240505 ], [ -114.388302659291199, 36.142948204851841 ], [ -114.394329847377662, 36.144563378798729 ], [ -114.398105505665058, 36.145718408783452 ], [ -114.398375179509088, 36.1458008999303 ], [ -114.402283212086061, 36.146509312744691 ], [ -114.404808737137984, 36.146868798888953 ], [ -114.405625915076385, 36.146985104630254 ], [ -114.409142609563361, 36.147002226791969 ], [ -114.411813171410543, 36.146612388779026 ], [ -114.412493223675767, 36.1465131070415 ], [ -114.415255507716495, 36.145125171290118 ], [ -114.41819554297291, 36.142773253702714 ], [ -114.419492166284485, 36.141234823738081 ], [ -114.420085253414015, 36.140531107065669 ], [ -114.421521280693128, 36.139025388049106 ], [ -114.423116627543806, 36.137352527963209 ], [ -114.424099471850923, 36.136748987056514 ], [ -114.425937793871185, 36.135620070549756 ], [ -114.429622935417513, 36.133417582825935 ], [ -114.430895300707846, 36.132657076393016 ], [ -114.435509292783991, 36.130059839527497 ], [ -114.43645834500964, 36.129564624455874 ], [ -114.438237929977689, 36.128635999887557 ], [ -114.439523695746317, 36.127965030053396 ], [ -114.443738417596123, 36.125595331992749 ], [ -114.444697831495532, 36.125414114575669 ], [ -114.445044603702684, 36.125348612430287 ], [ -114.446204623498232, 36.125675475058316 ], [ -114.447137600586544, 36.126024289511527 ], [ -114.447291234250343, 36.126184424138543 ], [ -114.447510862762556, 36.126413407480904 ], [ -114.448797343118656, 36.12775464594403 ], [ -114.451333461935292, 36.129833487351497 ], [ -114.453674155864249, 36.133396827937688 ], [ -114.453800314025628, 36.133588874093036 ], [ -114.455112077399676, 36.136374257695806 ], [ -114.456489065384815, 36.138034347310757 ], [ -114.457974075323477, 36.138748650464706 ], [ -114.458696771769283, 36.139096263138697 ], [ -114.458947386723608, 36.139216806280835 ], [ -114.459854874462152, 36.139323490812721 ], [ -114.460509607770817, 36.139400456757514 ], [ -114.462602514679759, 36.139646459838652 ], [ -114.465581298627043, 36.13949876237163 ], [ -114.465846474007023, 36.139446796372141 ], [ -114.467544926237579, 36.139113935517187 ], [ -114.468676913695759, 36.138892074378923 ], [ -114.469222497617281, 36.138538407219045 ], [ -114.474326171383723, 36.135229741471342 ], [ -114.476577615409298, 36.133769990341541 ], [ -114.478250617012122, 36.132685215651776 ], [ -114.483829806490192, 36.129722678868667 ], [ -114.486022627294844, 36.129110104726578 ], [ -114.487637057159432, 36.128659074004283 ], [ -114.489412394768152, 36.128394700181431 ], [ -114.4918380821467, 36.128033434853975 ], [ -114.494711260753036, 36.127452513213022 ], [ -114.498851727533278, 36.126615222282815 ], [ -114.499052450774968, 36.126611355212994 ], [ -114.501801000854158, 36.126558369700049 ], [ -114.503076142230526, 36.126834782500524 ], [ -114.504717109494109, 36.127190472294508 ], [ -114.507203402920126, 36.128486918525489 ], [ -114.508469563303763, 36.129916269541361 ], [ -114.509025022087201, 36.131618370587283 ], [ -114.509075475275807, 36.132057982412107 ], [ -114.509212297966783, 36.133250114036677 ], [ -114.508859201590511, 36.13383445772692 ], [ -114.508409161759332, 36.134579219154524 ], [ -114.507177652293436, 36.136343045056059 ], [ -114.505152166531502, 36.138080682382522 ], [ -114.503215730019335, 36.13924436299795 ], [ -114.501083085025755, 36.140062624939347 ], [ -114.500341240682985, 36.140702782673529 ], [ -114.499994694808208, 36.141597260731537 ], [ -114.500158347427927, 36.142692696531796 ], [ -114.500238549063553, 36.143229222263898 ], [ -114.500244648630769, 36.143238892922781 ], [ -114.501051994986582, 36.144518947475738 ], [ -114.506853000578232, 36.148792744675163 ], [ -114.508106500470078, 36.149716143846284 ], [ -114.508499286423429, 36.149824935822444 ], [ -114.511220513188064, 36.150578602880024 ], [ -114.512408592143345, 36.150663578736555 ], [ -114.514282223487413, 36.150797563208542 ], [ -114.51686682947097, 36.150279489218875 ], [ -114.526212290757925, 36.148179762606823 ], [ -114.528852833684084, 36.147753536378168 ], [ -114.530510786567021, 36.147674952558667 ], [ -114.531094165494309, 36.147647295612046 ], [ -114.532311137927138, 36.148042482218727 ], [ -114.532645786883023, 36.148717850981782 ], [ -114.532926966834324, 36.149285300936278 ], [ -114.534480701263732, 36.150233063444048 ], [ -114.534765134316658, 36.150342202450609 ], [ -114.53756456761991, 36.15141631436849 ], [ -114.53923573733168, 36.151767209439861 ], [ -114.543234349338974, 36.151874117215257 ], [ -114.544852842485128, 36.151604485014765 ], [ -114.546728174868377, 36.151083121438639 ], [ -114.547911003132526, 36.150858411118463 ], [ -114.548082001673976, 36.150825923967211 ], [ -114.548744471002777, 36.150700063279757 ], [ -114.552256767412501, 36.151448084053875 ], [ -114.554464068186519, 36.152260141733088 ], [ -114.556164542056152, 36.15247306537907 ], [ -114.557614556456926, 36.151927015174266 ], [ -114.560059957825061, 36.150948054476224 ], [ -114.56471233604546, 36.150826880350664 ], [ -114.566951861703842, 36.151018610692553 ], [ -114.569049734374389, 36.151186819570924 ], [ -114.571092489731512, 36.151102100821802 ], [ -114.572102402430431, 36.150773336460922 ], [ -114.574303871340902, 36.150056637171765 ], [ -114.577062377767376, 36.148848687957241 ], [ -114.578830886008973, 36.147177851806667 ], [ -114.578994957277686, 36.147074115689527 ], [ -114.580522573074035, 36.146108241176854 ], [ -114.580709927069805, 36.145989779161589 ], [ -114.580937099576147, 36.145957603656925 ], [ -114.581038433173774, 36.145943251699443 ], [ -114.583718812709108, 36.145563584717976 ], [ -114.584969652771903, 36.145062452610858 ], [ -114.587642463320137, 36.14389993557073 ], [ -114.58983043615406, 36.143195140228727 ], [ -114.59026142529062, 36.143125596861218 ], [ -114.591571212243963, 36.14291424157873 ], [ -114.593038232078513, 36.142677495615729 ], [ -114.593535650483432, 36.142512978675896 ], [ -114.596476445854265, 36.141540275927454 ], [ -114.598070244971154, 36.140557725842676 ], [ -114.599291353866235, 36.139604521482148 ], [ -114.602080449960582, 36.137427201551958 ], [ -114.604194737790735, 36.135776547436464 ], [ -114.608244344871736, 36.132960035670976 ], [ -114.609290718559478, 36.132232223148407 ], [ -114.612837408325433, 36.13047073132234 ], [ -114.613243206565926, 36.130269176165562 ], [ -114.615458422729759, 36.129655882949102 ], [ -114.616903778740053, 36.129798239199069 ], [ -114.618432113489376, 36.13033133638146 ], [ -114.620607757286109, 36.131762345033728 ], [ -114.622267195595057, 36.134271403312781 ], [ -114.623839690484289, 36.137147715587581 ], [ -114.624250994830035, 36.137606573919449 ], [ -114.626076818099193, 36.13964342276735 ], [ -114.627081527880762, 36.140764198564433 ], [ -114.627614064039605, 36.141172429979278 ], [ -114.628465465572575, 36.141825082899679 ], [ -114.630477004312198, 36.142221674190118 ], [ -114.631209683820373, 36.141543837163958 ], [ -114.631417508074449, 36.141351566390888 ], [ -114.632531469036763, 36.13986174189445 ], [ -114.634465020624589, 36.137687830561404 ], [ -114.635812254733494, 36.136173030680901 ], [ -114.636864752697974, 36.135555886418224 ], [ -114.638283270917483, 36.135445204674689 ], [ -114.640128227604606, 36.135129007123965 ], [ -114.641978730382192, 36.133733136797815 ], [ -114.644119034031604, 36.13274347767863 ], [ -114.645730887651695, 36.131998128007702 ], [ -114.649059595973441, 36.129848272228195 ], [ -114.650264954411554, 36.129275605972339 ], [ -114.651703086676534, 36.128592321820058 ], [ -114.652541445769614, 36.128064190352013 ], [ -114.655514807266414, 36.126190991365434 ], [ -114.658133720128561, 36.124130786431699 ], [ -114.658528677350844, 36.123427098666326 ], [ -114.660450835356571, 36.120002220858311 ], [ -114.661851438622463, 36.118141558980341 ], [ -114.661890978887982, 36.118089028810466 ], [ -114.661932683227363, 36.118033624895105 ], [ -114.661934894762553, 36.118030686637113 ], [ -114.662087680986502, 36.117897976306274 ], [ -114.662646728607882, 36.117412384587944 ], [ -114.663375807709272, 36.1169223619885 ], [ -114.663701987797381, 36.116720512898539 ], [ -114.664239032126616, 36.116474875611665 ], [ -114.665037572824772, 36.116351245693572 ], [ -114.665902387680305, 36.116241099353552 ], [ -114.668040543346066, 36.115979776272191 ], [ -114.669215684237372, 36.115974506123464 ], [ -114.670223383117715, 36.115953002578365 ], [ -114.670362614005398, 36.115940465926627 ], [ -114.670686608966392, 36.115911291442359 ], [ -114.671358294979342, 36.115850806763589 ], [ -114.671809079753857, 36.115731535470402 ], [ -114.672458351343479, 36.115590508089056 ], [ -114.673146830955901, 36.115350170738623 ], [ -114.673869534949191, 36.114900585957677 ], [ -114.67444987110909, 36.114496279487732 ], [ -114.675108937977029, 36.114114846926732 ], [ -114.675217189891214, 36.113987978829734 ], [ -114.675721815164351, 36.113396564477526 ], [ -114.676632289127994, 36.11244006761202 ], [ -114.6773598478011, 36.111744924295387 ], [ -114.677818872828396, 36.111276297034763 ], [ -114.677844148145795, 36.111250493553456 ], [ -114.678377872833423, 36.110818421451604 ], [ -114.678993796459494, 36.110443555341043 ], [ -114.679751841903808, 36.109896351929606 ], [ -114.679778380655023, 36.109877194565328 ], [ -114.679779314211331, 36.109876854618378 ], [ -114.679824685710599, 36.109860352119625 ], [ -114.68051526138828, 36.109535431287334 ], [ -114.680983553220216, 36.109410040772026 ], [ -114.681283452373222, 36.109329738038639 ], [ -114.681850316880912, 36.109195164508016 ], [ -114.682673399492685, 36.10914953778785 ], [ -114.6830467938927, 36.109218875496126 ], [ -114.683701500350224, 36.109340449657175 ], [ -114.684429534586258, 36.10947563570052 ], [ -114.685081683615167, 36.10977413195031 ], [ -114.685815021469892, 36.110260222323902 ], [ -114.687047020306025, 36.110956614103792 ], [ -114.688077466443332, 36.111460516471446 ], [ -114.689554366002866, 36.111938753087905 ], [ -114.691634348771188, 36.112538138698852 ], [ -114.692608399004683, 36.112574517453979 ], [ -114.693657773233141, 36.112485230295441 ], [ -114.694040302234157, 36.112338406728675 ], [ -114.694155621011916, 36.112294144295539 ], [ -114.694555301210656, 36.11194678667335 ], [ -114.695477861488186, 36.111226257086606 ], [ -114.695826269666867, 36.110905235067818 ], [ -114.696530098603802, 36.110493713070575 ], [ -114.696984362413588, 36.110300742063551 ], [ -114.69750507928029, 36.110184724586773 ], [ -114.69776232436584, 36.110127408934332 ], [ -114.698829449397479, 36.109810171979596 ], [ -114.700788074617208, 36.109240613550874 ], [ -114.70162038016754, 36.108990036590292 ], [ -114.70265620250882, 36.108628654078842 ], [ -114.70304883254073, 36.108491668929688 ], [ -114.703740304727077, 36.108351770599128 ], [ -114.704670594123655, 36.10824083604497 ], [ -114.70556962013282, 36.108276624217645 ], [ -114.706093718983169, 36.108242520304174 ], [ -114.70733559053599, 36.107997617017595 ], [ -114.707966735708467, 36.10778750450276 ], [ -114.708527584354727, 36.107568422850626 ], [ -114.709272445996419, 36.10740003966405 ], [ -114.710256587347033, 36.10737668509995 ], [ -114.711337087301629, 36.107267782438001 ], [ -114.714372374034099, 36.107326135811228 ], [ -114.715367610559113, 36.107345252079206 ], [ -114.71570517031283, 36.107324577049262 ], [ -114.717200957898484, 36.107295745335122 ], [ -114.718259926582007, 36.10716806698742 ], [ -114.725975740383006, 36.105944815888101 ], [ -114.731592039515775, 36.105107091942507 ], [ -114.733654995002524, 36.104750820544027 ], [ -114.734088369790214, 36.104675971760756 ], [ -114.734860308310161, 36.104429796629191 ], [ -114.735763697299518, 36.104056671011975 ], [ -114.7367575172063, 36.103555988214239 ], [ -114.737500698171317, 36.103105550795483 ], [ -114.740907420060168, 36.10069313110268 ], [ -114.745085815425227, 36.097715309909105 ], [ -114.748916454900822, 36.095186461811608 ], [ -114.749149920833133, 36.094897922628363 ], [ -114.74935847228916, 36.094668654732558 ], [ -114.751488188134033, 36.092327267400101 ], [ -114.75188230971915, 36.091893954608032 ], [ -114.752845278439466, 36.091009791197962 ], [ -114.753571974828319, 36.090314162134099 ], [ -114.754073315732455, 36.089601011117601 ], [ -114.75441115455628, 36.08918139475837 ], [ -114.754961053511821, 36.088192593894163 ], [ -114.755438092859819, 36.087290869034405 ], [ -114.755672383078121, 36.086410936369241 ], [ -114.755850225001922, 36.085717228949477 ], [ -114.755931022639501, 36.084871154830296 ], [ -114.755794382872395, 36.084090932579443 ], [ -114.755765886643516, 36.083468694397894 ], [ -114.755518674546153, 36.082022856559441 ], [ -114.754505305983344, 36.080183068393467 ], [ -114.753093813806572, 36.078733029004468 ], [ -114.750900743224975, 36.076832564646566 ], [ -114.749958553471416, 36.076016044245243 ], [ -114.748837537571958, 36.074951639873838 ], [ -114.747727988670007, 36.073898086302307 ], [ -114.745239682696791, 36.072514674032078 ], [ -114.743545205493504, 36.071040960643288 ], [ -114.742334126901852, 36.069154715782446 ], [ -114.741015030851813, 36.065912838658846 ], [ -114.740737510781742, 36.065096052532319 ], [ -114.740701097060764, 36.064988879097044 ], [ -114.740202713766422, 36.063522005743572 ], [ -114.739897009091393, 36.062782102938719 ], [ -114.783333242309169, 36.087223078051508 ], [ -114.831119204145764, 36.108196626877344 ], [ -114.835178012907505, 36.109550624630138 ], [ -114.845010416035052, 36.112854892610677 ], [ -114.847471158435795, 36.113675558985804 ], [ -114.849758543053341, 36.114432592815845 ], [ -114.857005906907247, 36.119400087054423 ], [ -114.861086631561847, 36.122652881662198 ], [ -114.862282663048532, 36.124413110750552 ], [ -114.863379204356121, 36.125531377950558 ], [ -114.864579226479151, 36.12686404015615 ], [ -114.866148593676698, 36.128156142370933 ], [ -114.868457009904787, 36.129324364773076 ], [ -114.870768202733203, 36.130193259546822 ], [ -114.872656661585452, 36.131187874874918 ], [ -114.874336649242167, 36.131924690511589 ], [ -114.875913952898685, 36.132361575232352 ], [ -114.877703616653633, 36.132628662809758 ], [ -114.879127796059308, 36.132508767844001 ], [ -114.88008411199813, 36.131659244936188 ], [ -114.880936902984431, 36.130595325666661 ], [ -114.882099424580673, 36.130260076153931 ], [ -114.884169802276631, 36.129966786857487 ], [ -114.885747891289824, 36.146017174836253 ], [ -114.886154348533978, 36.145847612930389 ], [ -114.886608718768088, 36.145584962072661 ], [ -114.887038018456494, 36.145247642764367 ], [ -114.887383028312826, 36.144883004828515 ], [ -114.88773669941213, 36.144369375756639 ], [ -114.888744263288373, 36.143139298248414 ], [ -114.88962276671964, 36.143500207330334 ], [ -114.890222593358317, 36.143828455901406 ], [ -114.890651618901856, 36.144188634991096 ], [ -114.890924212084698, 36.144636493796533 ], [ -114.891032528410193, 36.145006389235292 ], [ -114.891055343298618, 36.145421450870536 ], [ -114.890981327602461, 36.145814492683101 ], [ -114.890792461647976, 36.146228332352301 ], [ -114.890498194080237, 36.146591484322904 ], [ -114.888107669319794, 36.148609371995903 ], [ -114.887745474510766, 36.148984101955605 ], [ -114.887375495585545, 36.149613832371905 ], [ -114.887210914672892, 36.150271042428322 ], [ -114.887258592836389, 36.150865098981733 ], [ -114.887438770876585, 36.151438462498376 ], [ -114.887857047046793, 36.152020361886187 ], [ -114.888390944782643, 36.152495620455483 ], [ -114.891185284227959, 36.154729519436401 ], [ -114.891702897057428, 36.155054435700471 ], [ -114.892247919111256, 36.155272198041985 ], [ -114.89284643487224, 36.155425880976075 ], [ -114.893392778236517, 36.155493413188594 ], [ -114.89640915662163, 36.155560815774891 ], [ -114.897343570151435, 36.155637707846928 ], [ -114.898285813225002, 36.155829099736927 ], [ -114.899041821228579, 36.156133885269753 ], [ -114.899779137667252, 36.156560176191988 ], [ -114.900374515916326, 36.157078655714514 ], [ -114.901030474695887, 36.157733402686851 ], [ -114.901634134888852, 36.158316309076021 ], [ -114.902301486177208, 36.158846118192457 ], [ -114.904014068059269, 36.160164416603592 ], [ -114.905766883852792, 36.161512726117287 ], [ -114.90756713628555, 36.162908969767983 ], [ -114.907968281255563, 36.163283833752629 ], [ -114.908252364449041, 36.163592457791765 ], [ -114.908485473244056, 36.16384415920794 ], [ -114.908710950513338, 36.164128606848173 ], [ -114.908910801525522, 36.164400985859409 ], [ -114.909415348550652, 36.165152009201513 ], [ -114.909691174026207, 36.165567892988093 ], [ -114.90990540430785, 36.165879101850464 ], [ -114.910348063126108, 36.166561214484652 ], [ -114.910609067282792, 36.166991917410634 ], [ -114.910848095350943, 36.167413553895884 ], [ -114.911053939419389, 36.167846927735589 ], [ -114.911295757914743, 36.168372907092163 ], [ -114.911421725335515, 36.168689580181507 ], [ -114.911579888011289, 36.169110761729549 ], [ -114.913427363142745, 36.174927728772118 ], [ -114.91359923980653, 36.175468216532707 ], [ -114.913731920530154, 36.175862424858451 ], [ -114.913875986811064, 36.176214966309814 ], [ -114.914005906251532, 36.176501849399095 ], [ -114.914168762045506, 36.176806801315635 ], [ -114.916158462158307, 36.17986106599794 ], [ -114.916520493801102, 36.180458289002267 ], [ -114.916848552444264, 36.181038629277154 ], [ -114.916975710428318, 36.181306417083213 ], [ -114.917091264597218, 36.181555062786224 ], [ -114.917401426740042, 36.18244387582854 ], [ -114.919467334357932, 36.188694965156053 ], [ -114.919653712749863, 36.189268313132622 ], [ -114.919850849837914, 36.189874508061905 ], [ -114.920038037679419, 36.190352473626604 ], [ -114.92020452226437, 36.190669360872462 ], [ -114.920486792768287, 36.191210448534619 ], [ -114.92074468345885, 36.191590437283814 ], [ -114.920956001486104, 36.191824108207676 ], [ -114.921853695200483, 36.192648788672464 ], [ -114.922825104046936, 36.193455983710848 ], [ -114.923281934696604, 36.193795332279535 ], [ -114.923764685088557, 36.194113956225173 ], [ -114.924496323415156, 36.194574043878688 ], [ -114.924935579915527, 36.194817903335284 ], [ -114.925411587528117, 36.195064944416671 ], [ -114.925719361985003, 36.195200769780904 ], [ -114.926023608797635, 36.195318690887568 ], [ -114.926364606242956, 36.195439793262452 ], [ -114.927703186961281, 36.195885302563177 ], [ -114.928077409194927, 36.19603881346206 ], [ -114.928765705282714, 36.19636207954364 ], [ -114.929303952896802, 36.196645214284374 ], [ -114.929893168196799, 36.196991221218966 ], [ -114.930500603329534, 36.197358190072748 ], [ -114.931020204388361, 36.19767400499434 ], [ -114.933811756768421, 36.199426978730266 ], [ -114.935725319436401, 36.200626677166461 ], [ -114.936596274474311, 36.201156002356797 ], [ -114.937255503788748, 36.201493409320229 ], [ -114.938032327556712, 36.201843368175332 ], [ -114.941286401112677, 36.203405917025258 ], [ -114.941676399492877, 36.203577650603116 ], [ -114.944897491267128, 36.205099474350718 ], [ -114.946194753270447, 36.205684655524344 ], [ -114.946855444944973, 36.205942131553009 ], [ -114.947427792843513, 36.206118056839422 ], [ -114.948022402300282, 36.206270251364884 ], [ -114.9484923995184, 36.206368127740106 ], [ -114.948933215749605, 36.206436040631139 ], [ -114.949565330071991, 36.206499001961028 ], [ -114.950205041620791, 36.206532192060941 ], [ -114.95463808661502, 36.206636314921603 ], [ -114.955357911632859, 36.206652388652593 ], [ -114.957621695391424, 36.206702911372538 ], [ -114.958801029777135, 36.206712535127878 ], [ -114.959389777522702, 36.206679832422125 ], [ -114.960243993950257, 36.206565046342945 ], [ -114.962328411483341, 36.206230094139705 ], [ -114.965024226954938, 36.205784991841313 ], [ -114.965753566355289, 36.205645674891748 ], [ -114.966254736992425, 36.205523062747154 ], [ -114.966881558823815, 36.205323594754582 ], [ -114.968571321166735, 36.204652652599741 ], [ -114.97009867401475, 36.204052394544 ], [ -114.972053829250072, 36.203299298545311 ], [ -114.974164009756308, 36.2024694573823 ], [ -114.974473767856452, 36.202363722418021 ], [ -114.974938035173096, 36.202252810162378 ], [ -114.977391563193123, 36.201722734624788 ], [ -114.978909284557957, 36.201402510692006 ], [ -114.980198615600116, 36.20112881125926 ], [ -114.980787952198995, 36.201012543700159 ], [ -114.981487298248425, 36.200938557881308 ], [ -114.98192888910873, 36.200905004884525 ], [ -114.982252703512714, 36.200882783495949 ], [ -114.982561579785752, 36.200890293546962 ], [ -114.982848162523183, 36.200927500097841 ], [ -114.983163940000892, 36.200994659398646 ], [ -114.983479536205735, 36.201085663988842 ], [ -114.983780058171789, 36.201224285482716 ], [ -114.984065552886193, 36.201404562244704 ], [ -114.984994783773942, 36.202053060171579 ], [ -114.985587627292304, 36.202443524331173 ], [ -114.985924618560219, 36.202624053522428 ], [ -114.986269329270641, 36.202756927079271 ], [ -114.986496850556506, 36.202823638717561 ], [ -114.986746620852173, 36.202866613671411 ], [ -114.986967104414774, 36.202891557309179 ], [ -114.987202434387385, 36.202898690258465 ], [ -114.987452700940594, 36.202876088014804 ], [ -114.987739971523624, 36.20282386197124 ], [ -114.988403270644199, 36.202654270311982 ], [ -114.989273337258993, 36.20238257727793 ], [ -114.990277261046387, 36.202069073814023 ], [ -114.992267027408545, 36.201409526864559 ], [ -114.993999552691946, 36.200881514674649 ], [ -114.995982400239185, 36.200318933455769 ], [ -114.997109575266833, 36.200080026746974 ], [ -114.998988080603112, 36.19969573385503 ], [ -114.9997392833574, 36.199568238933765 ], [ -115.000983887416652, 36.199359678678519 ], [ -115.001661261325623, 36.199267584230554 ], [ -115.002316261182898, 36.199217109515729 ], [ -115.005693907176223, 36.199006906686954 ], [ -115.007807010823939, 36.198877539048027 ], [ -115.008612362764552, 36.198840736187748 ], [ -115.008597078049618, 36.19866894216139 ], [ -115.008404202915727, 36.196500974053784 ], [ -115.008413952930809, 36.196474584397201 ], [ -115.008436599244661, 36.196384434923864 ], [ -115.0085351061512, 36.196030133508891 ], [ -115.008606707928763, 36.195710209441557 ], [ -115.00871926504874, 36.1949553778583 ], [ -115.008798138655564, 36.194501512591721 ], [ -115.008814010777456, 36.194052449004019 ], [ -115.008879583088358, 36.193695493501835 ], [ -115.008932785310648, 36.193307854769451 ], [ -115.009074209684144, 36.192910431981723 ], [ -115.00917625516432, 36.192732285725427 ], [ -115.009366781886456, 36.192508628570494 ], [ -115.009695231103365, 36.192367294474529 ], [ -115.010049086734199, 36.192195457232415 ], [ -115.010477530509874, 36.192156675473434 ], [ -115.011434562434317, 36.192161249197873 ], [ -115.011824782249192, 36.192183527793169 ], [ -115.012076706974241, 36.192174521714669 ], [ -115.012303595269458, 36.19214498073719 ], [ -115.012379816351782, 36.192053474357017 ], [ -115.012451953539824, 36.191952431793574 ], [ -115.012538910780776, 36.191767386160357 ], [ -115.01257811474737, 36.191647018930141 ], [ -115.012595763275343, 36.191538976784734 ], [ -115.012600142737313, 36.191469553651743 ], [ -115.012573634019674, 36.191120973443297 ], [ -115.012545483007571, 36.190750814928549 ], [ -115.012517333354822, 36.19038065549065 ], [ -115.012493228805397, 36.190063701040586 ], [ -115.01248918282468, 36.190010496921467 ], [ -115.012461033653864, 36.189640337429132 ], [ -115.012429753297539, 36.189229008496532 ], [ -115.012390560096676, 36.188713628977567 ], [ -115.012375926594302, 36.188521199693383 ], [ -115.012368121210343, 36.188418548442812 ], [ -115.012357600592978, 36.188280206864277 ], [ -115.016677467289654, 36.188535965251191 ], [ -115.018903076954501, 36.188572724999013 ], [ -115.021128943835947, 36.188609447281344 ], [ -115.022595602450053, 36.188633728302669 ], [ -115.023355689327474, 36.188646305332064 ], [ -115.02549180045672, 36.188677608507248 ], [ -115.025577764943762, 36.188683044337758 ], [ -115.026688490687079, 36.188698734975276 ], [ -115.027540011383394, 36.188713014499562 ], [ -115.027849122175965, 36.188721473109126 ], [ -115.028112460739436, 36.188730097288627 ], [ -115.029516316473163, 36.188755631902488 ], [ -115.029557009914015, 36.188753884093657 ], [ -115.030138325592219, 36.188766579183913 ], [ -115.031142249879167, 36.188789607004175 ], [ -115.03185987887035, 36.18880692471032 ], [ -115.033730299891175, 36.18884422438979 ], [ -115.03470136661025, 36.18886188558745 ], [ -115.034702865326253, 36.188861892452373 ], [ -115.034860768764844, 36.188861159150477 ], [ -115.038343466786984, 36.188872758244436 ], [ -115.039271532517915, 36.188876885517423 ], [ -115.041124759145305, 36.188882236531924 ], [ -115.041140738238397, 36.188882282728891 ], [ -115.042128802489586, 36.188883054285029 ], [ -115.042865087589902, 36.188895816286305 ], [ -115.043780726537932, 36.1888905990143 ], [ -115.046213631687905, 36.18889546720289 ], [ -115.048271706721039, 36.18890103836307 ], [ -115.050491823958055, 36.188938406630335 ], [ -115.052713070099415, 36.188941929651413 ], [ -115.052780599078943, 36.192584389406008 ], [ -115.054699794384746, 36.192595622508577 ], [ -115.055261101226094, 36.192596725025972 ], [ -115.055349376173382, 36.192596006510286 ], [ -115.055751303695146, 36.19259662666596 ], [ -115.057237600595727, 36.192598907551371 ], [ -115.057341691642208, 36.192598282272094 ], [ -115.057560555953771, 36.192595998593013 ], [ -115.057589177942091, 36.192596066549697 ], [ -115.059724997512888, 36.192601153232097 ], [ -115.059824765514733, 36.192600525821454 ], [ -115.059927841552593, 36.192599876732132 ], [ -115.06202290785842, 36.192602523543009 ], [ -115.06216168695876, 36.192568288251039 ], [ -115.062161441851785, 36.192605297622812 ], [ -115.062144534045999, 36.195408051169878 ], [ -115.062139556804439, 36.196232987626701 ], [ -115.06213955841487, 36.196233248105415 ], [ -115.062146614902844, 36.198095700800508 ], [ -115.062148338943246, 36.198550531402191 ], [ -115.06197617642475, 36.198549535138014 ], [ -115.060919646166639, 36.198546096685945 ], [ -115.060886291911018, 36.198545988146122 ], [ -115.060014431162841, 36.198543143431294 ], [ -115.059913009238088, 36.198542700229083 ], [ -115.059912847362895, 36.198511540270488 ], [ -115.059912349848858, 36.198415501591484 ], [ -115.059911852334608, 36.198319462910966 ], [ -115.059911354820088, 36.198223424228935 ], [ -115.059911352626742, 36.198223085335869 ], [ -115.059910956369507, 36.198146592378976 ], [ -115.059910672641465, 36.198091628026042 ], [ -115.059910473315767, 36.198050552856095 ], [ -115.059910008046799, 36.197954514310673 ], [ -115.059910004526273, 36.197953873481069 ], [ -115.059909543883464, 36.197858476669857 ], [ -115.059909079725728, 36.197762438126219 ], [ -115.059908615573704, 36.197666398679836 ], [ -115.0599081503034, 36.197570360128296 ], [ -115.05990768615068, 36.197474320678808 ], [ -115.05990765910488, 36.197468858767991 ], [ -115.059907959209397, 36.197413719407095 ], [ -115.059918997563315, 36.19708110751079 ], [ -115.059917657691116, 36.196622269567364 ], [ -115.059914334914524, 36.196232675944991 ], [ -115.059802222390999, 36.196232562675668 ], [ -115.057627592777706, 36.196230331419237 ], [ -115.05766500422024, 36.196340686850782 ], [ -115.057697094178252, 36.199969735698765 ], [ -115.057694995751206, 36.200030163086161 ], [ -115.057663577247453, 36.200262157560154 ], [ -115.057664274637048, 36.201088411260486 ], [ -115.057664884007636, 36.201810166754591 ], [ -115.05767643737849, 36.202363763362584 ], [ -115.062162927781486, 36.202401222031071 ], [ -115.062166081027797, 36.203233320274258 ], [ -115.062167067141388, 36.203493691415296 ], [ -115.062167494336151, 36.203606290820517 ], [ -115.062304602622334, 36.20360645657923 ], [ -115.066668511354649, 36.203475390292994 ], [ -115.068912078996291, 36.203409818775071 ], [ -115.071167241441458, 36.203354893542773 ], [ -115.071151518472234, 36.206990614333954 ], [ -115.071150496065016, 36.207383792786736 ], [ -115.071146121443064, 36.209066469955488 ], [ -115.071142023594732, 36.210642522292531 ], [ -115.075659349192591, 36.210478593072253 ], [ -115.075676399817567, 36.210477692866355 ], [ -115.075692793435678, 36.206835149426404 ], [ -115.075670570866279, 36.205020262426657 ], [ -115.07571227657283, 36.20319649329938 ], [ -115.076112363400298, 36.203184764644924 ], [ -115.077917133569841, 36.20312922878896 ], [ -115.078122370150581, 36.203123071905409 ], [ -115.080167971386118, 36.203085234811766 ], [ -115.080170165699798, 36.204255358068153 ], [ -115.080171961236701, 36.20521330149537 ], [ -115.08017473269183, 36.206691600544801 ], [ -115.080182331889532, 36.2103077628012 ], [ -115.080168953295896, 36.211232555353774 ], [ -115.080129709610873, 36.214005107186757 ], [ -115.080106660986644, 36.215849314193989 ], [ -115.08010657606421, 36.21585528394175 ], [ -115.080082151041239, 36.217567442029484 ], [ -115.08008189644454, 36.217596616412592 ], [ -115.080081662355127, 36.217623629603594 ], [ -115.080081179779157, 36.217704926063597 ], [ -115.08008156518099, 36.217783550259171 ], [ -115.080081826721994, 36.217840864884785 ], [ -115.080091041081999, 36.219633788076713 ], [ -115.080097394374022, 36.221456444657797 ], [ -115.080099670891556, 36.221726332619276 ], [ -115.080105105116317, 36.222753951414525 ], [ -115.080110538090153, 36.22378210989757 ], [ -115.080115883754615, 36.2251950082305 ], [ -115.080118698186311, 36.225456632623562 ], [ -115.080121376280744, 36.225705673628184 ], [ -115.080121480570298, 36.225715271823134 ], [ -115.080121243968662, 36.226725839982322 ], [ -115.080132339853648, 36.228430879920708 ], [ -115.080135531452314, 36.228941977002457 ], [ -115.080138041651225, 36.229298376055496 ], [ -115.080143817978822, 36.230118272984313 ], [ -115.080151617033877, 36.231225466328453 ], [ -115.080151973355356, 36.231312449612155 ], [ -115.080157606989729, 36.232686052421769 ], [ -115.080085177937704, 36.236104574131737 ], [ -115.0800799906404, 36.236349407805236 ], [ -115.080061938274781, 36.237201370323177 ], [ -115.080036742148138, 36.238389995866804 ], [ -115.080029396795823, 36.238736483909967 ], [ -115.080002781622994, 36.239992017828847 ], [ -115.079998154023968, 36.240452043361699 ], [ -115.080170695536751, 36.24044750424919 ], [ -115.080313966771485, 36.240448106289946 ], [ -115.080659040884584, 36.240444061418877 ], [ -115.081185959240173, 36.240440778384638 ], [ -115.084295885504318, 36.240400213166147 ], [ -115.086071378142535, 36.240396612221502 ], [ -115.089188055635091, 36.240349799313051 ], [ -115.092305701656954, 36.240305394897845 ], [ -115.094843348322598, 36.240272806070891 ], [ -115.097265994890805, 36.240241212539708 ], [ -115.098967427835291, 36.240225589404652 ], [ -115.099754322475377, 36.240224110632603 ], [ -115.100943124458411, 36.240200600658632 ], [ -115.101021748958416, 36.240198762452394 ], [ -115.101635501280924, 36.240185724072894 ], [ -115.101646744026525, 36.240185689992224 ], [ -115.101758025201775, 36.240183769978636 ], [ -115.101911295471226, 36.240184467486031 ], [ -115.102051223411181, 36.240184681253346 ], [ -115.102130538654691, 36.240183771611775 ], [ -115.103503964741137, 36.240169973757588 ], [ -115.104386851998285, 36.240159483965655 ], [ -115.106769639422339, 36.24012339710859 ], [ -115.107089811837511, 36.240120818100721 ], [ -115.111311062573662, 36.240060615421584 ], [ -115.111578393255385, 36.240049307067714 ], [ -115.111873654240242, 36.240035333956016 ], [ -115.11215250562374, 36.240022137335664 ], [ -115.112177500513809, 36.240024195082462 ], [ -115.11228604763491, 36.240019127068614 ], [ -115.112287530655493, 36.240019132903157 ], [ -115.11238987875474, 36.240011428493048 ], [ -115.113137177042603, 36.23995516848921 ], [ -115.113586727915688, 36.239917100047307 ], [ -115.114596149792092, 36.239857872672154 ], [ -115.116781989729674, 36.239844315166842 ], [ -115.116783265756524, 36.239921691557534 ], [ -115.116784082132526, 36.239971185010944 ], [ -115.116813954937427, 36.241782179495949 ], [ -115.116817586353264, 36.242002297349302 ], [ -115.116839062669428, 36.243304241114608 ], [ -115.116839231234067, 36.24331444968076 ], [ -115.116897866901127, 36.246868884378493 ], [ -115.116899676125186, 36.24697884314503 ], [ -115.116901151811177, 36.24711610850796 ], [ -115.11691577953215, 36.248480928434667 ], [ -115.116923560558732, 36.249206842643133 ], [ -115.116938722712121, 36.250622072470222 ], [ -115.11693909388687, 36.250656745988756 ], [ -115.116958079914539, 36.25242972523737 ], [ -115.116958230803405, 36.252443824475243 ], [ -115.116976561727881, 36.2541556734624 ], [ -115.116977726117199, 36.254264431255763 ], [ -115.116977738367396, 36.254265551588382 ], [ -115.116978246243761, 36.254313158915302 ], [ -115.116978911670245, 36.254375429699337 ], [ -115.117005744113726, 36.256888480491227 ], [ -115.117013875663858, 36.257650066679233 ], [ -115.117016492110096, 36.257895180283029 ], [ -115.117016620025339, 36.257907157818323 ], [ -115.117016984527652, 36.257941275182205 ], [ -115.117020504450792, 36.258270934542011 ], [ -115.117033063779402, 36.259447143813027 ], [ -115.117054076448923, 36.261414922499647 ], [ -115.117055517675198, 36.261549921830763 ], [ -115.117054566854634, 36.26168425301119 ], [ -115.117054555311995, 36.261685818479108 ], [ -115.117046827220662, 36.262777485192345 ], [ -115.117046631312277, 36.262805165251009 ], [ -115.117034157276976, 36.264567329264679 ], [ -115.11702944382867, 36.265233157322996 ], [ -115.117029439185714, 36.265233750342837 ], [ -115.117029303250007, 36.26525303436064 ], [ -115.117017445407555, 36.266927721580672 ], [ -115.11701637344521, 36.267079184469836 ], [ -115.117009647769294, 36.26802907665391 ], [ -115.117004144121267, 36.268956304632496 ], [ -115.116992412676112, 36.270645881234564 ], [ -115.1169914114937, 36.270790099876415 ], [ -115.1169785077727, 36.272648147130354 ], [ -115.116978435924324, 36.272658530408691 ], [ -115.116975207723797, 36.273123440935464 ], [ -115.116965706471248, 36.274491427766208 ], [ -115.116955608017662, 36.275938653578812 ], [ -115.116955101267166, 36.276018317723334 ], [ -115.116952723327316, 36.276360758386467 ], [ -115.116953532544144, 36.276360757933766 ], [ -115.119224651537721, 36.276359082999065 ], [ -115.121195454237636, 36.276357594010712 ], [ -115.12134846320339, 36.2763574770471 ], [ -115.121450243222924, 36.27635739929255 ], [ -115.121441199598337, 36.277894909483507 ], [ -115.121426502063258, 36.27945518791357 ], [ -115.121405526164352, 36.281681716216873 ], [ -115.121386818522083, 36.283667279712262 ], [ -115.124344110778253, 36.283669456455577 ], [ -115.128398917386278, 36.283672322407753 ], [ -115.128480282529722, 36.283672366584348 ], [ -115.128516686003863, 36.283672386816434 ], [ -115.13043716494559, 36.283673417682621 ], [ -115.130438164590714, 36.283673417859013 ], [ -115.132704381696584, 36.28367511492651 ], [ -115.134964465983415, 36.283676326084645 ], [ -115.137237936289424, 36.283714336973567 ], [ -115.138291843925373, 36.283732691193805 ], [ -115.13951143833755, 36.283755620529156 ], [ -115.144058421749619, 36.283834741207471 ], [ -115.144492239898497, 36.28384177844319 ], [ -115.149014262227197, 36.283915032198735 ], [ -115.14913941472318, 36.28390734584449 ], [ -115.149261855387351, 36.283892442066566 ], [ -115.14938426767408, 36.2838699962278 ], [ -115.149937617171901, 36.28374850388736 ], [ -115.150188210153871, 36.283941129899603 ], [ -115.150439083281626, 36.283945588215587 ], [ -115.152885234137571, 36.283989031510437 ], [ -115.152940283604849, 36.283990109947545 ], [ -115.154598864394544, 36.284010176147987 ], [ -115.156881733194112, 36.284038611880526 ], [ -115.157836948158675, 36.284050346085998 ], [ -115.159176546541644, 36.284066789481152 ], [ -115.16112473690643, 36.284090677520147 ], [ -115.16197285868185, 36.284101038449606 ], [ -115.162129283658359, 36.284101989888121 ], [ -115.163956965388124, 36.284124233441538 ], [ -115.166628311610509, 36.28415669473025 ], [ -115.171121489142507, 36.284210946081615 ], [ -115.17347491177425, 36.284127884715097 ], [ -115.173500350869688, 36.284126986699441 ], [ -115.177229370275342, 36.283977722730988 ], [ -115.180822128435381, 36.283842771699121 ], [ -115.18163972309911, 36.283816330476753 ], [ -115.182174597087268, 36.283798073920465 ], [ -115.182457947078944, 36.283780363847555 ], [ -115.18266908042888, 36.283756600093881 ], [ -115.182878389067113, 36.283723921706731 ], [ -115.183085298051296, 36.283682419604652 ], [ -115.18335646539245, 36.283613555626189 ], [ -115.183555583935203, 36.283551946378523 ], [ -115.183750446750224, 36.283481984041948 ], [ -115.183940520701981, 36.28340386063195 ], [ -115.184185602107746, 36.283287373846811 ], [ -115.18436249853147, 36.283191077680186 ], [ -115.184532927668769, 36.283087417960957 ], [ -115.184696421626185, 36.282976678861537 ], [ -115.184902854590675, 36.282818540388234 ], [ -115.185048460798384, 36.282692493584847 ], [ -115.18518571812281, 36.282560450627258 ], [ -115.185335429386313, 36.28239857808687 ], [ -115.185510880728515, 36.282196224674919 ], [ -115.186539627152399, 36.281009709009936 ], [ -115.186665747731212, 36.280873431096687 ], [ -115.186803192709547, 36.280742723451041 ], [ -115.18694923729943, 36.280620179885382 ], [ -115.187105433320184, 36.280504463510994 ], [ -115.187290328702829, 36.280384653647438 ], [ -115.187535220010218, 36.280250050075175 ], [ -115.187793667764694, 36.280133239510491 ], [ -115.188010966878807, 36.280052493901906 ], [ -115.188933468926805, 36.279741073356554 ], [ -115.188903565186877, 36.279676600667088 ], [ -115.188849906688262, 36.279539501892401 ], [ -115.188805182876138, 36.27940031634337 ], [ -115.188769517567593, 36.279259425675619 ], [ -115.188743008943618, 36.279117217767329 ], [ -115.188725728463822, 36.278974081307844 ], [ -115.188719358380737, 36.278878334491864 ], [ -115.188687715740556, 36.278173905594954 ], [ -115.188649887694652, 36.277241768900744 ], [ -115.188600095182778, 36.276140323875119 ], [ -115.188646644156265, 36.274254397474408 ], [ -115.188656239139476, 36.273883109543092 ], [ -115.188693660347482, 36.272477599848962 ], [ -115.188707414755925, 36.2719610070694 ], [ -115.188721246107065, 36.271441470040479 ], [ -115.188742363125854, 36.270648286482981 ], [ -115.188762126293852, 36.269905930132069 ], [ -115.18879103986967, 36.268819852997616 ], [ -115.188829472725317, 36.267387791202779 ], [ -115.188889207598308, 36.265161914464151 ], [ -115.188920042454853, 36.263980059927547 ], [ -115.188933774402159, 36.263453739772338 ], [ -115.188985887059346, 36.261502561832081 ], [ -115.18900159041408, 36.260360937361988 ], [ -115.189026247973374, 36.25965454583762 ], [ -115.189073714936612, 36.257842006090861 ], [ -115.189077837867998, 36.256927686595709 ], [ -115.189087182181225, 36.256542415259752 ], [ -115.189088212251121, 36.256500004666989 ], [ -115.18909980819025, 36.256021898606463 ], [ -115.189118712125079, 36.255242492460425 ], [ -115.189164430831028, 36.25418384684054 ], [ -115.189169687257774, 36.253140449891859 ], [ -115.189188751655834, 36.25235446908593 ], [ -115.189199341798428, 36.25191788743826 ], [ -115.189210987488252, 36.251437751493718 ], [ -115.189252301899089, 36.250520718914835 ], [ -115.18925651467012, 36.249560563675651 ], [ -115.189278107708986, 36.248670046987925 ], [ -115.189342386007851, 36.246864406383615 ], [ -115.189352146355304, 36.246512931021257 ], [ -115.189357192472116, 36.246106417711992 ], [ -115.189357925417383, 36.245971426882186 ], [ -115.189391513391129, 36.244038121343827 ], [ -115.189407807337915, 36.243102236502047 ], [ -115.189431801999049, 36.241721648438336 ], [ -115.189437706004057, 36.241382364360348 ], [ -115.189471887453308, 36.239417352097952 ], [ -115.189444035506995, 36.238347622152354 ], [ -115.189421959465264, 36.237737518141621 ], [ -115.189376301295908, 36.235739954452136 ], [ -115.189329224520876, 36.233926228562929 ], [ -115.189281190015024, 36.23206249116641 ], [ -115.18921691891191, 36.231045261560098 ], [ -115.189091143208046, 36.229104407529 ], [ -115.189064691471231, 36.228434384181909 ], [ -115.188958281901762, 36.226547825104213 ], [ -115.188932849994316, 36.226201329464104 ], [ -115.188845086289362, 36.224780877902646 ], [ -115.188731060342221, 36.222957377944837 ], [ -115.188667200389858, 36.22184788319516 ], [ -115.18866552833741, 36.221784583041611 ], [ -115.188634856633399, 36.221255164518865 ], [ -115.188628000791482, 36.221136810212236 ], [ -115.188612602732562, 36.220834803227177 ], [ -115.188596735630696, 36.220596973498374 ], [ -115.188550782025217, 36.219869338572046 ], [ -115.188539411915329, 36.219682726623816 ], [ -115.188522393787451, 36.219332235799897 ], [ -115.188410340110337, 36.217500883898246 ], [ -115.188478130625271, 36.217500057401949 ], [ -115.188545926713928, 36.217499228181737 ], [ -115.19062861779949, 36.217474138644747 ], [ -115.190645651818357, 36.217473947540519 ], [ -115.192848702825898, 36.21744915622574 ], [ -115.192866062706102, 36.21744919299212 ], [ -115.192883394780452, 36.217449229665377 ], [ -115.195128176801219, 36.21742276769065 ], [ -115.197203833129322, 36.217398248413645 ], [ -115.197356265370459, 36.217396414400653 ], [ -115.202336011423029, 36.217337561018844 ], [ -115.202417583172206, 36.217336595610732 ], [ -115.204921807139741, 36.21730546971451 ], [ -115.204980416171821, 36.217304777908751 ], [ -115.207476418697937, 36.217275300345058 ], [ -115.207476654500496, 36.217275299282399 ], [ -115.21181124213031, 36.217139518611212 ], [ -115.211845962411502, 36.2171385204175 ], [ -115.21209095898017, 36.217130035489397 ], [ -115.208543818598358, 36.213247831073346 ], [ -115.207797587810191, 36.212430856331316 ], [ -115.206852171937257, 36.211378483367447 ], [ -115.206160673276926, 36.210619472591503 ], [ -115.205933053619432, 36.210370140608234 ], [ -115.205609002815905, 36.210017140756172 ], [ -115.205474012843126, 36.209870088864783 ], [ -115.205352847126818, 36.20973372285831 ], [ -115.205466878493681, 36.209591231966733 ], [ -115.205522735670371, 36.209518609260563 ], [ -115.205562822611554, 36.209421212640642 ], [ -115.205599412869702, 36.20930182795356 ], [ -115.205619324689025, 36.209082119579655 ], [ -115.205620390025402, 36.209080749374728 ], [ -115.205645512636607, 36.208200861498405 ], [ -115.205653342687086, 36.207906214263808 ], [ -115.205669997033525, 36.207279595095144 ], [ -115.205681949386999, 36.20682982190926 ], [ -115.205693819227406, 36.206382144826762 ], [ -115.205723747487923, 36.205256996596511 ], [ -115.205734728297671, 36.204843811640458 ], [ -115.205735067762546, 36.204831015301508 ], [ -115.205752465743331, 36.204176356319302 ], [ -115.205754399959375, 36.204103561652893 ], [ -115.205909855314019, 36.204103868575537 ], [ -115.20611009649204, 36.204104262256202 ], [ -115.206498143450574, 36.204110678606312 ], [ -115.206741246340343, 36.204114697650276 ], [ -115.207032921588933, 36.204119518618249 ], [ -115.207239350794509, 36.204123308782343 ], [ -115.207381845902162, 36.204126930407078 ], [ -115.207382756365888, 36.204185382796247 ], [ -115.207367048946708, 36.204701646235257 ], [ -115.207016759114552, 36.204698559903449 ], [ -115.207001228357015, 36.205189928382914 ], [ -115.20699930335131, 36.205272185725413 ], [ -115.207017365189429, 36.205353413492674 ], [ -115.20700216193373, 36.205799321912856 ], [ -115.207777335444888, 36.205806770330256 ], [ -115.207766871294666, 36.206334953452831 ], [ -115.207763615883536, 36.206417207523828 ], [ -115.208538747957789, 36.206431145583082 ], [ -115.209027526023036, 36.206441082871798 ], [ -115.210164904602365, 36.206463534121042 ], [ -115.210176892888526, 36.206463565156717 ], [ -115.210529480321171, 36.206470452847256 ], [ -115.211288178052072, 36.206485269209558 ], [ -115.212622349672614, 36.206511974582988 ], [ -115.212961225812506, 36.206519476027118 ], [ -115.212961695658464, 36.206431768502519 ], [ -115.212962883199751, 36.206394502956073 ], [ -115.212974528032262, 36.206028995793162 ], [ -115.212988474002174, 36.205418319731393 ], [ -115.213008325166371, 36.204701547621958 ], [ -115.213022810785986, 36.20423922267571 ], [ -115.213024388324811, 36.204193748472228 ], [ -115.212678845885833, 36.20418730995037 ], [ -115.21269468343705, 36.203438294306928 ], [ -115.212676035579548, 36.203438246524534 ], [ -115.212684384517246, 36.203015049164001 ], [ -115.21268610303261, 36.202960933824571 ], [ -115.212686657703131, 36.202878640560712 ], [ -115.21268228556157, 36.202739813962417 ], [ -115.21269667138661, 36.202248713112624 ], [ -115.213083381564161, 36.202256413532652 ], [ -115.213097811670238, 36.201761019881445 ], [ -115.21309954953405, 36.201678632915566 ], [ -115.213935642160962, 36.201694223159294 ], [ -115.214667732808081, 36.201707331666796 ], [ -115.214773482127214, 36.201704597172508 ], [ -115.214807167157133, 36.200485431748234 ], [ -115.214814443807796, 36.1999166533775 ], [ -115.214832803341409, 36.199257981880407 ], [ -115.214865537152718, 36.198076167906741 ], [ -115.214868765346949, 36.197959595881962 ], [ -115.214889185445955, 36.196851307133784 ], [ -115.214920523948521, 36.195603464298287 ], [ -115.215443976313452, 36.19561125118171 ], [ -115.215867396137526, 36.195617548306046 ], [ -115.215903178319934, 36.195618079856303 ], [ -115.216285338974075, 36.195623762259864 ], [ -115.216315950970909, 36.195624216558855 ], [ -115.216416700808978, 36.195625714863787 ], [ -115.217157017093385, 36.195636716996603 ], [ -115.21788801837053, 36.195647577081182 ], [ -115.21790250493261, 36.195647791613062 ], [ -115.219075838703176, 36.195665213109812 ], [ -115.219380687057978, 36.195669737537806 ], [ -115.219381021728609, 36.195669743060932 ], [ -115.219391783533041, 36.195669901933989 ], [ -115.219894967255811, 36.195677188680101 ], [ -115.219895593177753, 36.195677211308585 ], [ -115.219987992509502, 36.195681101242513 ], [ -115.22386148324405, 36.195736150750086 ], [ -115.223863361985835, 36.195652549002588 ], [ -115.223915965005773, 36.193514869638868 ], [ -115.223950532032887, 36.192110071348061 ], [ -115.223953082978397, 36.192028234491374 ], [ -115.224037518235775, 36.188482878499975 ], [ -115.220028261502549, 36.188362431596296 ], [ -115.219568704231577, 36.188348675096542 ], [ -115.219000292971216, 36.188331838736168 ], [ -115.21891870550337, 36.188330477518207 ], [ -115.218443942814531, 36.188315094993641 ], [ -115.218000603418105, 36.188302067748303 ], [ -115.217891817720272, 36.188298870782795 ], [ -115.217323652039269, 36.18828365945145 ], [ -115.216759358244516, 36.188266969236572 ], [ -115.216206103725668, 36.188250615726901 ], [ -115.216102903159069, 36.188247138625748 ], [ -115.215710934466472, 36.188233991758807 ], [ -115.215454564098167, 36.188227234699973 ], [ -115.215197617911755, 36.18822046270482 ], [ -115.215099001897997, 36.188217863163956 ], [ -115.215099102840867, 36.188024766125835 ], [ -115.215098395153092, 36.187757376680949 ], [ -115.215098136871134, 36.187718011046307 ], [ -115.215078045005214, 36.184930815880811 ], [ -115.215078348436649, 36.184592522002902 ], [ -115.215071300188825, 36.183704821566849 ], [ -115.215065578308128, 36.182387103749271 ], [ -115.215059405070903, 36.181484684854418 ], [ -115.215055851862715, 36.18096533795304 ], [ -115.215058900643299, 36.178975404095596 ], [ -115.215061676685423, 36.177724629716487 ], [ -115.215061829164185, 36.177661863185648 ], [ -115.21496143470921, 36.177035146368588 ], [ -115.214939974852527, 36.176881678372645 ], [ -115.214830798023158, 36.176254690117055 ], [ -115.214810789542113, 36.176130625851499 ], [ -115.214805191345661, 36.176069799228976 ], [ -115.214804486476524, 36.175906446532885 ], [ -115.214800492697066, 36.175010439759234 ], [ -115.214735056026953, 36.175010238486998 ], [ -115.214664390056285, 36.174996285367065 ], [ -115.214619591886603, 36.174975543943695 ], [ -115.214585035775201, 36.174938351154665 ], [ -115.214578144531956, 36.174872398476005 ], [ -115.214589959192637, 36.174523770971931 ], [ -115.21457314127494, 36.174452293450948 ], [ -115.214521040474636, 36.174408178784525 ], [ -115.214554121351952, 36.174108364113643 ], [ -115.214635031036607, 36.173814309853661 ], [ -115.21428648645022, 36.173810330232229 ], [ -115.212515974397505, 36.173716298598478 ], [ -115.210972771070203, 36.173632052239888 ], [ -115.210944490567258, 36.173630508764795 ], [ -115.205965233674348, 36.173358542588865 ], [ -115.205965168911078, 36.173317322596255 ], [ -115.2059650279663, 36.173226828609181 ], [ -115.205964617220559, 36.17296256424212 ], [ -115.205964548746522, 36.172918639451055 ], [ -115.205965667557621, 36.172497606051628 ], [ -115.20596646567401, 36.172197278363058 ], [ -115.205967300776933, 36.171883200628329 ], [ -115.205964134007772, 36.170062786569488 ], [ -115.205965907945071, 36.168893179224547 ], [ -115.205963277054835, 36.168377080466641 ], [ -115.205961232438924, 36.168268396784342 ], [ -115.20596035634064, 36.168221816904463 ], [ -115.205958088715349, 36.168159667277855 ], [ -115.20595798557504, 36.168156835084226 ], [ -115.205957869664971, 36.168153652246673 ], [ -115.205957749799381, 36.167056544154875 ], [ -115.205957712215906, 36.166713225386978 ], [ -115.20596291407783, 36.166534654630667 ], [ -115.206140946303449, 36.16652913591038 ], [ -115.206814063642653, 36.16653537347959 ], [ -115.207073297858983, 36.166523825555245 ], [ -115.207289011056574, 36.166491536896132 ], [ -115.207470573422995, 36.166427547633965 ], [ -115.207777443423765, 36.166247424206006 ], [ -115.207898866824593, 36.166176152606347 ], [ -115.208011565019973, 36.166121562669211 ], [ -115.208149844167835, 36.166075293261599 ], [ -115.208266003735218, 36.166049559878026 ], [ -115.208415983271436, 36.166036292561131 ], [ -115.208544222895355, 36.166036693707753 ], [ -115.208631141512001, 36.16603147212475 ], [ -115.208747937740029, 36.166031214475844 ], [ -115.208899717482254, 36.166030879459385 ], [ -115.210434394778488, 36.16602748201143 ], [ -115.212459773702022, 36.166022778819382 ], [ -115.213326889480996, 36.166019964085898 ], [ -115.214614958257442, 36.166017066354115 ], [ -115.214837307898478, 36.166013629563977 ], [ -115.215454772545485, 36.166011405956183 ], [ -115.216472456346196, 36.166004910745684 ], [ -115.216614542991522, 36.166003972063741 ], [ -115.216773363186519, 36.166001710825093 ], [ -115.21698278416541, 36.16600097765189 ], [ -115.217185808140826, 36.16600983958844 ], [ -115.217399368264779, 36.166029721950288 ], [ -115.217580275360746, 36.166059120198156 ], [ -115.217839675114391, 36.166102492439244 ], [ -115.21861762150742, 36.166242220044012 ], [ -115.218985790081533, 36.166301030104364 ], [ -115.219345577221048, 36.166340583533525 ], [ -115.219603643175518, 36.166352355690911 ], [ -115.222777933815081, 36.166356453943578 ], [ -115.223259229179519, 36.166357901047299 ], [ -115.223757811331026, 36.166363445805722 ], [ -115.224355637287843, 36.166362563952532 ], [ -115.225358665780774, 36.166366937916258 ], [ -115.226210721241316, 36.166370853669207 ], [ -115.226535960674042, 36.166371822449108 ], [ -115.227107460574871, 36.166373522616752 ], [ -115.227990642181496, 36.166377518222895 ], [ -115.228790396597574, 36.166381260525959 ], [ -115.233004104087627, 36.166397773273872 ], [ -115.233246339965717, 36.166398481153919 ], [ -115.235786846201108, 36.1664086228418 ], [ -115.237414736116676, 36.166414706306597 ], [ -115.237998941683287, 36.166416391161697 ], [ -115.240310135652379, 36.166424402300265 ], [ -115.24171697099986, 36.166428420775446 ], [ -115.242062327532267, 36.16642940472255 ], [ -115.244017149624909, 36.166437702533642 ], [ -115.244257707869025, 36.166449140356029 ], [ -115.244265141991519, 36.166773557695471 ], [ -115.244286200030899, 36.167735121685261 ], [ -115.244331438983195, 36.170543888217644 ], [ -115.244331860596859, 36.170569628608327 ], [ -115.244355615445272, 36.172019950450611 ], [ -115.244380806845143, 36.173432142206295 ], [ -115.244383420789887, 36.173578666834679 ], [ -115.244387760628911, 36.173875300723083 ], [ -115.244400132499052, 36.174206443564373 ], [ -115.244430073126338, 36.174544523769029 ], [ -115.244455219070232, 36.17485221855366 ], [ -115.244486495511595, 36.175102698429043 ], [ -115.244473508219386, 36.175386438891842 ], [ -115.24442242928383, 36.175636685855721 ], [ -115.244376901951753, 36.175782064819956 ], [ -115.244301851088693, 36.175902582746254 ], [ -115.244193337486536, 36.17610258934689 ], [ -115.244079622104593, 36.176281118585074 ], [ -115.243955183487316, 36.176417243873878 ], [ -115.243756571343397, 36.176638584469664 ], [ -115.243794801707764, 36.176703079482579 ], [ -115.243919775105383, 36.17692595954825 ], [ -115.243997230925231, 36.177087806258797 ], [ -115.244076163162504, 36.177264404977706 ], [ -115.244120838044296, 36.177364356124656 ], [ -115.244146103474961, 36.177427028853742 ], [ -115.244194176098105, 36.177546276388981 ], [ -115.244304625060593, 36.177908860623482 ], [ -115.244386545025719, 36.178224033471558 ], [ -115.244461857979061, 36.178576568747324 ], [ -115.244540400538796, 36.179035380189092 ], [ -115.244580218805652, 36.179496665190769 ], [ -115.244589399444266, 36.180015547265732 ], [ -115.244597321934791, 36.180595070209641 ], [ -115.24459251010758, 36.181257871810566 ], [ -115.244594442496833, 36.181510685710712 ], [ -115.244594475194802, 36.181571533055262 ], [ -115.244605710130273, 36.182189184532369 ], [ -115.244626857738709, 36.183016565263642 ], [ -115.244636853683673, 36.183627437162507 ], [ -115.244657589789483, 36.186217126182612 ], [ -115.244663072345176, 36.187154702836352 ], [ -115.244667583380604, 36.187855638533861 ], [ -115.244668381892623, 36.188349187886772 ], [ -115.244666100609962, 36.188513666484575 ], [ -115.244669481489595, 36.188596119099145 ], [ -115.244671109643875, 36.188635801315321 ], [ -115.244672851406278, 36.188678278761344 ], [ -115.244673499854557, 36.188836040183915 ], [ -115.244674016470043, 36.18886221969337 ], [ -115.244676434020761, 36.18898482037104 ], [ -115.244676657686398, 36.189068206807761 ], [ -115.244678459899006, 36.189461612660871 ], [ -115.244678869193621, 36.189550951752565 ], [ -115.244689438292312, 36.191858346352184 ], [ -115.244701255938622, 36.193695200652598 ], [ -115.244700758695359, 36.195211862705648 ], [ -115.244700149459376, 36.195425945732261 ], [ -115.244698279273422, 36.195540851545886 ], [ -115.244689561527665, 36.195651149527045 ], [ -115.244697545471183, 36.196009588782118 ], [ -115.244697892898159, 36.196026002286303 ], [ -115.244704984848539, 36.196361258677172 ], [ -115.244707032238324, 36.196487489459223 ], [ -115.24470848963611, 36.196764702943184 ], [ -115.244722251246216, 36.199728380787803 ], [ -115.24472382797714, 36.200307425131143 ], [ -115.244725651297188, 36.200976921875785 ], [ -115.244726217337032, 36.201076088014226 ], [ -115.244727514835034, 36.20130056810482 ], [ -115.244731503784124, 36.201991124111466 ], [ -115.244736538257285, 36.202917424589131 ], [ -115.244736915430366, 36.203149550362177 ], [ -115.244736009709627, 36.203386484491098 ], [ -115.244735998972942, 36.203389236101003 ], [ -115.244735191542929, 36.20360024307216 ], [ -115.244739688937187, 36.203834683260709 ], [ -115.244754275254408, 36.204519989165526 ], [ -115.244789709793963, 36.205205600859081 ], [ -115.244823378612381, 36.205659065749884 ], [ -115.244865436607526, 36.206110401116732 ], [ -115.244945651414284, 36.20678314789518 ], [ -115.245046222275079, 36.207447178871561 ], [ -115.245124620769175, 36.207890031840428 ], [ -115.245167643580331, 36.208111514602052 ], [ -115.245362123242515, 36.208991013884862 ], [ -115.24541492651781, 36.20921038625152 ], [ -115.24552902477302, 36.209642494306465 ], [ -115.245650174199568, 36.210070199471282 ], [ -115.245710774815066, 36.210282925007562 ], [ -115.245833466544724, 36.210703891744515 ], [ -115.2458645989921, 36.210806027053046 ], [ -115.245894279475195, 36.210903395848369 ], [ -115.245896947782185, 36.21091215218145 ], [ -115.246084172238014, 36.211525619314934 ], [ -115.246180048163666, 36.2118676427976 ], [ -115.246254174158935, 36.212132073377269 ], [ -115.24634970225317, 36.212522105590821 ], [ -115.24640263356855, 36.212738211490354 ], [ -115.246490984132777, 36.213140644934931 ], [ -115.24649851997593, 36.213176812326502 ], [ -115.246573031266038, 36.213545239886685 ], [ -115.246648178064177, 36.213947479222142 ], [ -115.246716476320344, 36.214345111680103 ], [ -115.246776585420662, 36.214735864061112 ], [ -115.246829644776412, 36.215131019209672 ], [ -115.246853021864894, 36.215329677568995 ], [ -115.246911932799648, 36.215929995025952 ], [ -115.246958131687705, 36.216539140875483 ], [ -115.246978919849298, 36.216947345108977 ], [ -115.246992011143078, 36.217357689892516 ], [ -115.246995726126599, 36.21756507419942 ], [ -115.246998696321583, 36.217774701517619 ], [ -115.246998149462982, 36.217954981112811 ], [ -115.246997090595599, 36.218210453759504 ], [ -115.246997032960635, 36.218223141034926 ], [ -115.246996641398582, 36.218323729131406 ], [ -115.246996444632529, 36.218374123219228 ], [ -115.246994499272404, 36.218585932246327 ], [ -115.24698768800225, 36.218797669019871 ], [ -115.246985136648306, 36.2192235602407 ], [ -115.24700027263178, 36.222052329589914 ], [ -115.247003614947587, 36.222677108078003 ], [ -115.247003960326495, 36.222741685414221 ], [ -115.247010110244574, 36.223649970838217 ], [ -115.2470129758875, 36.224051151001134 ], [ -115.247016209422867, 36.224560508299405 ], [ -115.247018932093965, 36.225466490048753 ], [ -115.247019461664507, 36.225640319217675 ], [ -115.2470194810534, 36.225646703991444 ], [ -115.247022521960631, 36.226645167546835 ], [ -115.247033836631246, 36.228069598788622 ], [ -115.247035688071549, 36.228547386094618 ], [ -115.247047138413137, 36.230713248075972 ], [ -115.247041294606603, 36.231006128160828 ], [ -115.24704826931503, 36.231970764874006 ], [ -115.247053271378093, 36.232712266262546 ], [ -115.247052663353941, 36.233059300310714 ], [ -115.24705266282912, 36.233059422884175 ], [ -115.247052965984992, 36.233062409696473 ], [ -115.247052612495963, 36.233088328793812 ], [ -115.247052382124949, 36.233219309364657 ], [ -115.247050073431211, 36.233478437974853 ], [ -115.247026620669757, 36.235089405558192 ], [ -115.247009554389521, 36.236243507290098 ], [ -115.24700889526089, 36.236288051485836 ], [ -115.247003537779065, 36.236777901430465 ], [ -115.246985534430991, 36.238424104749058 ], [ -115.246962289812942, 36.23980746281552 ], [ -115.246959393975374, 36.240030524563863 ], [ -115.246955359407366, 36.240480189612946 ], [ -115.24695518559254, 36.240499208042564 ], [ -115.24695059281288, 36.240922813536116 ], [ -115.246927626868029, 36.242698297372037 ], [ -115.246905182482607, 36.244045608907108 ], [ -115.246898050868452, 36.244684529281365 ], [ -115.246890594452992, 36.245352470931721 ], [ -115.246888041024079, 36.245591313118737 ], [ -115.246884700040752, 36.245803100134772 ], [ -115.246881309518187, 36.246054481322169 ], [ -115.246866675549001, 36.247139208700119 ], [ -115.246863201937913, 36.247848673502197 ], [ -115.246863174935214, 36.247853675552371 ], [ -115.246862181631897, 36.248056348991099 ], [ -115.246860675797677, 36.248279430557105 ], [ -115.24685692786008, 36.249194328572337 ], [ -115.246846703655663, 36.250336738685313 ], [ -115.24682749744585, 36.251445207128235 ], [ -115.246823412466199, 36.252312765621795 ], [ -115.246825583043147, 36.252526885788996 ], [ -115.246840455126716, 36.252950771888855 ], [ -115.24685658301506, 36.253162842092678 ], [ -115.246875058797627, 36.253332129963944 ], [ -115.246879715048919, 36.253372761694607 ], [ -115.246910496998183, 36.253582793802998 ], [ -115.246947536938649, 36.253792917378036 ], [ -115.246990139480516, 36.254003122349445 ], [ -115.247040341277525, 36.254215691951146 ], [ -115.247133959379227, 36.254528269867869 ], [ -115.247197885587426, 36.254787649551787 ], [ -115.247274599312007, 36.255024419650603 ], [ -115.247338770091361, 36.255198320351589 ], [ -115.247507695185888, 36.255595476567457 ], [ -115.247774023867251, 36.256107487175306 ], [ -115.248012644370533, 36.256489695561925 ], [ -115.248235032566669, 36.256812719120859 ], [ -115.248340472821113, 36.256942738094317 ], [ -115.248508154651148, 36.257148046789958 ], [ -115.248757614844962, 36.257450248981108 ], [ -115.250815236012627, 36.259668942396921 ], [ -115.251448152732991, 36.260425494994529 ], [ -115.252165441067334, 36.261177674702694 ], [ -115.252272942431944, 36.26129040400486 ], [ -115.253856104117915, 36.263058377418446 ], [ -115.254345149517306, 36.263605109379967 ], [ -115.255378246018552, 36.264732530883414 ], [ -115.258068648905592, 36.267599344906458 ], [ -115.258318653089745, 36.267876994668043 ], [ -115.25834062892207, 36.267901075926943 ], [ -115.260136198249711, 36.269868548919803 ], [ -115.260948165232762, 36.270761787551471 ], [ -115.261907524248983, 36.271817641616416 ], [ -115.262145178831688, 36.272079198407489 ], [ -115.262849705263719, 36.272842898650282 ], [ -115.262850835547113, 36.272844124701074 ], [ -115.26305969987412, 36.2730705268864 ], [ -115.264693871107553, 36.274868036625946 ], [ -115.265000932852317, 36.275205778317329 ], [ -115.265381357344211, 36.275623729793104 ], [ -115.266661304284057, 36.277029897031362 ], [ -115.266763667753466, 36.277142352516343 ], [ -115.266897208163769, 36.277292331809846 ], [ -115.267000199375914, 36.277408000877571 ], [ -115.267105175464778, 36.277525898532154 ], [ -115.267479626512511, 36.277930202901196 ], [ -115.26748443214953, 36.277935363637013 ], [ -115.267643428636944, 36.27810609969886 ], [ -115.267818902380739, 36.278294463659599 ], [ -115.267822185235858, 36.278297987266228 ], [ -115.268194173880403, 36.278704170126503 ], [ -115.268541692580939, 36.279083629690966 ], [ -115.270050299468309, 36.280737979543296 ], [ -115.270103572748155, 36.280796398670873 ], [ -115.270561576340029, 36.281294297774508 ], [ -115.270789885741678, 36.28154323718708 ], [ -115.271975225125587, 36.28285391079649 ], [ -115.27374503361608, 36.284787160045681 ], [ -115.273834007828611, 36.284884347775943 ], [ -115.274316801876665, 36.285411705610912 ], [ -115.275335935971469, 36.286532902730492 ], [ -115.275571356934208, 36.28679064390181 ], [ -115.277035013106243, 36.288393024707702 ], [ -115.279977284662863, 36.291613911960923 ], [ -115.28008370114064, 36.291731446523741 ], [ -115.280083747696622, 36.29173149891524 ], [ -115.281579471949897, 36.293383452287067 ], [ -115.281758448556303, 36.293577995011773 ], [ -115.281879916913212, 36.29371002760692 ], [ -115.282462475247641, 36.29434263142069 ], [ -115.28290619107436, 36.294829335507046 ], [ -115.283221710599008, 36.295175418915171 ], [ -115.283335416188137, 36.295300137479735 ], [ -115.284440193465869, 36.296511898653314 ], [ -115.285365417423861, 36.297516733909049 ], [ -115.285514761618117, 36.29768155353981 ], [ -115.285971593690633, 36.298185715463994 ], [ -115.286064429084959, 36.298286801473331 ], [ -115.2860701638743, 36.29829304617639 ], [ -115.286480361214373, 36.298739397459038 ], [ -115.286575940314549, 36.298843400960315 ], [ -115.286854614940353, 36.299152703453956 ], [ -115.287332906805617, 36.299683553775679 ], [ -115.287814939244754, 36.300206520770736 ], [ -115.289377605323224, 36.301921306665136 ], [ -115.289931003369588, 36.302524160840811 ], [ -115.289986740243364, 36.302585549337536 ], [ -115.290020833992386, 36.302623099445093 ], [ -115.290304149579839, 36.302935136831991 ], [ -115.292400523469681, 36.305236677555207 ], [ -115.292635112702129, 36.305490999933404 ], [ -115.293175705367275, 36.306077054026304 ], [ -115.293588093954085, 36.306533014848455 ], [ -115.293764548224445, 36.306728109926112 ], [ -115.294317583452425, 36.30733956490549 ], [ -115.294342942822254, 36.307367340965307 ], [ -115.295003588016542, 36.308090966258078 ], [ -115.295766371100683, 36.308926444198192 ], [ -115.295882314551832, 36.309053320789054 ], [ -115.298959102620245, 36.312459639805056 ], [ -115.300578733930593, 36.314236581603787 ], [ -115.300708062061915, 36.314381355315177 ], [ -115.300854790424324, 36.314550083217071 ], [ -115.301184948575013, 36.314903677387242 ], [ -115.301579409583098, 36.31533383485182 ], [ -115.302063095037184, 36.315862446656624 ], [ -115.302386934094301, 36.31622195292384 ], [ -115.303063354321907, 36.316956940076707 ], [ -115.30358121597456, 36.317530132781094 ], [ -115.304546172057456, 36.318582885372656 ], [ -115.305026572875988, 36.319095287849322 ], [ -115.305454393110239, 36.319597063020595 ], [ -115.307128794388049, 36.321416014921404 ], [ -115.307841466948474, 36.322157305623868 ], [ -115.307964002834737, 36.322292377903196 ], [ -115.308705072742356, 36.323109258239377 ], [ -115.309718560235225, 36.324214312244536 ], [ -115.310731186226704, 36.325328360040842 ], [ -115.311426843736925, 36.326093100572848 ], [ -115.311563654339253, 36.326243495041844 ], [ -115.311896204089706, 36.326609060249282 ], [ -115.312669923627908, 36.327497737288894 ], [ -115.314287687703811, 36.329256210099679 ], [ -115.3149226183954, 36.32995770132019 ], [ -115.315872861639249, 36.330995715301391 ], [ -115.317250701276265, 36.332505256180767 ], [ -115.317559275131785, 36.332843316651989 ], [ -115.318086097247431, 36.333420462098871 ], [ -115.318299987148748, 36.333654780969738 ], [ -115.318859257362234, 36.33426746484767 ], [ -115.318939357904739, 36.334353037282462 ], [ -115.320629506237225, 36.336206565349229 ], [ -115.320688209813127, 36.336206180376429 ], [ -115.321527755099723, 36.33620067770255 ], [ -115.32154455810219, 36.336200567525225 ], [ -115.321669390908497, 36.336199748885363 ], [ -115.322805799131388, 36.33619228978894 ], [ -115.323942207204269, 36.336184819886292 ], [ -115.325080076596777, 36.33618510400445 ], [ -115.32621794606095, 36.33618537819045 ], [ -115.327355815599233, 36.336185641542997 ], [ -115.327924750955873, 36.336185768256634 ], [ -115.328493686327846, 36.33618589316319 ], [ -115.329631519860769, 36.336185947309559 ], [ -115.330769353460454, 36.336185990623143 ], [ -115.331907188237366, 36.33618602400756 ], [ -115.333045021968829, 36.336186045655587 ], [ -115.334178896437948, 36.336186179819684 ], [ -115.33531276986065, 36.336186303224011 ], [ -115.336446644464161, 36.336186415873101 ], [ -115.337580518017191, 36.336186518663673 ], [ -115.338714392752706, 36.336186609797764 ], [ -115.339848266439347, 36.33618669017207 ], [ -115.340982141304423, 36.33618675979114 ], [ -115.341549078758163, 36.33618679146786 ], [ -115.34211601623339, 36.336186818652692 ], [ -115.343252563410488, 36.336183286888087 ], [ -115.34438911166319, 36.336179743415897 ], [ -115.345525658757495, 36.336176190034251 ], [ -115.346662206926155, 36.336172624945 ], [ -115.347798753935265, 36.336169049946278 ], [ -115.348935302017466, 36.336165463239979 ], [ -115.350071848938896, 36.336161866624209 ], [ -115.35120839693225, 36.336158258300877 ], [ -115.352349300073726, 36.336157759627049 ], [ -115.353490203260378, 36.336157250061923 ], [ -115.354631107602813, 36.33615673050889 ], [ -115.355772010880543, 36.3361561982599 ], [ -115.356912914198944, 36.336155656020829 ], [ -115.35805381756002, 36.336155102890466 ], [ -115.35919472207712, 36.336154538870879 ], [ -115.360335625521756, 36.336153963957905 ], [ -115.361482676328961, 36.336142164305038 ], [ -115.362629726847999, 36.336130353642453 ], [ -115.36377677819209, 36.336118531972289 ], [ -115.364923828132774, 36.336106699290376 ], [ -115.366070877783358, 36.336094855598809 ], [ -115.367217927143258, 36.336083000897602 ], [ -115.368364977325768, 36.336071135188796 ], [ -115.369512026099912, 36.336059259369598 ], [ -115.369741849328491, 36.336059161834456 ], [ -115.368897275530983, 36.365537678988318 ], [ -115.368757800542255, 36.36553681284181 ], [ -115.355975450693549, 36.365409820352113 ], [ -115.355519553573345, 36.365405265450882 ], [ -115.361320397792412, 36.370215853898266 ], [ -115.364137714744899, 36.372551913605577 ], [ -115.366782855966292, 36.374717264538596 ], [ -115.366938690493669, 36.374845950897182 ], [ -115.368909541323902, 36.376473401553753 ], [ -115.368963958770294, 36.376518392333601 ], [ -115.369822236349009, 36.377227999946157 ], [ -115.372440512839916, 36.379397807646654 ], [ -115.373857744230165, 36.380564162554727 ], [ -115.375708897039289, 36.382108236757496 ], [ -115.378228926304104, 36.384193202385653 ], [ -115.379146895792644, 36.384949331026931 ], [ -115.382011520796098, 36.387327346396781 ], [ -115.383729766967434, 36.388743299401732 ], [ -115.385955611067772, 36.390585246670938 ], [ -115.387681244257834, 36.39202152528933 ], [ -115.389904024615177, 36.39385209034036 ], [ -115.393080958842845, 36.396493210841832 ], [ -115.39526414000801, 36.39829610294305 ], [ -115.395980849627179, 36.398891651572285 ], [ -115.397616642984843, 36.40024094722871 ], [ -115.398923444149361, 36.401325910532293 ], [ -115.398987806384255, 36.401379346586651 ], [ -115.404396250516115, 36.405861911544818 ], [ -115.405915163856832, 36.407112630474423 ], [ -115.406338597053107, 36.407469834049841 ], [ -115.408273497338826, 36.409070865937338 ], [ -115.408922616539769, 36.409606844607019 ], [ -115.409574439518877, 36.410147364123937 ], [ -115.410455986780519, 36.410873473656345 ], [ -115.411570435193795, 36.411800987761005 ], [ -115.413360430768861, 36.413271557954047 ], [ -115.41489218684265, 36.41455613755641 ], [ -115.415755338773707, 36.415266190679965 ], [ -115.416174029083209, 36.415621043247043 ], [ -115.416379519662897, 36.415799544656799 ], [ -115.416787441839318, 36.416170028470418 ], [ -115.417195093783491, 36.416554027453344 ], [ -115.41760321865759, 36.416949299419294 ], [ -115.417804728345203, 36.417152534872905 ], [ -115.418384269962317, 36.417757402024009 ], [ -115.41875254668544, 36.418158902296106 ], [ -115.418930414133754, 36.418359569948642 ], [ -115.419447948787976, 36.418963610481917 ], [ -115.419779210499399, 36.419369126069014 ], [ -115.420107504000242, 36.419783614926168 ], [ -115.420271213320206, 36.419995360156115 ], [ -115.420590179365462, 36.420423246466768 ], [ -115.420895119149307, 36.42085545332128 ], [ -115.421041363144909, 36.421069220542378 ], [ -115.421326143332948, 36.421498905211607 ], [ -115.421600381529785, 36.421932957735663 ], [ -115.421734690407746, 36.422151073630452 ], [ -115.422652452242744, 36.423718147113988 ], [ -115.423805059278592, 36.425705220439689 ], [ -115.423920433892917, 36.425905535914652 ], [ -115.423928493982871, 36.425919528609313 ], [ -115.424706220955301, 36.427269805511536 ], [ -115.425864885121399, 36.42927271331444 ], [ -115.426641168902719, 36.43060352148823 ], [ -115.427152280860497, 36.431498152723101 ], [ -115.427911499236203, 36.432812953482014 ], [ -115.428924062888157, 36.434566017144292 ], [ -115.429573109821334, 36.435676539359406 ], [ -115.43090652441812, 36.43798141724767 ], [ -115.431845685803125, 36.439611799777595 ], [ -115.432785292547436, 36.441221899664043 ], [ -115.43331560709909, 36.442139291566214 ], [ -115.435126938340986, 36.445275188808715 ], [ -115.435794303241366, 36.446419719820895 ], [ -115.437417734831698, 36.449233118305536 ], [ -115.438892012548678, 36.451769610860737 ], [ -115.441702288028196, 36.456622144076128 ], [ -115.442670181953417, 36.458302394528964 ], [ -115.442954355565377, 36.458774837751257 ], [ -115.443250521516333, 36.459240676414232 ], [ -115.443558633508573, 36.459702162585678 ], [ -115.443873858127006, 36.4601569797696 ], [ -115.444035351746905, 36.460382185392092 ], [ -115.444366100560856, 36.460828189743879 ], [ -115.444703962169839, 36.461267524941206 ], [ -115.445056560698063, 36.461702544742543 ], [ -115.44560854264823, 36.462351991871309 ], [ -115.445991179223185, 36.462785146161053 ], [ -115.446385111968226, 36.463211685229716 ], [ -115.446791037187097, 36.463631618771103 ], [ -115.447421775740338, 36.464250532478808 ], [ -115.447854569322246, 36.464652783297652 ], [ -115.448296612543174, 36.465046138634285 ], [ -115.448743676107384, 36.46543279718793 ], [ -115.449424333513178, 36.465998264555317 ], [ -115.449887154142743, 36.466364841307346 ], [ -115.450363969293107, 36.466729344456006 ], [ -115.450854173108979, 36.467087258838752 ], [ -115.451105248330094, 36.467264039482586 ], [ -115.451359812655539, 36.467440864883585 ], [ -115.451874003396952, 36.46778556482937 ], [ -115.452134328265188, 36.467953449128217 ], [ -115.452658558393011, 36.46828475514446 ], [ -115.452922508697043, 36.468445923787996 ], [ -115.453451939134524, 36.468761518765554 ], [ -115.454517225545189, 36.469386023991852 ], [ -115.457453760402402, 36.471080357384004 ], [ -115.458509525484985, 36.471695689843415 ], [ -115.460095758651519, 36.472613071415687 ], [ -115.461151789573677, 36.473217117770766 ], [ -115.461679328050209, 36.473525891294017 ], [ -115.463273264084336, 36.474445584042698 ], [ -115.46394911715818, 36.474839637649978 ], [ -115.464855291874898, 36.475369609218653 ], [ -115.466420366616902, 36.476270861148883 ], [ -115.467735060793956, 36.477029158339519 ], [ -115.468210179754834, 36.477310188745449 ], [ -115.468512285645701, 36.477485333812865 ], [ -115.46929797727681, 36.477937106045523 ], [ -115.469824884899481, 36.478245835473373 ], [ -115.470082150510422, 36.478395613821959 ], [ -115.4716382817831, 36.479296682925195 ], [ -115.471750727535792, 36.479361221549993 ], [ -115.473467548679281, 36.480358972778795 ], [ -115.475818505941206, 36.481716350742452 ], [ -115.477355374134319, 36.482610339273165 ], [ -115.478379856421412, 36.483200310687323 ], [ -115.47991538837006, 36.484094249500686 ], [ -115.480953119537958, 36.484686620853715 ], [ -115.483062715182356, 36.485912334189656 ], [ -115.484688199105022, 36.486850172784642 ], [ -115.486586877921539, 36.48794920094182 ], [ -115.489317139089891, 36.489522957622356 ], [ -115.491487729290313, 36.490783098506988 ], [ -115.492562827974794, 36.491400631284193 ], [ -115.493632364100236, 36.492018083465652 ], [ -115.495488352139418, 36.493100657981095 ], [ -115.498371320685365, 36.4947707829321 ], [ -115.499150475201063, 36.495217770554532 ], [ -115.500950111125988, 36.496263520315352 ], [ -115.503499439623269, 36.497733337493059 ], [ -115.505269543049494, 36.498760645072565 ], [ -115.506541530515207, 36.499493227393003 ], [ -115.508848035569883, 36.50082694221777 ], [ -115.510418233454075, 36.501732248449571 ], [ -115.513586088149907, 36.503572438978573 ], [ -115.515194426795773, 36.504496187540489 ], [ -115.516541697295651, 36.505279194489091 ], [ -115.518436562957433, 36.506368725892081 ], [ -115.520053133429812, 36.507306033502239 ], [ -115.521400588052117, 36.508084480635056 ], [ -115.526198944693562, 36.510861779097326 ], [ -115.530815438102252, 36.513530723211694 ], [ -115.532056929962408, 36.514240135582739 ], [ -115.534262017332466, 36.515520288295924 ], [ -115.535239688864451, 36.516084446198043 ], [ -115.537446406013473, 36.5173577996405 ], [ -115.538681783044439, 36.518064815539589 ], [ -115.539909337062909, 36.51878073699433 ], [ -115.540659261532781, 36.51921134916838 ], [ -115.541421586541162, 36.51965112324892 ], [ -115.544547464053821, 36.521462939451439 ], [ -115.54819721000824, 36.523562760039781 ], [ -115.54833193936723, 36.523640902350017 ], [ -115.550257137603879, 36.52475746628955 ], [ -115.55154795221975, 36.525498828424482 ], [ -115.553624481882679, 36.526707201180798 ], [ -115.554670161307769, 36.527308082597663 ], [ -115.557530194114079, 36.528958582727341 ], [ -115.558311263936929, 36.529414251888205 ], [ -115.559630558099684, 36.530171647238916 ], [ -115.566382603594576, 36.534071361773073 ], [ -115.566390073839358, 36.534075676324917 ], [ -115.567636845912645, 36.534795677010287 ], [ -115.57135888018442, 36.536942988513921 ], [ -115.573206036774508, 36.538015307774117 ], [ -115.575836862910904, 36.539529662463863 ], [ -115.578431701979909, 36.541032262741645 ], [ -115.580767755036902, 36.542373971055049 ], [ -115.582328440573448, 36.54328047658953 ], [ -115.584417925733518, 36.544481709428652 ], [ -115.586008510056672, 36.545399790710455 ], [ -115.586807162437935, 36.545866750153571 ], [ -115.588976989732643, 36.547111675463043 ], [ -115.594970899131425, 36.550574207486264 ], [ -115.596037968347119, 36.551186249043063 ], [ -115.59733850035326, 36.551940754808896 ], [ -115.597992063747071, 36.552317360273186 ], [ -115.598010008599772, 36.552327701015642 ], [ -115.59801291036959, 36.552719265436501 ], [ -115.598014562171997, 36.552942224588357 ], [ -115.598033626690054, 36.555415599613795 ], [ -115.598062208650475, 36.559123449467364 ], [ -115.598062901796979, 36.559213406835177 ], [ -115.59810399435662, 36.562844888086644 ], [ -115.59814626594023, 36.566580134910048 ], [ -115.598145897015655, 36.566615923214108 ], [ -115.598108465088245, 36.570242340769603 ], [ -115.598071030833097, 36.573868756112319 ], [ -115.598070142384415, 36.573954869641625 ], [ -115.598302245350794, 36.577498935005018 ], [ -115.598539441633136, 36.581120425266235 ], [ -115.599195439452643, 36.595762312347077 ], [ -115.599838884498553, 36.595740060322136 ], [ -115.617472184859324, 36.595658501850259 ], [ -115.635459291709367, 36.595656472890084 ], [ -115.644453497254844, 36.595653736724401 ], [ -115.648950927438577, 36.595652114844007 ], [ -115.653447706779602, 36.595650439889447 ], [ -115.653493830862942, 36.596590575539068 ], [ -115.653518644437753, 36.59659057570957 ], [ -115.653590830806309, 36.596590577486218 ], [ -115.654270651758949, 36.596587968541371 ], [ -115.65514682342787, 36.596584599645745 ], [ -115.655353823011481, 36.596584603018229 ], [ -115.657115814601909, 36.596578629213589 ], [ -115.659437803078163, 36.596570662611995 ], [ -115.660105800459391, 36.596567671775446 ], [ -115.661759793273532, 36.596562696736434 ], [ -115.662700707515043, 36.596561050223308 ], [ -115.663966770322347, 36.596558823681846 ], [ -115.667376856534077, 36.596552758315433 ], [ -115.671452356623277, 36.596545382230232 ], [ -115.671882778899558, 36.596544594523017 ], [ -115.672232097072751, 36.596543954729093 ], [ -115.67551172982057, 36.596537896150508 ], [ -115.675685354600688, 36.596790275412616 ], [ -115.67640471429236, 36.597835908380446 ], [ -115.678856857680401, 36.599787787348539 ], [ -115.679472680853564, 36.600277951925705 ], [ -115.681069151630282, 36.599963672912097 ], [ -115.681199675452049, 36.599937977183984 ], [ -115.681215675017768, 36.599932977755337 ], [ -115.68119970304295, 36.596509977618958 ], [ -115.68121170340261, 36.596508978384847 ], [ -115.681381946475227, 36.596508705742409 ], [ -115.685498683378555, 36.596502040804872 ], [ -115.685515683048479, 36.596501041430884 ], [ -115.685562670909221, 36.598143040790269 ], [ -115.685563669583416, 36.598169040511046 ], [ -115.689463517198789, 36.598149941666627 ], [ -115.690249150249585, 36.598146079416686 ], [ -115.69347663396853, 36.598130155310464 ], [ -115.693474650766547, 36.595890157143494 ], [ -115.693471817668993, 36.595634129414215 ], [ -115.707421420344915, 36.595624096133314 ], [ -115.725981013405772, 36.596211451001651 ], [ -115.740281311559372, 36.596745493859913 ], [ -115.772737504497883, 36.597363693447704 ], [ -115.790927668771999, 36.597560364023401 ], [ -115.826622569547951, 36.597701555745864 ], [ -115.850811082025146, 36.597764081274292 ], [ -115.862817423974718, 36.597839750025976 ], [ -115.880822766287991, 36.598014735700779 ], [ -115.887362352922025, 36.598107799753798 ], [ -115.895348692374384, 36.598162512234538 ], [ -115.895349804040663, 36.61348563068514 ], [ -115.89534549460511, 36.627848161942971 ], [ -115.895426780006758, 36.642256574707517 ], [ -115.895480048728629, 36.656733487562434 ], [ -115.895619252927176, 36.671302039089163 ], [ -115.895759856077447, 36.685867130095446 ], [ -115.895784619046026, 36.70029801806475 ], [ -115.89598044418571, 36.714774938126737 ], [ -115.896090427124861, 36.729160194329623 ], [ -115.896201925499312, 36.74379695558769 ], [ -115.896226209928884, 36.758113471590512 ], [ -115.896251424706264, 36.772590114103885 ], [ -115.896334035721878, 36.787135475218548 ], [ -115.896472907062147, 36.801543686368518 ], [ -115.896611198586811, 36.815837509185833 ], [ -115.896692682132809, 36.830154038395222 ], [ -115.896846207330555, 36.842092247067491 ], [ -115.882675859890043, 36.842016786186619 ], [ -115.864685906486557, 36.842090916417611 ], [ -115.846695209309559, 36.842025136327685 ], [ -115.828762397722045, 36.842139729619035 ], [ -115.810628816453516, 36.841999503767852 ], [ -115.792638314519991, 36.841971258599216 ], [ -115.774533710643027, 36.841917083322613 ], [ -115.740748304710351, 36.841900077352719 ], [ -115.740846335375707, 36.853083751862734 ], [ -115.727986379926065, 36.853154327527434 ], [ -115.710192914169738, 36.853114290601347 ], [ -115.692114745510892, 36.853207750918244 ], [ -115.67397956343153, 36.853321095824604 ], [ -115.656157688381754, 36.853318618075257 ], [ -115.638022365400971, 36.8534036195908 ], [ -115.62000071617355, 36.853326263187789 ], [ -115.602549663676712, 36.853408840899675 ], [ -115.584499698355188, 36.853417446907052 ], [ -115.566478291817418, 36.853469208756678 ], [ -115.548770467889099, 36.853474037571495 ], [ -115.530606414523675, 36.853451036583941 ], [ -115.512470907243511, 36.853471125498778 ], [ -115.494506412271818, 36.853443670594523 ], [ -115.476741591893472, 36.8535290116507 ], [ -115.458634528314903, 36.853518221427152 ], [ -115.440698573941944, 36.853551394153222 ], [ -115.422591508578037, 36.853580871991284 ], [ -115.404570007771852, 36.853585264042152 ], [ -115.386263363709617, 36.853585074565586 ], [ -115.368698063026216, 36.853609773213272 ], [ -115.35090478134741, 36.853584606198147 ], [ -115.33282624603018, 36.853600600374122 ], [ -115.3147476867086, 36.853659559898148 ], [ -115.30339891977215, 36.853557462726116 ], [ -115.294080631605723, 36.853579369104509 ], [ -115.287832876511686, 36.853593647771973 ], [ -115.286403928143983, 36.853596866897853 ], [ -115.268325497275626, 36.853603008262098 ], [ -115.250218780622262, 36.853514756062246 ], [ -115.232083546786654, 36.85344642072419 ], [ -115.214119122407197, 36.85346812188746 ], [ -115.196212287008393, 36.853350331374919 ], [ -115.178618452720571, 36.853415364430781 ], [ -115.160511675077871, 36.853382055011238 ], [ -115.142348053707309, 36.853345554277624 ], [ -115.12441246251143, 36.853308179372512 ], [ -115.106163333839348, 36.853265419574022 ], [ -115.088285386143113, 36.853131619239036 ], [ -115.071090872945319, 36.853184221449027 ], [ -115.053041008852503, 36.853226568989925 ], [ -115.035105022063846, 36.853290091173974 ], [ -115.016855726006114, 36.853302190109112 ], [ -114.998919903968158, 36.853337389822379 ], [ -114.986146411899597, 36.853363856384817 ], [ -114.986112023509335, 36.853364410855377 ], [ -114.980582034502717, 36.853394446830812 ], [ -114.975052005538231, 36.853424226193596 ], [ -114.969521974819031, 36.85345374823342 ], [ -114.963991943536641, 36.85348301295555 ], [ -114.960369165771127, 36.853373030137476 ], [ -114.956774410731754, 36.853341160923563 ], [ -114.956741569890383, 36.85334086884707 ], [ -114.956091375504798, 36.853335093702924 ], [ -114.95608826163199, 36.853335066456467 ], [ -114.954907474120191, 36.853324566827332 ], [ -114.951796688054003, 36.853296852261636 ], [ -114.95130479953464, 36.853292462394798 ], [ -114.94919641195338, 36.85329204580335 ], [ -114.945823348280754, 36.853291301211655 ], [ -114.942221256801147, 36.853290400014131 ], [ -114.941281362579517, 36.853294482644031 ], [ -114.936739415183922, 36.853314108418481 ], [ -114.933122654673241, 36.853329611756166 ], [ -114.932197490942769, 36.853332981284382 ], [ -114.928755708556224, 36.8533454540189 ], [ -114.928102839500411, 36.853347809076439 ], [ -114.927655561750555, 36.853349419493604 ], [ -114.924027692564863, 36.853377028217864 ], [ -114.923162908173481, 36.853372719348528 ], [ -114.923114696209367, 36.853372479497942 ], [ -114.918670244626654, 36.853350237177274 ], [ -114.918573836526036, 36.853349752098097 ], [ -114.91492778497674, 36.853331378235872 ], [ -114.914032955744588, 36.853328859824458 ], [ -114.909684763974397, 36.853316528275606 ], [ -114.90960322562232, 36.853316295022637 ], [ -114.905191959316511, 36.853303618202304 ], [ -114.900699162218686, 36.853290539243872 ], [ -114.896918525574833, 36.853279401981766 ], [ -114.896206346040728, 36.853278141956189 ], [ -114.891713562803304, 36.853270098926707 ], [ -114.88722065204567, 36.853263370454613 ], [ -114.88272793088062, 36.853265206539376 ], [ -114.880481608834273, 36.85326605977059 ], [ -114.878824279716866, 36.853266662865487 ], [ -114.878235354575764, 36.853271280392548 ], [ -114.873743624902218, 36.853306401030103 ], [ -114.86988732580464, 36.853275570950629 ], [ -114.869271694718762, 36.853281267927926 ], [ -114.864800338956655, 36.853322551448628 ], [ -114.860328700481276, 36.853330374763793 ], [ -114.855857062813826, 36.853338029835747 ], [ -114.820084001772798, 36.853393210988678 ], [ -114.802196711898233, 36.853415878148873 ], [ -114.78431026260624, 36.853436763977577 ], [ -114.766423854309465, 36.853454956241762 ], [ -114.762507634125654, 36.853473792659429 ] ] ] } },
{ "type": "Feature", "properties": { "COMMISSION": "C", "NAME": "C - April Becker (R)", "Shape_Leng": 874171.12250499998, "Shape_Area": 22446480268.400002 }, "geometry": { "type": "Polygon", "coordinates": [ [ [ -115.675685354600688, 36.596790275412616 ], [ -115.67551172982057, 36.596537896150508 ], [ -115.672232097072751, 36.596543954729093 ], [ -115.671882778899558, 36.596544594523017 ], [ -115.671452356623277, 36.596545382230232 ], [ -115.667376856534077, 36.596552758315433 ], [ -115.663966770322347, 36.596558823681846 ], [ -115.662700707515043, 36.596561050223308 ], [ -115.661759793273532, 36.596562696736434 ], [ -115.660105800459391, 36.596567671775446 ], [ -115.659437803078163, 36.596570662611995 ], [ -115.657115814601909, 36.596578629213589 ], [ -115.655353823011481, 36.596584603018229 ], [ -115.65514682342787, 36.596584599645745 ], [ -115.654270651758949, 36.596587968541371 ], [ -115.653590830806309, 36.596590577486218 ], [ -115.653518644437753, 36.59659057570957 ], [ -115.653493830862942, 36.596590575539068 ], [ -115.653447706779602, 36.595650439889447 ], [ -115.648950927438577, 36.595652114844007 ], [ -115.644453497254844, 36.595653736724401 ], [ -115.635459291709367, 36.595656472890084 ], [ -115.617472184859324, 36.595658501850259 ], [ -115.599838884498553, 36.595740060322136 ], [ -115.599195439452643, 36.595762312347077 ], [ -115.598539441633136, 36.581120425266235 ], [ -115.598302245350794, 36.577498935005018 ], [ -115.598070142384415, 36.573954869641625 ], [ -115.598071030833097, 36.573868756112319 ], [ -115.598108465088245, 36.570242340769603 ], [ -115.598145897015655, 36.566615923214108 ], [ -115.59814626594023, 36.566580134910048 ], [ -115.59810399435662, 36.562844888086644 ], [ -115.598062901796979, 36.559213406835177 ], [ -115.598062208650475, 36.559123449467364 ], [ -115.598033626690054, 36.555415599613795 ], [ -115.598014562171997, 36.552942224588357 ], [ -115.59801291036959, 36.552719265436501 ], [ -115.598010008599772, 36.552327701015642 ], [ -115.597992063747071, 36.552317360273186 ], [ -115.59733850035326, 36.551940754808896 ], [ -115.596037968347119, 36.551186249043063 ], [ -115.594970899131425, 36.550574207486264 ], [ -115.588976989732643, 36.547111675463043 ], [ -115.586807162437935, 36.545866750153571 ], [ -115.586008510056672, 36.545399790710455 ], [ -115.584417925733518, 36.544481709428652 ], [ -115.582328440573448, 36.54328047658953 ], [ -115.580767755036902, 36.542373971055049 ], [ -115.578431701979909, 36.541032262741645 ], [ -115.575836862910904, 36.539529662463863 ], [ -115.573206036774508, 36.538015307774117 ], [ -115.57135888018442, 36.536942988513921 ], [ -115.567636845912645, 36.534795677010287 ], [ -115.566390073839358, 36.534075676324917 ], [ -115.566382603594576, 36.534071361773073 ], [ -115.559630558099684, 36.530171647238916 ], [ -115.558311263936929, 36.529414251888205 ], [ -115.557530194114079, 36.528958582727341 ], [ -115.554670161307769, 36.527308082597663 ], [ -115.553624481882679, 36.526707201180798 ], [ -115.55154795221975, 36.525498828424482 ], [ -115.550257137603879, 36.52475746628955 ], [ -115.54833193936723, 36.523640902350017 ], [ -115.54819721000824, 36.523562760039781 ], [ -115.544547464053821, 36.521462939451439 ], [ -115.541421586541162, 36.51965112324892 ], [ -115.540659261532781, 36.51921134916838 ], [ -115.539909337062909, 36.51878073699433 ], [ -115.538681783044439, 36.518064815539589 ], [ -115.537446406013473, 36.5173577996405 ], [ -115.535239688864451, 36.516084446198043 ], [ -115.534262017332466, 36.515520288295924 ], [ -115.532056929962408, 36.514240135582739 ], [ -115.530815438102252, 36.513530723211694 ], [ -115.526198944693562, 36.510861779097326 ], [ -115.521400588052117, 36.508084480635056 ], [ -115.520053133429812, 36.507306033502239 ], [ -115.518436562957433, 36.506368725892081 ], [ -115.516541697295651, 36.505279194489091 ], [ -115.515194426795773, 36.504496187540489 ], [ -115.513586088149907, 36.503572438978573 ], [ -115.510418233454075, 36.501732248449571 ], [ -115.508848035569883, 36.50082694221777 ], [ -115.506541530515207, 36.499493227393003 ], [ -115.505269543049494, 36.498760645072565 ], [ -115.503499439623269, 36.497733337493059 ], [ -115.500950111125988, 36.496263520315352 ], [ -115.499150475201063, 36.495217770554532 ], [ -115.498371320685365, 36.4947707829321 ], [ -115.495488352139418, 36.493100657981095 ], [ -115.493632364100236, 36.492018083465652 ], [ -115.492562827974794, 36.491400631284193 ], [ -115.491487729290313, 36.490783098506988 ], [ -115.489317139089891, 36.489522957622356 ], [ -115.486586877921539, 36.48794920094182 ], [ -115.484688199105022, 36.486850172784642 ], [ -115.483062715182356, 36.485912334189656 ], [ -115.480953119537958, 36.484686620853715 ], [ -115.47991538837006, 36.484094249500686 ], [ -115.478379856421412, 36.483200310687323 ], [ -115.477355374134319, 36.482610339273165 ], [ -115.475818505941206, 36.481716350742452 ], [ -115.473467548679281, 36.480358972778795 ], [ -115.471750727535792, 36.479361221549993 ], [ -115.4716382817831, 36.479296682925195 ], [ -115.470082150510422, 36.478395613821959 ], [ -115.469824884899481, 36.478245835473373 ], [ -115.46929797727681, 36.477937106045523 ], [ -115.468512285645701, 36.477485333812865 ], [ -115.468210179754834, 36.477310188745449 ], [ -115.467735060793956, 36.477029158339519 ], [ -115.466420366616902, 36.476270861148883 ], [ -115.464855291874898, 36.475369609218653 ], [ -115.46394911715818, 36.474839637649978 ], [ -115.463273264084336, 36.474445584042698 ], [ -115.461679328050209, 36.473525891294017 ], [ -115.461151789573677, 36.473217117770766 ], [ -115.460095758651519, 36.472613071415687 ], [ -115.458509525484985, 36.471695689843415 ], [ -115.457453760402402, 36.471080357384004 ], [ -115.454517225545189, 36.469386023991852 ], [ -115.453451939134524, 36.468761518765554 ], [ -115.452922508697043, 36.468445923787996 ], [ -115.452658558393011, 36.46828475514446 ], [ -115.452134328265188, 36.467953449128217 ], [ -115.451874003396952, 36.46778556482937 ], [ -115.451359812655539, 36.467440864883585 ], [ -115.451105248330094, 36.467264039482586 ], [ -115.450854173108979, 36.467087258838752 ], [ -115.450363969293107, 36.466729344456006 ], [ -115.449887154142743, 36.466364841307346 ], [ -115.449424333513178, 36.465998264555317 ], [ -115.448743676107384, 36.46543279718793 ], [ -115.448296612543174, 36.465046138634285 ], [ -115.447854569322246, 36.464652783297652 ], [ -115.447421775740338, 36.464250532478808 ], [ -115.446791037187097, 36.463631618771103 ], [ -115.446385111968226, 36.463211685229716 ], [ -115.445991179223185, 36.462785146161053 ], [ -115.44560854264823, 36.462351991871309 ], [ -115.445056560698063, 36.461702544742543 ], [ -115.444703962169839, 36.461267524941206 ], [ -115.444366100560856, 36.460828189743879 ], [ -115.444035351746905, 36.460382185392092 ], [ -115.443873858127006, 36.4601569797696 ], [ -115.443558633508573, 36.459702162585678 ], [ -115.443250521516333, 36.459240676414232 ], [ -115.442954355565377, 36.458774837751257 ], [ -115.442670181953417, 36.458302394528964 ], [ -115.441702288028196, 36.456622144076128 ], [ -115.438892012548678, 36.451769610860737 ], [ -115.437417734831698, 36.449233118305536 ], [ -115.435794303241366, 36.446419719820895 ], [ -115.435126938340986, 36.445275188808715 ], [ -115.43331560709909, 36.442139291566214 ], [ -115.432785292547436, 36.441221899664043 ], [ -115.431845685803125, 36.439611799777595 ], [ -115.43090652441812, 36.43798141724767 ], [ -115.429573109821334, 36.435676539359406 ], [ -115.428924062888157, 36.434566017144292 ], [ -115.427911499236203, 36.432812953482014 ], [ -115.427152280860497, 36.431498152723101 ], [ -115.426641168902719, 36.43060352148823 ], [ -115.425864885121399, 36.42927271331444 ], [ -115.424706220955301, 36.427269805511536 ], [ -115.423928493982871, 36.425919528609313 ], [ -115.423920433892917, 36.425905535914652 ], [ -115.423805059278592, 36.425705220439689 ], [ -115.422652452242744, 36.423718147113988 ], [ -115.421734690407746, 36.422151073630452 ], [ -115.421600381529785, 36.421932957735663 ], [ -115.421326143332948, 36.421498905211607 ], [ -115.421041363144909, 36.421069220542378 ], [ -115.420895119149307, 36.42085545332128 ], [ -115.420590179365462, 36.420423246466768 ], [ -115.420271213320206, 36.419995360156115 ], [ -115.420107504000242, 36.419783614926168 ], [ -115.419779210499399, 36.419369126069014 ], [ -115.419447948787976, 36.418963610481917 ], [ -115.418930414133754, 36.418359569948642 ], [ -115.41875254668544, 36.418158902296106 ], [ -115.418384269962317, 36.417757402024009 ], [ -115.417804728345203, 36.417152534872905 ], [ -115.41760321865759, 36.416949299419294 ], [ -115.417195093783491, 36.416554027453344 ], [ -115.416787441839318, 36.416170028470418 ], [ -115.416379519662897, 36.415799544656799 ], [ -115.416174029083209, 36.415621043247043 ], [ -115.415755338773707, 36.415266190679965 ], [ -115.41489218684265, 36.41455613755641 ], [ -115.413360430768861, 36.413271557954047 ], [ -115.411570435193795, 36.411800987761005 ], [ -115.410455986780519, 36.410873473656345 ], [ -115.409574439518877, 36.410147364123937 ], [ -115.408922616539769, 36.409606844607019 ], [ -115.408273497338826, 36.409070865937338 ], [ -115.406338597053107, 36.407469834049841 ], [ -115.405915163856832, 36.407112630474423 ], [ -115.404396250516115, 36.405861911544818 ], [ -115.398987806384255, 36.401379346586651 ], [ -115.398923444149361, 36.401325910532293 ], [ -115.397616642984843, 36.40024094722871 ], [ -115.395980849627179, 36.398891651572285 ], [ -115.39526414000801, 36.39829610294305 ], [ -115.393080958842845, 36.396493210841832 ], [ -115.389904024615177, 36.39385209034036 ], [ -115.387681244257834, 36.39202152528933 ], [ -115.385955611067772, 36.390585246670938 ], [ -115.383729766967434, 36.388743299401732 ], [ -115.382011520796098, 36.387327346396781 ], [ -115.379146895792644, 36.384949331026931 ], [ -115.378228926304104, 36.384193202385653 ], [ -115.375708897039289, 36.382108236757496 ], [ -115.373857744230165, 36.380564162554727 ], [ -115.372440512839916, 36.379397807646654 ], [ -115.369822236349009, 36.377227999946157 ], [ -115.368963958770294, 36.376518392333601 ], [ -115.368909541323902, 36.376473401553753 ], [ -115.366938690493669, 36.374845950897182 ], [ -115.366782855966292, 36.374717264538596 ], [ -115.364137714744899, 36.372551913605577 ], [ -115.361320397792412, 36.370215853898266 ], [ -115.355519553573345, 36.365405265450882 ], [ -115.355975450693549, 36.365409820352113 ], [ -115.368757800542255, 36.36553681284181 ], [ -115.368897275530983, 36.365537678988318 ], [ -115.369741849328491, 36.336059161834456 ], [ -115.369512026099912, 36.336059259369598 ], [ -115.368364977325768, 36.336071135188796 ], [ -115.367217927143258, 36.336083000897602 ], [ -115.366070877783358, 36.336094855598809 ], [ -115.364923828132774, 36.336106699290376 ], [ -115.36377677819209, 36.336118531972289 ], [ -115.362629726847999, 36.336130353642453 ], [ -115.361482676328961, 36.336142164305038 ], [ -115.360335625521756, 36.336153963957905 ], [ -115.35919472207712, 36.336154538870879 ], [ -115.35805381756002, 36.336155102890466 ], [ -115.356912914198944, 36.336155656020829 ], [ -115.355772010880543, 36.3361561982599 ], [ -115.354631107602813, 36.33615673050889 ], [ -115.353490203260378, 36.336157250061923 ], [ -115.352349300073726, 36.336157759627049 ], [ -115.35120839693225, 36.336158258300877 ], [ -115.350071848938896, 36.336161866624209 ], [ -115.348935302017466, 36.336165463239979 ], [ -115.347798753935265, 36.336169049946278 ], [ -115.346662206926155, 36.336172624945 ], [ -115.345525658757495, 36.336176190034251 ], [ -115.34438911166319, 36.336179743415897 ], [ -115.343252563410488, 36.336183286888087 ], [ -115.34211601623339, 36.336186818652692 ], [ -115.341549078758163, 36.33618679146786 ], [ -115.340982141304423, 36.33618675979114 ], [ -115.339848266439347, 36.33618669017207 ], [ -115.338714392752706, 36.336186609797764 ], [ -115.337580518017191, 36.336186518663673 ], [ -115.336446644464161, 36.336186415873101 ], [ -115.33531276986065, 36.336186303224011 ], [ -115.334178896437948, 36.336186179819684 ], [ -115.333045021968829, 36.336186045655587 ], [ -115.331907188237366, 36.33618602400756 ], [ -115.330769353460454, 36.336185990623143 ], [ -115.329631519860769, 36.336185947309559 ], [ -115.328493686327846, 36.33618589316319 ], [ -115.327924750955873, 36.336185768256634 ], [ -115.327355815599233, 36.336185641542997 ], [ -115.32621794606095, 36.33618537819045 ], [ -115.325080076596777, 36.33618510400445 ], [ -115.323942207204269, 36.336184819886292 ], [ -115.322805799131388, 36.33619228978894 ], [ -115.321669390908497, 36.336199748885363 ], [ -115.32154455810219, 36.336200567525225 ], [ -115.321527755099723, 36.33620067770255 ], [ -115.320688209813127, 36.336206180376429 ], [ -115.320629506237225, 36.336206565349229 ], [ -115.318939357904739, 36.334353037282462 ], [ -115.318859257362234, 36.33426746484767 ], [ -115.318299987148748, 36.333654780969738 ], [ -115.318086097247431, 36.333420462098871 ], [ -115.317559275131785, 36.332843316651989 ], [ -115.317250701276265, 36.332505256180767 ], [ -115.315872861639249, 36.330995715301391 ], [ -115.3149226183954, 36.32995770132019 ], [ -115.314287687703811, 36.329256210099679 ], [ -115.312669923627908, 36.327497737288894 ], [ -115.311896204089706, 36.326609060249282 ], [ -115.311563654339253, 36.326243495041844 ], [ -115.311426843736925, 36.326093100572848 ], [ -115.310731186226704, 36.325328360040842 ], [ -115.309718560235225, 36.324214312244536 ], [ -115.308705072742356, 36.323109258239377 ], [ -115.307964002834737, 36.322292377903196 ], [ -115.307841466948474, 36.322157305623868 ], [ -115.307128794388049, 36.321416014921404 ], [ -115.305454393110239, 36.319597063020595 ], [ -115.305026572875988, 36.319095287849322 ], [ -115.304546172057456, 36.318582885372656 ], [ -115.30358121597456, 36.317530132781094 ], [ -115.303063354321907, 36.316956940076707 ], [ -115.302386934094301, 36.31622195292384 ], [ -115.302063095037184, 36.315862446656624 ], [ -115.301579409583098, 36.31533383485182 ], [ -115.301184948575013, 36.314903677387242 ], [ -115.300854790424324, 36.314550083217071 ], [ -115.300708062061915, 36.314381355315177 ], [ -115.300578733930593, 36.314236581603787 ], [ -115.298959102620245, 36.312459639805056 ], [ -115.295882314551832, 36.309053320789054 ], [ -115.295766371100683, 36.308926444198192 ], [ -115.295003588016542, 36.308090966258078 ], [ -115.294342942822254, 36.307367340965307 ], [ -115.294317583452425, 36.30733956490549 ], [ -115.293764548224445, 36.306728109926112 ], [ -115.293588093954085, 36.306533014848455 ], [ -115.293175705367275, 36.306077054026304 ], [ -115.292635112702129, 36.305490999933404 ], [ -115.292400523469681, 36.305236677555207 ], [ -115.290304149579839, 36.302935136831991 ], [ -115.290020833992386, 36.302623099445093 ], [ -115.289986740243364, 36.302585549337536 ], [ -115.289931003369588, 36.302524160840811 ], [ -115.289377605323224, 36.301921306665136 ], [ -115.287814939244754, 36.300206520770736 ], [ -115.287332906805617, 36.299683553775679 ], [ -115.286854614940353, 36.299152703453956 ], [ -115.286575940314549, 36.298843400960315 ], [ -115.286480361214373, 36.298739397459038 ], [ -115.2860701638743, 36.29829304617639 ], [ -115.286064429084959, 36.298286801473331 ], [ -115.285971593690633, 36.298185715463994 ], [ -115.285514761618117, 36.29768155353981 ], [ -115.285365417423861, 36.297516733909049 ], [ -115.284440193465869, 36.296511898653314 ], [ -115.283335416188137, 36.295300137479735 ], [ -115.283221710599008, 36.295175418915171 ], [ -115.28290619107436, 36.294829335507046 ], [ -115.282462475247641, 36.29434263142069 ], [ -115.281879916913212, 36.29371002760692 ], [ -115.281758448556303, 36.293577995011773 ], [ -115.281579471949897, 36.293383452287067 ], [ -115.280083747696622, 36.29173149891524 ], [ -115.28008370114064, 36.291731446523741 ], [ -115.279977284662863, 36.291613911960923 ], [ -115.277035013106243, 36.288393024707702 ], [ -115.275571356934208, 36.28679064390181 ], [ -115.275335935971469, 36.286532902730492 ], [ -115.274316801876665, 36.285411705610912 ], [ -115.273834007828611, 36.284884347775943 ], [ -115.27374503361608, 36.284787160045681 ], [ -115.271975225125587, 36.28285391079649 ], [ -115.270789885741678, 36.28154323718708 ], [ -115.270561576340029, 36.281294297774508 ], [ -115.270103572748155, 36.280796398670873 ], [ -115.270050299468309, 36.280737979543296 ], [ -115.268541692580939, 36.279083629690966 ], [ -115.268194173880403, 36.278704170126503 ], [ -115.267822185235858, 36.278297987266228 ], [ -115.267818902380739, 36.278294463659599 ], [ -115.267643428636944, 36.27810609969886 ], [ -115.26748443214953, 36.277935363637013 ], [ -115.267479626512511, 36.277930202901196 ], [ -115.267105175464778, 36.277525898532154 ], [ -115.267000199375914, 36.277408000877571 ], [ -115.266897208163769, 36.277292331809846 ], [ -115.266763667753466, 36.277142352516343 ], [ -115.266661304284057, 36.277029897031362 ], [ -115.265381357344211, 36.275623729793104 ], [ -115.265000932852317, 36.275205778317329 ], [ -115.264693871107553, 36.274868036625946 ], [ -115.26305969987412, 36.2730705268864 ], [ -115.262850835547113, 36.272844124701074 ], [ -115.262849705263719, 36.272842898650282 ], [ -115.262145178831688, 36.272079198407489 ], [ -115.261907524248983, 36.271817641616416 ], [ -115.260948165232762, 36.270761787551471 ], [ -115.260136198249711, 36.269868548919803 ], [ -115.25834062892207, 36.267901075926943 ], [ -115.258318653089745, 36.267876994668043 ], [ -115.258068648905592, 36.267599344906458 ], [ -115.255378246018552, 36.264732530883414 ], [ -115.254345149517306, 36.263605109379967 ], [ -115.253856104117915, 36.263058377418446 ], [ -115.252272942431944, 36.26129040400486 ], [ -115.252165441067334, 36.261177674702694 ], [ -115.251448152732991, 36.260425494994529 ], [ -115.250815236012627, 36.259668942396921 ], [ -115.248757614844962, 36.257450248981108 ], [ -115.248508154651148, 36.257148046789958 ], [ -115.248340472821113, 36.256942738094317 ], [ -115.248235032566669, 36.256812719120859 ], [ -115.248012644370533, 36.256489695561925 ], [ -115.247774023867251, 36.256107487175306 ], [ -115.247507695185888, 36.255595476567457 ], [ -115.247338770091361, 36.255198320351589 ], [ -115.247274599312007, 36.255024419650603 ], [ -115.247197885587426, 36.254787649551787 ], [ -115.247133959379227, 36.254528269867869 ], [ -115.247040341277525, 36.254215691951146 ], [ -115.246990139480516, 36.254003122349445 ], [ -115.246947536938649, 36.253792917378036 ], [ -115.246910496998183, 36.253582793802998 ], [ -115.246879715048919, 36.253372761694607 ], [ -115.246875058797627, 36.253332129963944 ], [ -115.24685658301506, 36.253162842092678 ], [ -115.246840455126716, 36.252950771888855 ], [ -115.246825583043147, 36.252526885788996 ], [ -115.246823412466199, 36.252312765621795 ], [ -115.24682749744585, 36.251445207128235 ], [ -115.246846703655663, 36.250336738685313 ], [ -115.24685692786008, 36.249194328572337 ], [ -115.246860675797677, 36.248279430557105 ], [ -115.246862181631897, 36.248056348991099 ], [ -115.246863174935214, 36.247853675552371 ], [ -115.246863201937913, 36.247848673502197 ], [ -115.246866675549001, 36.247139208700119 ], [ -115.246881309518187, 36.246054481322169 ], [ -115.246884700040752, 36.245803100134772 ], [ -115.246888041024079, 36.245591313118737 ], [ -115.246890594452992, 36.245352470931721 ], [ -115.246898050868452, 36.244684529281365 ], [ -115.246905182482607, 36.244045608907108 ], [ -115.246927626868029, 36.242698297372037 ], [ -115.24695059281288, 36.240922813536116 ], [ -115.24695518559254, 36.240499208042564 ], [ -115.246955359407366, 36.240480189612946 ], [ -115.246959393975374, 36.240030524563863 ], [ -115.246962289812942, 36.23980746281552 ], [ -115.246985534430991, 36.238424104749058 ], [ -115.247003537779065, 36.236777901430465 ], [ -115.24700889526089, 36.236288051485836 ], [ -115.247009554389521, 36.236243507290098 ], [ -115.247026620669757, 36.235089405558192 ], [ -115.247050073431211, 36.233478437974853 ], [ -115.247052382124949, 36.233219309364657 ], [ -115.247052612495963, 36.233088328793812 ], [ -115.247052965984992, 36.233062409696473 ], [ -115.24705266282912, 36.233059422884175 ], [ -115.247052663353941, 36.233059300310714 ], [ -115.247053271378093, 36.232712266262546 ], [ -115.24704826931503, 36.231970764874006 ], [ -115.247041294606603, 36.231006128160828 ], [ -115.247047138413137, 36.230713248075972 ], [ -115.247035688071549, 36.228547386094618 ], [ -115.247033836631246, 36.228069598788622 ], [ -115.247022521960631, 36.226645167546835 ], [ -115.2470194810534, 36.225646703991444 ], [ -115.247019461664507, 36.225640319217675 ], [ -115.247018932093965, 36.225466490048753 ], [ -115.247016209422867, 36.224560508299405 ], [ -115.2470129758875, 36.224051151001134 ], [ -115.247010110244574, 36.223649970838217 ], [ -115.247003960326495, 36.222741685414221 ], [ -115.247003614947587, 36.222677108078003 ], [ -115.24700027263178, 36.222052329589914 ], [ -115.246985136648306, 36.2192235602407 ], [ -115.24698768800225, 36.218797669019871 ], [ -115.246994499272404, 36.218585932246327 ], [ -115.246996444632529, 36.218374123219228 ], [ -115.246996641398582, 36.218323729131406 ], [ -115.246997032960635, 36.218223141034926 ], [ -115.246997090595599, 36.218210453759504 ], [ -115.246998149462982, 36.217954981112811 ], [ -115.246998696321583, 36.217774701517619 ], [ -115.246995726126599, 36.21756507419942 ], [ -115.246992011143078, 36.217357689892516 ], [ -115.246978919849298, 36.216947345108977 ], [ -115.246958131687705, 36.216539140875483 ], [ -115.246911932799648, 36.215929995025952 ], [ -115.246853021864894, 36.215329677568995 ], [ -115.246829644776412, 36.215131019209672 ], [ -115.246776585420662, 36.214735864061112 ], [ -115.246716476320344, 36.214345111680103 ], [ -115.246648178064177, 36.213947479222142 ], [ -115.246573031266038, 36.213545239886685 ], [ -115.24649851997593, 36.213176812326502 ], [ -115.246490984132777, 36.213140644934931 ], [ -115.24640263356855, 36.212738211490354 ], [ -115.24634970225317, 36.212522105590821 ], [ -115.246254174158935, 36.212132073377269 ], [ -115.246180048163666, 36.2118676427976 ], [ -115.246084172238014, 36.211525619314934 ], [ -115.245896947782185, 36.21091215218145 ], [ -115.245894279475195, 36.210903395848369 ], [ -115.2458645989921, 36.210806027053046 ], [ -115.245833466544724, 36.210703891744515 ], [ -115.245710774815066, 36.210282925007562 ], [ -115.245650174199568, 36.210070199471282 ], [ -115.24552902477302, 36.209642494306465 ], [ -115.24541492651781, 36.20921038625152 ], [ -115.245362123242515, 36.208991013884862 ], [ -115.245167643580331, 36.208111514602052 ], [ -115.245124620769175, 36.207890031840428 ], [ -115.245046222275079, 36.207447178871561 ], [ -115.244945651414284, 36.20678314789518 ], [ -115.244865436607526, 36.206110401116732 ], [ -115.244823378612381, 36.205659065749884 ], [ -115.244789709793963, 36.205205600859081 ], [ -115.244754275254408, 36.204519989165526 ], [ -115.244739688937187, 36.203834683260709 ], [ -115.244735191542929, 36.20360024307216 ], [ -115.244735998972942, 36.203389236101003 ], [ -115.244736009709627, 36.203386484491098 ], [ -115.244736915430366, 36.203149550362177 ], [ -115.244736538257285, 36.202917424589131 ], [ -115.244731503784124, 36.201991124111466 ], [ -115.244727514835034, 36.20130056810482 ], [ -115.244726217337032, 36.201076088014226 ], [ -115.244725651297188, 36.200976921875785 ], [ -115.24472382797714, 36.200307425131143 ], [ -115.244722251246216, 36.199728380787803 ], [ -115.24470848963611, 36.196764702943184 ], [ -115.244707032238324, 36.196487489459223 ], [ -115.244704984848539, 36.196361258677172 ], [ -115.244697892898159, 36.196026002286303 ], [ -115.244697545471183, 36.196009588782118 ], [ -115.244689561527665, 36.195651149527045 ], [ -115.244698279273422, 36.195540851545886 ], [ -115.244700149459376, 36.195425945732261 ], [ -115.244700758695359, 36.195211862705648 ], [ -115.244701255938622, 36.193695200652598 ], [ -115.244689438292312, 36.191858346352184 ], [ -115.244678869193621, 36.189550951752565 ], [ -115.244678459899006, 36.189461612660871 ], [ -115.244676657686398, 36.189068206807761 ], [ -115.244676434020761, 36.18898482037104 ], [ -115.244674016470043, 36.18886221969337 ], [ -115.244673499854557, 36.188836040183915 ], [ -115.244672851406278, 36.188678278761344 ], [ -115.244671109643875, 36.188635801315321 ], [ -115.244669481489595, 36.188596119099145 ], [ -115.244666100609962, 36.188513666484575 ], [ -115.244668381892623, 36.188349187886772 ], [ -115.244667583380604, 36.187855638533861 ], [ -115.244663072345176, 36.187154702836352 ], [ -115.244657589789483, 36.186217126182612 ], [ -115.244636853683673, 36.183627437162507 ], [ -115.244626857738709, 36.183016565263642 ], [ -115.244605710130273, 36.182189184532369 ], [ -115.244594475194802, 36.181571533055262 ], [ -115.244594442496833, 36.181510685710712 ], [ -115.24459251010758, 36.181257871810566 ], [ -115.244597321934791, 36.180595070209641 ], [ -115.244589399444266, 36.180015547265732 ], [ -115.244580218805652, 36.179496665190769 ], [ -115.244540400538796, 36.179035380189092 ], [ -115.244461857979061, 36.178576568747324 ], [ -115.244386545025719, 36.178224033471558 ], [ -115.244304625060593, 36.177908860623482 ], [ -115.244194176098105, 36.177546276388981 ], [ -115.244146103474961, 36.177427028853742 ], [ -115.244120838044296, 36.177364356124656 ], [ -115.244076163162504, 36.177264404977706 ], [ -115.243997230925231, 36.177087806258797 ], [ -115.243919775105383, 36.17692595954825 ], [ -115.243794801707764, 36.176703079482579 ], [ -115.243756571343397, 36.176638584469664 ], [ -115.243955183487316, 36.176417243873878 ], [ -115.244079622104593, 36.176281118585074 ], [ -115.244193337486536, 36.17610258934689 ], [ -115.244301851088693, 36.175902582746254 ], [ -115.244376901951753, 36.175782064819956 ], [ -115.24442242928383, 36.175636685855721 ], [ -115.244473508219386, 36.175386438891842 ], [ -115.244486495511595, 36.175102698429043 ], [ -115.244455219070232, 36.17485221855366 ], [ -115.244430073126338, 36.174544523769029 ], [ -115.244400132499052, 36.174206443564373 ], [ -115.244387760628911, 36.173875300723083 ], [ -115.244383420789887, 36.173578666834679 ], [ -115.244380806845143, 36.173432142206295 ], [ -115.244355615445272, 36.172019950450611 ], [ -115.244331860596859, 36.170569628608327 ], [ -115.244331438983195, 36.170543888217644 ], [ -115.244286200030899, 36.167735121685261 ], [ -115.244265141991519, 36.166773557695471 ], [ -115.244257707869025, 36.166449140356029 ], [ -115.244017149624909, 36.166437702533642 ], [ -115.242062327532267, 36.16642940472255 ], [ -115.24171697099986, 36.166428420775446 ], [ -115.240310135652379, 36.166424402300265 ], [ -115.237998941683287, 36.166416391161697 ], [ -115.237414736116676, 36.166414706306597 ], [ -115.235786846201108, 36.1664086228418 ], [ -115.233246339965717, 36.166398481153919 ], [ -115.233004104087627, 36.166397773273872 ], [ -115.228790396597574, 36.166381260525959 ], [ -115.227990642181496, 36.166377518222895 ], [ -115.227107460574871, 36.166373522616752 ], [ -115.226535960674042, 36.166371822449108 ], [ -115.226210721241316, 36.166370853669207 ], [ -115.225358665780774, 36.166366937916258 ], [ -115.224355637287843, 36.166362563952532 ], [ -115.223757811331026, 36.166363445805722 ], [ -115.223259229179519, 36.166357901047299 ], [ -115.222777933815081, 36.166356453943578 ], [ -115.219603643175518, 36.166352355690911 ], [ -115.219345577221048, 36.166340583533525 ], [ -115.218985790081533, 36.166301030104364 ], [ -115.21861762150742, 36.166242220044012 ], [ -115.217839675114391, 36.166102492439244 ], [ -115.217580275360746, 36.166059120198156 ], [ -115.217399368264779, 36.166029721950288 ], [ -115.217185808140826, 36.16600983958844 ], [ -115.21698278416541, 36.16600097765189 ], [ -115.216773363186519, 36.166001710825093 ], [ -115.216614542991522, 36.166003972063741 ], [ -115.216472456346196, 36.166004910745684 ], [ -115.215454772545485, 36.166011405956183 ], [ -115.214837307898478, 36.166013629563977 ], [ -115.214614958257442, 36.166017066354115 ], [ -115.213326889480996, 36.166019964085898 ], [ -115.212459773702022, 36.166022778819382 ], [ -115.210434394778488, 36.16602748201143 ], [ -115.208899717482254, 36.166030879459385 ], [ -115.208747937740029, 36.166031214475844 ], [ -115.208631141512001, 36.16603147212475 ], [ -115.208544222895355, 36.166036693707753 ], [ -115.208415983271436, 36.166036292561131 ], [ -115.208266003735218, 36.166049559878026 ], [ -115.208149844167835, 36.166075293261599 ], [ -115.208011565019973, 36.166121562669211 ], [ -115.207898866824593, 36.166176152606347 ], [ -115.207777443423765, 36.166247424206006 ], [ -115.207470573422995, 36.166427547633965 ], [ -115.207289011056574, 36.166491536896132 ], [ -115.207073297858983, 36.166523825555245 ], [ -115.206814063642653, 36.16653537347959 ], [ -115.206140946303449, 36.16652913591038 ], [ -115.20596291407783, 36.166534654630667 ], [ -115.205241030588127, 36.166526299906543 ], [ -115.205154156043179, 36.166538387936072 ], [ -115.205071059881973, 36.166557355698707 ], [ -115.20495014665569, 36.166602301901619 ], [ -115.204853366692518, 36.166648697780786 ], [ -115.204758453254584, 36.166703340920776 ], [ -115.2046389827658, 36.166756532808151 ], [ -115.204489947101933, 36.166793148224869 ], [ -115.204349282295453, 36.166806439175453 ], [ -115.204347377145623, 36.166806433150157 ], [ -115.204242992885099, 36.166804729401015 ], [ -115.201064137880522, 36.166778147971975 ], [ -115.200876968724728, 36.166774803597292 ], [ -115.200709696932591, 36.166772896038033 ], [ -115.19766891067249, 36.166745291673251 ], [ -115.197343252895578, 36.166742869554106 ], [ -115.196959161458409, 36.166738884579686 ], [ -115.196628018620785, 36.166732322108935 ], [ -115.196488744604579, 36.166720883987345 ], [ -115.196351164587171, 36.166709451174484 ], [ -115.196168754427106, 36.166685511206879 ], [ -115.195983824826882, 36.166657442097083 ], [ -115.195825793100383, 36.166628086113903 ], [ -115.195797036422064, 36.166619751675995 ], [ -115.195503903748062, 36.166548751064603 ], [ -115.195503056771443, 36.166548748323365 ], [ -115.194331130805793, 36.166314188404492 ], [ -115.193988801474589, 36.166258133677978 ], [ -115.193829822436868, 36.166249375586375 ], [ -115.193607969832854, 36.166237665668298 ], [ -115.192679248059719, 36.166237388712759 ], [ -115.19256681184028, 36.16623702210925 ], [ -115.192529626131744, 36.16289224228241 ], [ -115.192469868539462, 36.159001242181631 ], [ -115.192462076215065, 36.158882549430679 ], [ -115.192436883383621, 36.158370122816066 ], [ -115.192400757698792, 36.158098036170131 ], [ -115.192319256963643, 36.157839538113599 ], [ -115.192208600531274, 36.157611162595813 ], [ -115.192075112820334, 36.157418426292487 ], [ -115.191946953028676, 36.157261419297356 ], [ -115.191733649186546, 36.157068421905137 ], [ -115.191347153660473, 36.156750805138621 ], [ -115.191288944444409, 36.156702969500337 ], [ -115.191156909194945, 36.156559685626384 ], [ -115.191029647367387, 36.156393065543845 ], [ -115.190996012103867, 36.15634488028487 ], [ -115.190936185425059, 36.156241666233321 ], [ -115.190907857428186, 36.156190751174982 ], [ -115.19083289790818, 36.1560229294575 ], [ -115.190775477110677, 36.155850272003256 ], [ -115.190742316093676, 36.155654140413226 ], [ -115.190743853288168, 36.155403430910006 ], [ -115.190744109464717, 36.155344440091461 ], [ -115.190750939873467, 36.154786441842219 ], [ -115.190754386686308, 36.154504880865829 ], [ -115.190754397836415, 36.154503981408332 ], [ -115.190751098972171, 36.152095886713198 ], [ -115.190750563914207, 36.151705433181505 ], [ -115.190751146115119, 36.151622039875633 ], [ -115.19075451985664, 36.151138511348393 ], [ -115.190759134127788, 36.150477129360503 ], [ -115.190762538467339, 36.149989210621683 ], [ -115.190766633084309, 36.149381456703175 ], [ -115.190769127350293, 36.149011274985398 ], [ -115.190776250239253, 36.148061495672238 ], [ -115.190776926545524, 36.147917253318568 ], [ -115.190777438187538, 36.147808073603706 ], [ -115.190784991174297, 36.146481409722796 ], [ -115.190784915713735, 36.146355785682253 ], [ -115.190799195544898, 36.144526683350499 ], [ -115.190800155718421, 36.1444197961426 ], [ -115.190800162782253, 36.144419047186986 ], [ -115.193958065616528, 36.144439987906701 ], [ -115.194040724117471, 36.14444041594539 ], [ -115.194134122324783, 36.144440899532292 ], [ -115.195034402630455, 36.144446993989945 ], [ -115.196350888360485, 36.1444558935518 ], [ -115.197956645601224, 36.144466728475166 ], [ -115.199839465168196, 36.144478448520289 ], [ -115.19993800504183, 36.144478489778045 ], [ -115.202086360462047, 36.144492703628352 ], [ -115.204314741941857, 36.144507100487225 ], [ -115.204349620057059, 36.144397779620348 ], [ -115.204350064552145, 36.14430141599221 ], [ -115.204332910413541, 36.143394016357234 ], [ -115.204323857710435, 36.143043177050771 ], [ -115.204322734078403, 36.142997697570237 ], [ -115.204316150019281, 36.142690176155639 ], [ -115.204316279840413, 36.142662024499515 ], [ -115.204303181271953, 36.142320918099166 ], [ -115.204292846334823, 36.141959246468886 ], [ -115.204281181059784, 36.141596488148942 ], [ -115.204269557530921, 36.141225068455107 ], [ -115.204261698365855, 36.140904791336375 ], [ -115.204385748410161, 36.140903944309343 ], [ -115.204598376733514, 36.140495645605689 ], [ -115.204639315664664, 36.140438258555655 ], [ -115.204498856347811, 36.140328419519477 ], [ -115.204411446710679, 36.140281440602244 ], [ -115.20416988614943, 36.140201009068633 ], [ -115.204093578256376, 36.140178790376559 ], [ -115.204090604648357, 36.139520835274475 ], [ -115.204087267530099, 36.138806561261724 ], [ -115.204498979258375, 36.138805116057235 ], [ -115.205217838879847, 36.138801891592998 ], [ -115.205310159898943, 36.138795314890181 ], [ -115.205380381250606, 36.13876257040851 ], [ -115.205414511942706, 36.13871489563882 ], [ -115.205427934005669, 36.138642233740725 ], [ -115.205436090795658, 36.137805520984813 ], [ -115.205423566109857, 36.137269188432526 ], [ -115.205423461667976, 36.13721425569517 ], [ -115.20542335838455, 36.137159313046681 ], [ -115.205423356817647, 36.137158712776177 ], [ -115.205423280235578, 36.137118133322112 ], [ -115.205419589205022, 36.137029569897948 ], [ -115.205408866325456, 36.136941383577422 ], [ -115.205391154301438, 36.136853942223581 ], [ -115.205366530306634, 36.136767608399268 ], [ -115.205335093744139, 36.136682742933644 ], [ -115.205323174712419, 36.136654957032519 ], [ -115.205310524664995, 36.136627384235311 ], [ -115.205292530327, 36.13659097356134 ], [ -115.205257982975183, 36.136528312596006 ], [ -115.205214802109296, 36.136448556473077 ], [ -115.205177940099475, 36.136366740069128 ], [ -115.205147545348211, 36.136283192832487 ], [ -115.205123740666338, 36.136198251340282 ], [ -115.205106621068438, 36.136112255686115 ], [ -115.205096255978148, 36.13602555309231 ], [ -115.205092687032447, 36.135938492494908 ], [ -115.20509245246835, 36.135847736273199 ], [ -115.205091421876162, 36.135448838445591 ], [ -115.205090561325747, 36.135115469237185 ], [ -115.205084167732892, 36.133712581895018 ], [ -115.205083365809472, 36.133633089199712 ], [ -115.205623184681528, 36.133631234881001 ], [ -115.207878689763604, 36.133622229936385 ], [ -115.207994049423192, 36.133621218532049 ], [ -115.208088422935461, 36.133620952492201 ], [ -115.208788778306342, 36.133587991272456 ], [ -115.209774894501265, 36.133544366674222 ], [ -115.210713799115254, 36.133503333466429 ], [ -115.211130853023008, 36.13348539902686 ], [ -115.212016403921041, 36.13344693799084 ], [ -115.214467069915926, 36.133340496972998 ], [ -115.214468948486939, 36.134115204662706 ], [ -115.215503712425274, 36.134079924089058 ], [ -115.215565234836291, 36.134095221356439 ], [ -115.215612318590175, 36.134120091174708 ], [ -115.215642374784025, 36.134165511569257 ], [ -115.215647877590115, 36.134210856644223 ], [ -115.215651286166533, 36.134796013769567 ], [ -115.215655325214513, 36.135518531813069 ], [ -115.215658658053528, 36.136120171553614 ], [ -115.215648902033195, 36.136169590552939 ], [ -115.21561588978328, 36.136213443885545 ], [ -115.215558194523283, 36.136239364923647 ], [ -115.215494907754831, 36.136239170732239 ], [ -115.214480640963103, 36.13627588871212 ], [ -115.21448428801277, 36.137038327563509 ], [ -115.214500767788465, 36.13797050432261 ], [ -115.214516897079065, 36.138882896331168 ], [ -115.214549484300932, 36.140726440583109 ], [ -115.213442110905362, 36.140754158364906 ], [ -115.212380447126321, 36.140782343562549 ], [ -115.212373985675583, 36.141700752836179 ], [ -115.212404460999181, 36.144455640210609 ], [ -115.212505288311192, 36.144455335713204 ], [ -115.212658858994985, 36.144452627358291 ], [ -115.213293939942815, 36.144441423557893 ], [ -115.213387640615181, 36.144439770504853 ], [ -115.213470641527437, 36.144438306080822 ], [ -115.21348423959968, 36.144438065934843 ], [ -115.21456396691336, 36.144419009042437 ], [ -115.214615617432059, 36.144418124240374 ], [ -115.214620670573368, 36.144418037938301 ], [ -115.214667263509199, 36.144417238501056 ], [ -115.215445822356187, 36.144404266248571 ], [ -115.215618883436775, 36.14440138228462 ], [ -115.216711817550575, 36.144382383494772 ], [ -115.217763321332825, 36.144364122634819 ], [ -115.217764250390587, 36.144364106541147 ], [ -115.217782374788925, 36.144363794088783 ], [ -115.218233249881237, 36.14435601563909 ], [ -115.218454813827279, 36.144353052688402 ], [ -115.218850391703256, 36.144347761496427 ], [ -115.218852972149136, 36.144347721574434 ], [ -115.219912715208721, 36.144331293827612 ], [ -115.220996166023042, 36.144309986550731 ], [ -115.222037284427543, 36.144291307962412 ], [ -115.222846596322256, 36.144277365423839 ], [ -115.223116486924866, 36.144272714051674 ], [ -115.223624459961442, 36.144263508709763 ], [ -115.224195736696132, 36.144253153376766 ], [ -115.225276486288521, 36.144233555909587 ], [ -115.226342206195582, 36.144209032404035 ], [ -115.226577590283384, 36.144204724708452 ], [ -115.22657808260108, 36.14420471445689 ], [ -115.226812974341243, 36.14420041835271 ], [ -115.22714989409701, 36.144193395751323 ], [ -115.227311324261478, 36.144190030406307 ], [ -115.227410754628011, 36.144187957985451 ], [ -115.22848016168787, 36.144164127611155 ], [ -115.229563092990887, 36.144140257301622 ], [ -115.230631523129446, 36.144118175883264 ], [ -115.231700808658232, 36.144094032478868 ], [ -115.232486475316534, 36.144076220435821 ], [ -115.232636819292509, 36.144073403108209 ], [ -115.232787021012967, 36.144070587879732 ], [ -115.233863173507672, 36.144045750346336 ], [ -115.234994559515528, 36.144064181826693 ], [ -115.235272308961456, 36.144067212175905 ], [ -115.235550057322882, 36.144070241877856 ], [ -115.236110629280518, 36.144077008051802 ], [ -115.237233476449873, 36.144089151248153 ], [ -115.237823224841762, 36.14409517706963 ], [ -115.238355479128572, 36.144100612723001 ], [ -115.239478288925639, 36.144113091680872 ], [ -115.239630467453807, 36.144114844029168 ], [ -115.240489153915007, 36.144124726237898 ], [ -115.240603607312337, 36.144126043171404 ], [ -115.240759665503745, 36.144127718653095 ], [ -115.241748404253414, 36.144138331176975 ], [ -115.24274501168729, 36.14415104079967 ], [ -115.242829781827695, 36.144153990038795 ], [ -115.242910175529431, 36.144156787087475 ], [ -115.242911777075378, 36.144186562458785 ], [ -115.242921435690988, 36.144366145865561 ], [ -115.243009046476445, 36.146028658276187 ], [ -115.243107655208746, 36.147886851754258 ], [ -115.243206224024107, 36.149749106624299 ], [ -115.243304953687812, 36.151616286896022 ], [ -115.243404468160222, 36.15348184640348 ], [ -115.243438611397067, 36.154128038730995 ], [ -115.24350304428377, 36.155347462983627 ], [ -115.2436024780867, 36.157218533291285 ], [ -115.243697588710589, 36.158983327744302 ], [ -115.243703996808961, 36.159119252516525 ], [ -115.244850105109236, 36.159115626922258 ], [ -115.246016695445306, 36.159111597356073 ], [ -115.246026714091087, 36.15911155254733 ], [ -115.246399351692375, 36.159109781440193 ], [ -115.246561892612775, 36.159110168870328 ], [ -115.246607390243213, 36.159110163312334 ], [ -115.247161265852867, 36.159109946191755 ], [ -115.247188714922927, 36.159109942062884 ], [ -115.247329734711727, 36.159109918386406 ], [ -115.247821592927181, 36.159109835279423 ], [ -115.248059480452113, 36.159109619505998 ], [ -115.248060925320416, 36.159109618140015 ], [ -115.248297369140786, 36.159109391546309 ], [ -115.248319319139128, 36.159109317708328 ], [ -115.248348593583444, 36.159109219273148 ], [ -115.248447264658054, 36.15910888663791 ], [ -115.248815476467982, 36.159107645436656 ], [ -115.249137174287355, 36.159107575788717 ], [ -115.24945887210545, 36.159107507079064 ], [ -115.249512109829425, 36.159107484124071 ], [ -115.250632219928704, 36.159106999250113 ], [ -115.250769433490717, 36.159107260269536 ], [ -115.250906508131777, 36.159107519845044 ], [ -115.25118851550404, 36.159106652480297 ], [ -115.251808675868233, 36.159104742133415 ], [ -115.25288308272394, 36.159104332663858 ], [ -115.252973688698162, 36.159104297682006 ], [ -115.252994873660683, 36.159104289389461 ], [ -115.253051977506132, 36.159104604523783 ], [ -115.253109082482553, 36.159104915127514 ], [ -115.253818509447044, 36.15910511413567 ], [ -115.254132580728282, 36.159105229301836 ], [ -115.254150946141365, 36.159105186921103 ], [ -115.254727793976343, 36.159103846377285 ], [ -115.255061254504142, 36.159103070420848 ], [ -115.255248847586188, 36.159102633314546 ], [ -115.255274289485811, 36.15910258489987 ], [ -115.255274872986377, 36.159102584694701 ], [ -115.255312517182304, 36.159102553454247 ], [ -115.256435305960821, 36.15910180831375 ], [ -115.257587425519063, 36.159099139612387 ], [ -115.257626223236926, 36.159099142325637 ], [ -115.257664964231722, 36.159099154786468 ], [ -115.257706241495484, 36.159099169620333 ], [ -115.258574710166968, 36.159099458872255 ], [ -115.258759073524871, 36.159099538377752 ], [ -115.259924693341461, 36.159096925213319 ], [ -115.260364404697214, 36.159096013812203 ], [ -115.261124121146054, 36.159094435775202 ], [ -115.261176980621826, 36.159094446305687 ], [ -115.261197993296847, 36.159094442407714 ], [ -115.261208826433005, 36.15909443097091 ], [ -115.261281505168526, 36.15909410266628 ], [ -115.262025387545265, 36.159090505217414 ], [ -115.262154119088621, 36.159091227062376 ], [ -115.262282800621691, 36.159091948635009 ], [ -115.263399465089776, 36.159090471948439 ], [ -115.264428620889134, 36.159087440608708 ], [ -115.264472918912602, 36.159087206983003 ], [ -115.264517218109361, 36.159086958021973 ], [ -115.264531053181202, 36.159086954271274 ], [ -115.265629584703149, 36.159086569416132 ], [ -115.26590986761164, 36.159085833153256 ], [ -115.266105944500524, 36.159085317689104 ], [ -115.266761498449554, 36.159083583117905 ], [ -115.266780496178157, 36.159083561200362 ], [ -115.267801973127007, 36.159082440904378 ], [ -115.267852706419959, 36.159082734909866 ], [ -115.267903399702405, 36.159083028788515 ], [ -115.268369744595802, 36.159082004872275 ], [ -115.268938924172815, 36.159080752365277 ], [ -115.268984438412062, 36.159080715842947 ], [ -115.269029952644203, 36.159080681105934 ], [ -115.2700931170329, 36.159079562269461 ], [ -115.270124049172964, 36.159079566510357 ], [ -115.270149945452232, 36.159079565693929 ], [ -115.270154715738315, 36.15907955652974 ], [ -115.271155699715337, 36.159077711439714 ], [ -115.271187992498753, 36.159077651353016 ], [ -115.271215025951264, 36.159077604598266 ], [ -115.271277934518892, 36.159075764847593 ], [ -115.272315506617574, 36.159078716417262 ], [ -115.273213140427075, 36.159074504752283 ], [ -115.27344773168835, 36.159073402760129 ], [ -115.274538642911182, 36.159073404066966 ], [ -115.27566021050869, 36.159068048335293 ], [ -115.276809733401336, 36.15906706271192 ], [ -115.276906573936515, 36.159066601056054 ], [ -115.277867843763843, 36.159062012473726 ], [ -115.27793679804617, 36.15906168259194 ], [ -115.280272369918876, 36.159056484475748 ], [ -115.280265313778798, 36.158934548971224 ], [ -115.280117167292076, 36.157271830120834 ], [ -115.28008659205706, 36.156914400660625 ], [ -115.280028171337364, 36.156231441002006 ], [ -115.279935454987893, 36.155220066733435 ], [ -115.279932453232703, 36.155195818712798 ], [ -115.279800942145485, 36.153675965758787 ], [ -115.279728170141809, 36.152834927403916 ], [ -115.279612273725206, 36.151514268740975 ], [ -115.279539533810777, 36.150722376091196 ], [ -115.279447161555751, 36.14966184814655 ], [ -115.27928960839705, 36.14780526571132 ], [ -115.279212473414461, 36.146930411018452 ], [ -115.279126838156543, 36.145952766568918 ], [ -115.27906999630757, 36.145334632512288 ], [ -115.278986667237845, 36.144346819686376 ], [ -115.278965598839861, 36.14409707001326 ], [ -115.277837872528153, 36.144068524454838 ], [ -115.277827030331949, 36.14406825076211 ], [ -115.277298891882651, 36.144056300404323 ], [ -115.276710149845655, 36.144042976826931 ], [ -115.276695823077716, 36.144042652656807 ], [ -115.276006443418652, 36.144025185287347 ], [ -115.275582441828476, 36.144014439821696 ], [ -115.275578170735784, 36.144014331513546 ], [ -115.275218441761538, 36.144006207634057 ], [ -115.275105601221384, 36.144003616457731 ], [ -115.275093661164206, 36.14400334239793 ], [ -115.274454737135827, 36.143988956627133 ], [ -115.274443577071594, 36.143988704341382 ], [ -115.273325833576379, 36.143960526883177 ], [ -115.272303720028958, 36.143937656127626 ], [ -115.27220214955328, 36.143935367261825 ], [ -115.27219276948297, 36.143935162649797 ], [ -115.271916598524513, 36.143929143893956 ], [ -115.271640634179093, 36.143923154781547 ], [ -115.271076652149034, 36.143908404194093 ], [ -115.26994577998795, 36.143879920337383 ], [ -115.269945736941992, 36.143673670338032 ], [ -115.26994599141949, 36.143557727768389 ], [ -115.269949115759658, 36.142134933623097 ], [ -115.269949295753833, 36.142052519198607 ], [ -115.269939073221607, 36.141445045804836 ], [ -115.269934250441281, 36.141158468345282 ], [ -115.269936682442165, 36.140745631341545 ], [ -115.269953470715862, 36.140250352937045 ], [ -115.269942045238821, 36.139821607731456 ], [ -115.269946004730727, 36.139127464267197 ], [ -115.269949964218412, 36.138433292781997 ], [ -115.26995386748888, 36.137749038083072 ], [ -115.269957754164437, 36.137067531329215 ], [ -115.269986155286489, 36.136592223364104 ], [ -115.269964103832663, 36.135966641996191 ], [ -115.269960593365553, 36.135832914872374 ], [ -115.269948460563327, 36.135699521214157 ], [ -115.269927738465256, 36.135566825231052 ], [ -115.269898483445971, 36.135435190290558 ], [ -115.26986077521849, 36.135304978016876 ], [ -115.269857405983529, 36.135295580349172 ], [ -115.269814717955597, 36.135176545589943 ], [ -115.269760438074059, 36.135050243937251 ], [ -115.269695732619979, 36.134922088938893 ], [ -115.269647449020567, 36.134834187543184 ], [ -115.269190953576782, 36.13400312493885 ], [ -115.269112349392302, 36.133848178941506 ], [ -115.269045369028916, 36.133691131792638 ], [ -115.268989542066663, 36.133531241407866 ], [ -115.268972095361747, 36.133467623245764 ], [ -115.268945004895158, 36.133368838937926 ], [ -115.268919579447711, 36.133248184401339 ], [ -115.268898520660343, 36.133111906434472 ], [ -115.268885405310115, 36.132974973325595 ], [ -115.268880265464901, 36.132837691603903 ], [ -115.268883090447389, 36.132700777777103 ], [ -115.268895564475855, 36.13254865996776 ], [ -115.268917836104777, 36.132397280785767 ], [ -115.268934242547175, 36.132316062462955 ], [ -115.268962661355559, 36.132197305784366 ], [ -115.269007509302213, 36.132049255714101 ], [ -115.269061845895237, 36.131903313412487 ], [ -115.269103270338647, 36.131807386518616 ], [ -115.26914879618937, 36.131712690722935 ], [ -115.269224651857016, 36.131573207595096 ], [ -115.269319035431465, 36.131422725703068 ], [ -115.269476261195919, 36.131189071236072 ], [ -115.269701471016631, 36.1308543827707 ], [ -115.269772981703824, 36.130738680472504 ], [ -115.269819988912801, 36.130649402399456 ], [ -115.269861171685235, 36.13055825058845 ], [ -115.2699068291505, 36.130434232768977 ], [ -115.269934011853266, 36.13033968786884 ], [ -115.269960698195874, 36.130212081003158 ], [ -115.26997634567725, 36.13008327447703 ], [ -115.269980925055506, 36.129969302382257 ], [ -115.269974561059314, 36.129361705365056 ], [ -115.271829806876511, 36.129403078483605 ], [ -115.274200150329648, 36.129455896673143 ], [ -115.274458138054953, 36.129461642438123 ], [ -115.278946040221456, 36.129560351031685 ], [ -115.278946386826348, 36.129560359122337 ], [ -115.280068782661729, 36.129573300663928 ], [ -115.280257469941816, 36.129575475986897 ], [ -115.281191181155805, 36.129586233497889 ], [ -115.281572780380529, 36.129590758589075 ], [ -115.282286463657883, 36.129598843457906 ], [ -115.282313578981928, 36.12959915581316 ], [ -115.283435233032549, 36.129612025191854 ], [ -115.283864467949911, 36.12961695598694 ], [ -115.284557326267546, 36.129624912201329 ], [ -115.285264854034892, 36.129633010848309 ], [ -115.285527652041949, 36.129636018295479 ], [ -115.285744854891746, 36.129638503680162 ], [ -115.286801510980695, 36.129650587084427 ], [ -115.287925169901044, 36.129663427491572 ], [ -115.288060608719917, 36.12966595408885 ], [ -115.288185250347183, 36.129668279093302 ], [ -115.288600348746542, 36.129676049484694 ], [ -115.289133250205978, 36.129685958020993 ], [ -115.290018515839705, 36.12970246017516 ], [ -115.290205892302325, 36.12970595234961 ], [ -115.290356673348015, 36.129708762629946 ], [ -115.290814552371344, 36.129717294170248 ], [ -115.291344085981947, 36.129727158514122 ], [ -115.292482799157611, 36.129748363236033 ], [ -115.292678253494159, 36.129752006339736 ], [ -115.293618771120762, 36.129769532481411 ], [ -115.294304257137341, 36.129782302261454 ], [ -115.294502951167445, 36.12978600247542 ], [ -115.294756948984059, 36.129790732317105 ], [ -115.29589512753229, 36.129811921339829 ], [ -115.297040217936527, 36.129833228720102 ], [ -115.297180296221185, 36.129833210809345 ], [ -115.297182567111804, 36.12983321893465 ], [ -115.297325268481032, 36.129833208919095 ], [ -115.297700102707992, 36.129833156373714 ], [ -115.298185871008386, 36.129833086309347 ], [ -115.299229930418562, 36.129832946349509 ], [ -115.299331523039726, 36.129832932938385 ], [ -115.299846597792666, 36.129832860680168 ], [ -115.300347491522814, 36.129832787878506 ], [ -115.300477176251974, 36.129832768612516 ], [ -115.301622827308179, 36.129832594225178 ], [ -115.30215886259964, 36.129832508108016 ], [ -115.302768480658301, 36.12983240798421 ], [ -115.303389961081024, 36.129832302720096 ], [ -115.303624894839444, 36.129832261728716 ], [ -115.303914133016562, 36.129832196362379 ], [ -115.303915776227129, 36.12983219208121 ], [ -115.303927969563375, 36.129832215998242 ], [ -115.305067939103381, 36.129832001725106 ], [ -115.306195010870823, 36.129831785538521 ], [ -115.30620543777799, 36.129831784409596 ], [ -115.306419187808032, 36.1298317331226 ], [ -115.307045449153733, 36.12983158118093 ], [ -115.307307068401428, 36.129830608449396 ], [ -115.307329417423276, 36.129830669827193 ], [ -115.307612105466049, 36.129831440291234 ], [ -115.307742876838603, 36.129831407546618 ], [ -115.307968178149721, 36.129831350310276 ], [ -115.308448156114395, 36.12983122893035 ], [ -115.308489543638942, 36.129831262547988 ], [ -115.309635830993784, 36.129830916539284 ], [ -115.309813505160093, 36.129830868748016 ], [ -115.310692937860381, 36.129830629843717 ], [ -115.310783643682612, 36.129830604488966 ], [ -115.311931456437108, 36.129830280538457 ], [ -115.312548608698293, 36.129830103534076 ], [ -115.313079269247282, 36.12982994739162 ], [ -115.313226374857848, 36.129829904026856 ], [ -115.314227081010813, 36.129829602342106 ], [ -115.314966163269474, 36.129829373805165 ], [ -115.315169374258531, 36.129829310346452 ], [ -115.315237446790761, 36.133468428684587 ], [ -115.315282234198364, 36.135779280480115 ], [ -115.315304987733739, 36.136930262073982 ], [ -115.315305434737738, 36.1369526955691 ], [ -115.315305534402185, 36.136957692608014 ], [ -115.315308909056398, 36.137107198147163 ], [ -115.315342524321466, 36.138693267346518 ], [ -115.315382327441682, 36.140571404848295 ], [ -115.315386176559258, 36.140752995870123 ], [ -115.315405462065414, 36.141642423843159 ], [ -115.315465224705505, 36.144398473545849 ], [ -115.315475227069285, 36.144787494470549 ], [ -115.315545124122025, 36.147505641338142 ], [ -115.315556268809814, 36.147938996847962 ], [ -115.3155729292681, 36.148593470630125 ], [ -115.315575843730301, 36.148707971963887 ], [ -115.315603716778597, 36.149802848444921 ], [ -115.315651638205907, 36.151685242033508 ], [ -115.315672942249435, 36.152514219106962 ], [ -115.315740619293791, 36.155147448746519 ], [ -115.315746239753977, 36.155366101074044 ], [ -115.315756388084907, 36.155760955698213 ], [ -115.315758582875389, 36.155846346038274 ], [ -115.315782252605928, 36.156767265667874 ], [ -115.315813616750305, 36.157987498309602 ], [ -115.315833737014842, 36.158770292020861 ], [ -115.315838298422747, 36.158948485272042 ], [ -115.318497366925868, 36.158944222131119 ], [ -115.323095113913709, 36.158936711041449 ], [ -115.324782950628432, 36.158933909777772 ], [ -115.326865220527566, 36.158940732375129 ], [ -115.328619099713478, 36.158946450888486 ], [ -115.330653986546295, 36.158953052816386 ], [ -115.331364327386027, 36.158955349498569 ], [ -115.332143782860186, 36.158957864345517 ], [ -115.33214714489668, 36.158957874996645 ], [ -115.333576990491437, 36.158962496171888 ], [ -115.33384723042289, 36.158963368133236 ], [ -115.33394147422257, 36.158963646285088 ], [ -115.336418765357749, 36.158964536445275 ], [ -115.336427587865117, 36.158964540198966 ], [ -115.337082120722954, 36.158964766417661 ], [ -115.33709640036588, 36.158964763307722 ], [ -115.337399920404962, 36.158964752858743 ], [ -115.337443333485751, 36.158964889697053 ], [ -115.337840226405916, 36.158965024584447 ], [ -115.338386498509109, 36.158965207554452 ], [ -115.341198979043128, 36.158966110123089 ], [ -115.34277334418698, 36.158958536714671 ], [ -115.342881644493062, 36.158958014056196 ], [ -115.344427677336981, 36.158956864925599 ], [ -115.34624128618519, 36.158955491746099 ], [ -115.350253121589887, 36.158952364184955 ], [ -115.352044136310113, 36.158950964631522 ], [ -115.356794759224982, 36.158970719191217 ], [ -115.357112771972965, 36.158972034506341 ], [ -115.357124954028549, 36.158970985851958 ], [ -115.357436305606868, 36.158944183442308 ], [ -115.35766450387797, 36.158919096604173 ], [ -115.357956993346718, 36.158876279105542 ], [ -115.35821689690988, 36.158829846780407 ], [ -115.358388347163938, 36.158792787279339 ], [ -115.358558096131901, 36.158750896986447 ], [ -115.358809079863548, 36.15867911384521 ], [ -115.359055085166958, 36.158596772963193 ], [ -115.359215988754599, 36.158536124481103 ], [ -115.359452202391211, 36.158436701986545 ], [ -115.359681672788824, 36.158327387307011 ], [ -115.359903771088128, 36.158208479441029 ], [ -115.360047439339539, 36.158124037671357 ], [ -115.360255904914155, 36.15798987811182 ], [ -115.360429544945461, 36.157866239187079 ], [ -115.360583193750344, 36.157747209957826 ], [ -115.360766588020851, 36.157590814732515 ], [ -115.360786033788742, 36.157573338598525 ], [ -115.361181234965855, 36.157218160426424 ], [ -115.361222809198495, 36.157180795705109 ], [ -115.361461294230665, 36.15696646231585 ], [ -115.361998262124558, 36.156481015787321 ], [ -115.362985622409099, 36.155588369300183 ], [ -115.363138933185752, 36.155449762604718 ], [ -115.363470008490154, 36.155445080567162 ], [ -115.363715335608475, 36.155446646082318 ], [ -115.365826769701442, 36.15546009819569 ], [ -115.365974665226332, 36.155463402026811 ], [ -115.366054988587507, 36.155465196118385 ], [ -115.366998491094904, 36.155486267841574 ], [ -115.370250646684426, 36.155507140771434 ], [ -115.370250673602285, 36.155507870871666 ], [ -115.370837112233474, 36.155500561287049 ], [ -115.372789779744366, 36.15547619976612 ], [ -115.374805487990386, 36.155451019283667 ], [ -115.378769129534106, 36.155417951340674 ], [ -115.379312859326788, 36.155413405212066 ], [ -115.386682257596945, 36.158867849579259 ], [ -115.386683090111845, 36.158868271851375 ], [ -115.394123993862038, 36.162604629762853 ], [ -115.405676593474325, 36.166684842146445 ], [ -115.406578211106265, 36.174455834765233 ], [ -115.40651208842975, 36.175746156782211 ], [ -115.406207997277335, 36.181679619528822 ], [ -115.406021468860331, 36.184837325537288 ], [ -115.405781147602809, 36.188905275366494 ], [ -115.406067540073067, 36.194660461069766 ], [ -115.406081924136345, 36.194659924435179 ], [ -115.407097026714027, 36.194656866610778 ], [ -115.407110415588235, 36.194656825903763 ], [ -115.408528287349782, 36.194652541060101 ], [ -115.409987526540448, 36.194648112667764 ], [ -115.414630850440517, 36.19463390413749 ], [ -115.414626450686882, 36.194531449710773 ], [ -115.414531864250293, 36.192328904408505 ], [ -115.414510789415388, 36.191742864231408 ], [ -115.41444707896477, 36.189971131303288 ], [ -115.41440888270651, 36.18890890392764 ], [ -115.422234951737934, 36.188565698252134 ], [ -115.423005845652995, 36.188531863032516 ], [ -115.423083663000057, 36.188528447493283 ], [ -115.423115443539444, 36.188527052393979 ], [ -115.423323185116374, 36.188517933776978 ], [ -115.423328700369439, 36.1885176914775 ], [ -115.42335233255956, 36.188516654072167 ], [ -115.423403758952119, 36.18851439642777 ], [ -115.423434503146922, 36.188513046728922 ], [ -115.423470105430965, 36.188511484484096 ], [ -115.423483810164811, 36.188510882662648 ], [ -115.423517920292667, 36.198944385166747 ], [ -115.423543563844234, 36.206787046966184 ], [ -115.423586539212522, 36.219929585254825 ], [ -115.423605932367195, 36.225859510685765 ], [ -115.423644596740175, 36.237681099406565 ], [ -115.423646203840164, 36.238172340836734 ], [ -115.4236794142641, 36.248325217677092 ], [ -115.423712710683589, 36.258488228556921 ], [ -115.423723298217539, 36.261718879143146 ], [ -115.423723605136516, 36.261812530959553 ], [ -115.423724609698453, 36.26211902952371 ], [ -115.423725402031849, 36.262360820811274 ], [ -115.423726942239171, 36.262830703931641 ], [ -115.423731645621956, 36.264265885368673 ], [ -115.423731982683066, 36.26436879416908 ], [ -115.423737210797455, 36.265964015995074 ], [ -115.423737486912273, 36.26604819982461 ], [ -115.423738216463917, 36.266270540484449 ], [ -115.423743927208974, 36.268013147671091 ], [ -115.423744351867242, 36.268142479152672 ], [ -115.423750579045546, 36.270042670462161 ], [ -115.423750809234747, 36.270112782597771 ], [ -115.423756891246697, 36.271968418670234 ], [ -115.423757335582962, 36.272103950848418 ], [ -115.423763125217533, 36.273870319385665 ], [ -115.423763706457919, 36.27404742649761 ], [ -115.423769233232534, 36.275733534924413 ], [ -115.423769803193636, 36.275907438844932 ], [ -115.423774464699221, 36.277329608122947 ], [ -115.423842784081742, 36.27763907500033 ], [ -115.423890901249109, 36.277857026861341 ], [ -115.42419975807843, 36.279256011641102 ], [ -115.424286520733418, 36.279648997335791 ], [ -115.424490054183693, 36.280570876679505 ], [ -115.424543808105327, 36.280814343418719 ], [ -115.424571455657059, 36.280939568419669 ], [ -115.424792453251115, 36.280791570104796 ], [ -115.425544446082014, 36.280869566525226 ], [ -115.425584445812049, 36.280852565291084 ], [ -115.425725672928536, 36.280795911398663 ], [ -115.426277438096065, 36.280574566506182 ], [ -115.426379233813748, 36.280563744822068 ], [ -115.42703275477426, 36.280494270329932 ], [ -115.427086429867558, 36.280488564024068 ], [ -115.428889986360971, 36.279476167628012 ], [ -115.429336406321099, 36.279225569007501 ], [ -115.42999739895464, 36.278940569514724 ], [ -115.430745086578, 36.278889550375595 ], [ -115.431562195708679, 36.27883378902137 ], [ -115.43359488902496, 36.27869504891401 ], [ -115.433924359196922, 36.278672557566971 ], [ -115.434454353380133, 36.27853055700362 ], [ -115.434816349627241, 36.278432557170703 ], [ -115.434988348042552, 36.278247557779011 ], [ -115.435311344869504, 36.278315556705543 ], [ -115.435412343180246, 36.278337555167681 ], [ -115.435910337729752, 36.278271554381554 ], [ -115.436013337473241, 36.278280553050251 ], [ -115.43708832575544, 36.278375548515953 ], [ -115.437659320735861, 36.278554544605008 ], [ -115.438112315725576, 36.278696542164283 ], [ -115.438369973585893, 36.278777121075251 ], [ -115.438371313011629, 36.278777539982698 ], [ -115.438566310832044, 36.278838539210739 ], [ -115.438612310443617, 36.278852538290423 ], [ -115.439677299496623, 36.27867653649831 ], [ -115.439723651807711, 36.278682171772346 ], [ -115.440530541007121, 36.278780261484656 ], [ -115.440952285983002, 36.278831529629777 ], [ -115.442735267564842, 36.279370517350024 ], [ -115.442982265050816, 36.279391515992664 ], [ -115.443785256186274, 36.279032517328417 ], [ -115.444042623865627, 36.278843005924635 ], [ -115.445416239516618, 36.277831523872294 ], [ -115.445505003084079, 36.277785445617077 ], [ -115.445645311497699, 36.277712610023038 ], [ -115.446227230555138, 36.27741052574472 ], [ -115.446576227284055, 36.277354525184904 ], [ -115.447162221114922, 36.27726052392714 ], [ -115.44863620640281, 36.276720523408585 ], [ -115.450105190216235, 36.276089525635101 ], [ -115.450183591929601, 36.276049273533474 ], [ -115.450627185361412, 36.275821525953262 ], [ -115.450663557704459, 36.27580299546608 ], [ -115.450576407824443, 36.27498973983689 ], [ -115.450503983940038, 36.274753705723171 ], [ -115.450473126285019, 36.274551426974405 ], [ -115.450546278199795, 36.274382979058139 ], [ -115.450660666204215, 36.274307407740572 ], [ -115.451097285979657, 36.274097618408007 ], [ -115.451471467173931, 36.273955045160413 ], [ -115.45189772403377, 36.273728420158854 ], [ -115.452209522889859, 36.273619420741284 ], [ -115.452292733262325, 36.273552224452771 ], [ -115.452708836790308, 36.273182601293243 ], [ -115.453072874150976, 36.272888617127293 ], [ -115.453509604887685, 36.272603121187011 ], [ -115.454164626881493, 36.272216928913437 ], [ -115.454601253265707, 36.271990305379553 ], [ -115.455089825591429, 36.271755325095612 ], [ -115.455453752517229, 36.271520209138018 ], [ -115.455932151301269, 36.27115064102076 ], [ -115.45641062723945, 36.270730605182997 ], [ -115.456847469444142, 36.270360988497004 ], [ -115.457315305940057, 36.27009233359216 ], [ -115.457772697800664, 36.269857308633711 ], [ -115.457990952488657, 36.269773428206896 ], [ -115.458136446775825, 36.269723115110992 ], [ -115.458364966538568, 36.269714942621896 ], [ -115.458572753492888, 36.269681515205704 ], [ -115.458853300972905, 36.269614520207533 ], [ -115.459217033671592, 36.269488734056594 ], [ -115.45953909901128, 36.269438601738756 ], [ -115.459798857635462, 36.269379992852244 ], [ -115.460266333974658, 36.269330008169476 ], [ -115.460474092758517, 36.269313399679824 ], [ -115.460650758046498, 36.269254703848475 ], [ -115.460941779370145, 36.26912883809532 ], [ -115.461440609758114, 36.26895271789364 ], [ -115.461981049388228, 36.268734583385545 ], [ -115.463092808803893, 36.268474965860399 ], [ -115.46346682574783, 36.268408053635632 ], [ -115.463809644802012, 36.26836634121814 ], [ -115.464038083303052, 36.268408622793039 ], [ -115.464526171985881, 36.268459571909226 ], [ -115.464910396158743, 36.268510416600854 ], [ -115.465284272505599, 36.268536017840212 ], [ -115.465533574435824, 36.268519440511014 ], [ -115.465741367806586, 36.268477589963027 ], [ -115.466032340371669, 36.2683769447071 ], [ -115.466323300758631, 36.26828470941058 ], [ -115.466572689308634, 36.268209254334735 ], [ -115.467434927684423, 36.268100749314485 ], [ -115.468047888728634, 36.267991998026964 ], [ -115.468338722033508, 36.267983866312463 ], [ -115.468650253949917, 36.26802621865324 ], [ -115.469210962419766, 36.268136093676375 ], [ -115.469834016586674, 36.268229203669982 ], [ -115.47027017555078, 36.268280081137149 ], [ -115.470467519016282, 36.268280266838275 ], [ -115.470654607999734, 36.268187922402149 ], [ -115.470914559134641, 36.267986306177249 ], [ -115.471424191206552, 36.267498952023686 ], [ -115.472235257519003, 36.266843658647552 ], [ -115.472474308072833, 36.266726127373516 ], [ -115.472609365787051, 36.266701019964273 ], [ -115.472785955773659, 36.266684360433992 ], [ -115.473004102830402, 36.266659329059323 ], [ -115.473232625106363, 36.266642716583171 ], [ -115.473856046709543, 36.266466658744605 ], [ -115.474209308035881, 36.266374461036932 ], [ -115.474552252505333, 36.266231787939581 ], [ -115.474936797733008, 36.266047097105137 ], [ -115.475321283255155, 36.265904458392534 ], [ -115.47571614177491, 36.265770239324077 ], [ -115.475903265779266, 36.265644243943029 ], [ -115.476079979173022, 36.265535061236641 ], [ -115.476381326068847, 36.265425988449245 ], [ -115.476672330877207, 36.265283262978208 ], [ -115.47717130757168, 36.264955681293692 ], [ -115.477566294214242, 36.264720526194537 ], [ -115.477742957937721, 36.264644983712927 ], [ -115.478137795819947, 36.264519167294722 ], [ -115.478948215768682, 36.264284370849246 ], [ -115.47936387707631, 36.264116514149599 ], [ -115.479644463681467, 36.263990593772888 ], [ -115.479821168147495, 36.263881404605307 ], [ -115.479977023227292, 36.263831073835789 ], [ -115.480319824640887, 36.263780903379207 ], [ -115.480652260854413, 36.263713900804241 ], [ -115.480860000524928, 36.263697256882111 ], [ -115.481067762032893, 36.263663790344374 ], [ -115.481296283729137, 36.26363875267436 ], [ -115.481504012152683, 36.263630517408956 ], [ -115.481680549778005, 36.263647489245699 ], [ -115.481940131484009, 36.263698173708235 ], [ -115.482127056134786, 36.263715152753555 ], [ -115.482241311491237, 36.263706838299697 ], [ -115.482376348967207, 36.263690130523017 ], [ -115.482823125517115, 36.263547520003087 ], [ -115.483810197520626, 36.263220318950751 ], [ -115.483997227920497, 36.26315318649506 ], [ -115.484246698932509, 36.26298517523378 ], [ -115.484475409494735, 36.262808735674867 ], [ -115.484735200498136, 36.262691197806291 ], [ -115.485026149489059, 36.262573683977365 ], [ -115.485285887458645, 36.262498198302978 ], [ -115.485753360159535, 36.262406059638202 ], [ -115.486033930411537, 36.262280124233911 ], [ -115.486210580502345, 36.262204569212308 ], [ -115.486283374595558, 36.262128930960195 ], [ -115.486532827081305, 36.261969325580431 ], [ -115.486761488139791, 36.261826524338822 ], [ -115.487166856921363, 36.261557702132109 ], [ -115.487832016722734, 36.261162922332794 ], [ -115.488653072945198, 36.260667331712916 ], [ -115.489245478695466, 36.260306129398792 ], [ -115.490035391574651, 36.259785271860409 ], [ -115.490170481672138, 36.259718090272997 ], [ -115.490284770255883, 36.259676124495215 ], [ -115.490492497221837, 36.259659462929598 ], [ -115.490731359631056, 36.259659647290782 ], [ -115.491541475392907, 36.259609803963023 ], [ -115.492123025164105, 36.25963547986202 ], [ -115.492268430024907, 36.259627178572394 ], [ -115.492413873827346, 36.25958523527288 ], [ -115.492497024036993, 36.259526421529472 ], [ -115.492601130184681, 36.259307817717811 ], [ -115.492663743005707, 36.259047128141106 ], [ -115.492674312645192, 36.25888732936717 ], [ -115.492674425811217, 36.258789357328055 ], [ -115.492674477804073, 36.258744345022954 ], [ -115.492737013373471, 36.258550941766586 ], [ -115.493444160270414, 36.257718797190321 ], [ -115.493652121639784, 36.257491859364038 ], [ -115.493849514808218, 36.257424719188457 ], [ -115.494088437374387, 36.257366021136647 ], [ -115.494514309798376, 36.257290638662461 ], [ -115.494909074363335, 36.257173177410436 ], [ -115.495127178530495, 36.25715651633228 ], [ -115.495272567934606, 36.25715662297506 ], [ -115.49551134858126, 36.25722408509224 ], [ -115.495781284090071, 36.257291568535017 ], [ -115.496435485023284, 36.257342508484747 ], [ -115.496684754204026, 36.257317456406533 ], [ -115.496913280260628, 36.257267155909844 ], [ -115.497037966089948, 36.257208368855323 ], [ -115.497183503294707, 36.257073899472658 ], [ -115.498119003415368, 36.256292355664812 ], [ -115.498659444565121, 36.255897426875691 ], [ -115.498950373545114, 36.25575464697495 ], [ -115.499199718015902, 36.255653890739161 ], [ -115.499646569604764, 36.255368232755139 ], [ -115.500031164348684, 36.255032066191752 ], [ -115.500363724642796, 36.254796796016691 ], [ -115.500633842163651, 36.254687645138276 ], [ -115.501236338776366, 36.254511438452994 ], [ -115.501568736684717, 36.254427560951129 ], [ -115.501869908543441, 36.254410947409333 ], [ -115.502295636102261, 36.254453295599745 ], [ -115.503043435041292, 36.254352877807925 ], [ -115.504071608488644, 36.254261055187158 ], [ -115.504445524167991, 36.254194019028915 ], [ -115.504663710841513, 36.25408482419504 ], [ -115.504947319460726, 36.254024222447931 ], [ -115.504950389143275, 36.254023566561898 ], [ -115.505095112098076, 36.254056907312609 ], [ -115.505257942055408, 36.254078117024576 ], [ -115.505310411254186, 36.254076186147977 ], [ -115.505461250600845, 36.254050848486159 ], [ -115.505625165811296, 36.254014503885642 ], [ -115.50572851341434, 36.253977410721646 ], [ -115.505832120729764, 36.253929630317721 ], [ -115.505925403126867, 36.253871073692892 ], [ -115.506050752372872, 36.253787343816313 ], [ -115.506083023564557, 36.253767228720214 ], [ -115.506126814700337, 36.253731816621432 ], [ -115.506182675413058, 36.253702658259627 ], [ -115.506538137844061, 36.253700689932295 ], [ -115.506693339580366, 36.253706919824623 ], [ -115.50681396288067, 36.253734001462561 ], [ -115.507002360002545, 36.253796022555825 ], [ -115.507127755596926, 36.253846674421069 ], [ -115.507310530607199, 36.2539257254886 ], [ -115.507414763580186, 36.253982467709037 ], [ -115.507547463076762, 36.254065184912726 ], [ -115.507701111325375, 36.254156637083724 ], [ -115.507826508001699, 36.2542072332392 ], [ -115.507957485167722, 36.254243015875893 ], [ -115.508200347386165, 36.25427911235483 ], [ -115.508381766614136, 36.254292014528609 ], [ -115.508631783652845, 36.254297251424028 ], [ -115.508863643399195, 36.25428738894977 ], [ -115.509124580142824, 36.254271423823646 ], [ -115.50930657842386, 36.254254527899576 ], [ -115.50957821909337, 36.254232285733295 ], [ -115.509868322079157, 36.254206037506364 ], [ -115.510163583923884, 36.254179545738793 ], [ -115.510270515631774, 36.254171628764247 ], [ -115.510536868953622, 36.254149382033447 ], [ -115.510876956565937, 36.254123754447335 ], [ -115.511040434994058, 36.254110861446684 ], [ -115.511158970518281, 36.254110219601174 ], [ -115.511240616654291, 36.254106945818684 ], [ -115.511540951274853, 36.254095757416351 ], [ -115.511748831224665, 36.254102627598449 ], [ -115.511917110027568, 36.254115368595144 ], [ -115.512098247772329, 36.254143198193866 ], [ -115.512234820244899, 36.254159825641345 ], [ -115.512365881114334, 36.254191323350724 ], [ -115.512573085575909, 36.254234404937272 ], [ -115.512784902983654, 36.254267289202751 ], [ -115.512937257576226, 36.254282275091974 ], [ -115.513105907377849, 36.2542901910141 ], [ -115.513145989514129, 36.254289038810214 ], [ -115.513220453802134, 36.254292098955567 ], [ -115.513400637077055, 36.254276845952042 ], [ -115.5134779808741, 36.254271549223851 ], [ -115.513656242403144, 36.254246132811765 ], [ -115.513829254671535, 36.254213378447396 ], [ -115.514032814537188, 36.254179548618254 ], [ -115.514189733355394, 36.254159657148818 ], [ -115.51441171400063, 36.254115449419402 ], [ -115.514537321098061, 36.254088235171977 ], [ -115.514674581120445, 36.254068602828042 ], [ -115.51478011099114, 36.254057149803366 ], [ -115.514859248374719, 36.254051732457505 ], [ -115.514984221662885, 36.254054365811072 ], [ -115.515215599318182, 36.254070004947039 ], [ -115.515487247661, 36.254047804337546 ], [ -115.515796179811773, 36.254000436625248 ], [ -115.515996511815729, 36.253987996069959 ], [ -115.516209661494884, 36.253992814727191 ], [ -115.516325381348778, 36.254002768756166 ], [ -115.516461754019744, 36.254030036230937 ], [ -115.516769771758177, 36.254101027291867 ], [ -115.517215340248939, 36.25420895372573 ], [ -115.517369778801424, 36.254255609572738 ], [ -115.517461883854665, 36.254258923945905 ], [ -115.517535710748163, 36.254251257671427 ], [ -115.517630753297439, 36.254237561986805 ], [ -115.51775238939058, 36.254211322724949 ], [ -115.517852661889435, 36.254197637899161 ], [ -115.517957829451362, 36.254205342084944 ], [ -115.518042988493605, 36.254228772213857 ], [ -115.518207631920319, 36.254292655134968 ], [ -115.518380146686852, 36.254358752117 ], [ -115.518544764867841, 36.254426923730399 ], [ -115.518720137169225, 36.254480301198278 ], [ -115.518901036222488, 36.254520927496564 ], [ -115.519406304600125, 36.254604992963706 ], [ -115.519640269099369, 36.25462281866178 ], [ -115.519785228296399, 36.254613967497903 ], [ -115.519938352173483, 36.254592416194406 ], [ -115.520046794456931, 36.25456813044206 ], [ -115.520181842186545, 36.254527179923912 ], [ -115.520295766027402, 36.25449020513603 ], [ -115.520409248123059, 36.254476673080887 ], [ -115.52058041037931, 36.254472390965915 ], [ -115.520748529922869, 36.254493691490914 ], [ -115.520950202554729, 36.254549445584956 ], [ -115.521014207744727, 36.254571530251518 ], [ -115.521200290526522, 36.254621871583367 ], [ -115.521341710066466, 36.25466201450233 ], [ -115.521478166866999, 36.254685041213584 ], [ -115.521599440081729, 36.254678013043986 ], [ -115.521708900378698, 36.254667638410503 ], [ -115.521809335286591, 36.254645369309344 ], [ -115.52191008719403, 36.254610404020539 ], [ -115.522120138999583, 36.25450207430054 ], [ -115.522447626568706, 36.254305662359954 ], [ -115.522740632035479, 36.254128052114872 ], [ -115.522970569358989, 36.254010411081168 ], [ -115.523310727015925, 36.253841901370542 ], [ -115.523462316667789, 36.253762712681237 ], [ -115.523579164030693, 36.253708714755028 ], [ -115.523690310066826, 36.253680231630895 ], [ -115.523830020910694, 36.253669191796874 ], [ -115.524043277576183, 36.253671825375896 ], [ -115.524229809680875, 36.253691174565027 ], [ -115.524468818217713, 36.253721872595584 ], [ -115.524786875485873, 36.253775442643388 ], [ -115.524869080746726, 36.253789689650596 ], [ -115.525191694080192, 36.253855511941104 ], [ -115.525643133216349, 36.25392933089082 ], [ -115.525984576832485, 36.253974045239246 ], [ -115.526207654222034, 36.254010888601549 ], [ -115.52629699686436, 36.254022691150205 ], [ -115.526472683047743, 36.254058951205693 ], [ -115.526687355808235, 36.254125556023908 ], [ -115.526899867807188, 36.254164440676554 ], [ -115.527088962129142, 36.25419022806549 ], [ -115.527278057689927, 36.254216013353798 ], [ -115.527367172105983, 36.254236331149592 ], [ -115.527434474971685, 36.25425987042653 ], [ -115.527702028098375, 36.254353446846146 ], [ -115.527742614320928, 36.254366197577802 ], [ -115.527894147543478, 36.25442514449157 ], [ -115.528066923883941, 36.25448894021072 ], [ -115.528103324586439, 36.25450238011922 ], [ -115.528339003136139, 36.25457135955201 ], [ -115.528525204197109, 36.254612036893548 ], [ -115.528536020351282, 36.254615344241031 ], [ -115.52888120879895, 36.254720880990718 ], [ -115.529155232514128, 36.254711498134306 ], [ -115.52947407643002, 36.254696200425244 ], [ -115.529778868327483, 36.254685327897242 ], [ -115.530113109238016, 36.254672184185623 ], [ -115.530347384944122, 36.254666437851412 ], [ -115.530521541870428, 36.25464847592378 ], [ -115.530705357392847, 36.254596029875032 ], [ -115.530708002733789, 36.254595641716449 ], [ -115.530708901165099, 36.254595019339867 ], [ -115.530753443174362, 36.254582309791033 ], [ -115.530903601611001, 36.2545209616911 ], [ -115.531147431269119, 36.254386014771548 ], [ -115.531235842076768, 36.254341511412001 ], [ -115.53201960087523, 36.253946992581092 ], [ -115.532214738933703, 36.253849292505251 ], [ -115.532804003831501, 36.253554259683099 ], [ -115.533137338847169, 36.253374422404882 ], [ -115.534157358989532, 36.25280788231035 ], [ -115.534642016772821, 36.252543376467592 ], [ -115.534704349715966, 36.252509356785652 ], [ -115.535112670442075, 36.25228652279305 ], [ -115.535342370995764, 36.252145651717335 ], [ -115.535504084468997, 36.252035525477829 ], [ -115.535637475658078, 36.251922204113086 ], [ -115.535781998295178, 36.251783190849437 ], [ -115.536033223383129, 36.251534819351527 ], [ -115.536160501769572, 36.25136965077801 ], [ -115.536230308913147, 36.25123834862805 ], [ -115.536282285971197, 36.251115402175195 ], [ -115.536372296891898, 36.250854977694942 ], [ -115.536434186744657, 36.250676098332399 ], [ -115.536482601274187, 36.250553162060676 ], [ -115.536530640969005, 36.250450270008805 ], [ -115.5366187756877, 36.250290409009835 ], [ -115.53675960605436, 36.250027405295427 ], [ -115.536785724677529, 36.249960663997328 ], [ -115.536915241268488, 36.249712145171834 ], [ -115.536930274248689, 36.24968017078573 ], [ -115.53695383254184, 36.2496300613861 ], [ -115.53698164711551, 36.249588922386941 ], [ -115.537052156230459, 36.249484639945429 ], [ -115.537297630009164, 36.249083710343278 ], [ -115.537385360421197, 36.24894042137106 ], [ -115.537442135307415, 36.248847692272442 ], [ -115.537484171568877, 36.248790142703804 ], [ -115.537489622647584, 36.248782680387698 ], [ -115.537523717758816, 36.248736002611523 ], [ -115.537563327333473, 36.248685601071124 ], [ -115.537970644389901, 36.248139110694133 ], [ -115.538209614195438, 36.247895285420412 ], [ -115.538801806392527, 36.247348798752782 ], [ -115.53912385088087, 36.247088180829927 ], [ -115.539290052087466, 36.246978901444997 ], [ -115.539445907536276, 36.246802329564836 ], [ -115.539570625187295, 36.246600512397968 ], [ -115.539781449827743, 36.246088971794997 ], [ -115.539793763921509, 36.246066719097534 ], [ -115.540152573240633, 36.245768040753276 ], [ -115.540422628653104, 36.245616743270496 ], [ -115.541139150432926, 36.245507662256202 ], [ -115.541627183168657, 36.245491016857699 ], [ -115.541969801669481, 36.245558427781148 ], [ -115.542540840844339, 36.245659561515922 ], [ -115.543142974559046, 36.245870046705072 ], [ -115.543599759743159, 36.246046834966748 ], [ -115.54382815900027, 36.246122612213973 ], [ -115.5442642686412, 36.246122760018125 ], [ -115.544555021809174, 36.246097624305285 ], [ -115.545167684809257, 36.246030539380975 ], [ -115.545375364304164, 36.246013785991217 ], [ -115.545842665301748, 36.245929828217406 ], [ -115.546237309270822, 36.245786968670103 ], [ -115.546621591399855, 36.245593637770916 ], [ -115.546902020975025, 36.245433918056811 ], [ -115.547743265171562, 36.245038862257637 ], [ -115.547961347833791, 36.244971641703096 ], [ -115.548075565248311, 36.244971676612103 ], [ -115.548366285135671, 36.245005409182497 ], [ -115.548688159788512, 36.245030738671268 ], [ -115.548926986615456, 36.245013988437243 ], [ -115.550702643967966, 36.24479581845015 ], [ -115.550910326097252, 36.244762232868474 ], [ -115.551304982948139, 36.244552068069872 ], [ -115.551761932932308, 36.244350330785373 ], [ -115.551938497269916, 36.24423262476995 ], [ -115.552166948091553, 36.244190631827884 ], [ -115.552416214405241, 36.244022478890109 ], [ -115.55285250339027, 36.243543168107706 ], [ -115.553538007167802, 36.242996632108678 ], [ -115.55381838867423, 36.242904183543594 ], [ -115.554420689687106, 36.242694061500913 ], [ -115.554960667405993, 36.242542797733947 ], [ -115.555209911295023, 36.242408283104062 ], [ -115.55542800468892, 36.242273760365642 ], [ -115.555698048879833, 36.242038317949024 ], [ -115.555988851021297, 36.241819701534901 ], [ -115.55626929065167, 36.241542204295321 ], [ -115.556923686152516, 36.240760133203196 ], [ -115.557079480919498, 36.240608771302007 ], [ -115.557307962972899, 36.24043219234899 ], [ -115.557484494278214, 36.240364943907402 ], [ -115.557629889403955, 36.240255633108859 ], [ -115.558138735179369, 36.239986594265474 ], [ -115.558865646739889, 36.239616668350315 ], [ -115.559322569630964, 36.239347612345533 ], [ -115.559706785379504, 36.239162650613018 ], [ -115.559893699345849, 36.239078579049909 ], [ -115.560215596616914, 36.238960890442677 ], [ -115.560464796374873, 36.23890206405202 ], [ -115.560714001847131, 36.238826414555746 ], [ -115.560952826924108, 36.238742351649044 ], [ -115.561160503283361, 36.238658282180026 ], [ -115.561472050674865, 36.238414423697641 ], [ -115.561627815281028, 36.238321932544963 ], [ -115.561773212717171, 36.238170561507921 ], [ -115.56183554787242, 36.238027586304554 ], [ -115.561742153774688, 36.237859348070714 ], [ -115.561627975376126, 36.237758394339352 ], [ -115.561389197489092, 36.237691059841175 ], [ -115.561202335810165, 36.237615324156948 ], [ -115.561015485654835, 36.237497533964081 ], [ -115.560890937750514, 36.237354521469157 ], [ -115.560859833194669, 36.237211528264552 ], [ -115.560883503083033, 36.237163623036935 ], [ -115.56092216432134, 36.237085375206924 ], [ -115.561057157746546, 36.237009702356843 ], [ -115.561244066453924, 36.236917217774966 ], [ -115.561420579241755, 36.236875196862641 ], [ -115.561565948038506, 36.236816348026387 ], [ -115.562074746301988, 36.236589346329076 ], [ -115.56309230386475, 36.236244680982104 ], [ -115.563445334107016, 36.23611857917264 ], [ -115.563652991049082, 36.23606814867869 ], [ -115.564026764417846, 36.236017747287875 ], [ -115.564151358294509, 36.23599253601725 ], [ -115.564379785855337, 36.235916875246446 ], [ -115.564680889144128, 36.235841226106551 ], [ -115.564940464846472, 36.235757158569605 ], [ -115.565137737897459, 36.235706724688171 ], [ -115.565480350832289, 36.23570677968447 ], [ -115.565677608881586, 36.235723632601335 ], [ -115.566258982295153, 36.235849888162804 ], [ -115.566445857003714, 36.235875149980899 ], [ -115.566622357989743, 36.235858353907638 ], [ -115.56672619305661, 36.235799492544288 ], [ -115.566705449377807, 36.235706968311256 ], [ -115.566684713871069, 36.235572388924744 ], [ -115.566684745272255, 36.235429401778219 ], [ -115.566788592576557, 36.235311662601845 ], [ -115.567058587742494, 36.235034137915683 ], [ -115.567338935527786, 36.234891191307362 ], [ -115.567993107161172, 36.234395033227294 ], [ -115.568221531415062, 36.234294131601381 ], [ -115.568491484943351, 36.234184825148304 ], [ -115.56870951477498, 36.234142798962274 ], [ -115.569031362138034, 36.234117607553038 ], [ -115.569789235891577, 36.234176580027537 ], [ -115.570162981571045, 36.234210269721771 ], [ -115.570308338875336, 36.234151410178889 ], [ -115.57045370428925, 36.234050494386864 ], [ -115.570557552703789, 36.233882286750415 ], [ -115.570744449524923, 36.233756142865801 ], [ -115.570941715207056, 36.233697287597721 ], [ -115.571097453790188, 36.23363842825939 ], [ -115.571305094958475, 36.233621629627358 ], [ -115.571626929019288, 36.233655308104758 ], [ -115.571834566234372, 36.233663741118633 ], [ -115.572156395653579, 36.233731063396661 ], [ -115.572488608572201, 36.233789974097235 ], [ -115.572841587746552, 36.233840475948504 ], [ -115.57296616359902, 36.233899364912524 ], [ -115.573049209276306, 36.233966660634586 ], [ -115.573142640270973, 36.234017136475991 ], [ -115.573277601837276, 36.23404238177941 ], [ -115.573381420475897, 36.234050802329442 ], [ -115.573495623127016, 36.234042402034241 ], [ -115.573557921428787, 36.234000352569886 ], [ -115.573537177955089, 36.233840541708823 ], [ -115.573443745794265, 36.233798477930783 ], [ -115.573381462253693, 36.23373959436563 ], [ -115.573319187892949, 36.233613423019833 ], [ -115.573225773306518, 36.233445193528112 ], [ -115.573090835989404, 36.233251727440503 ], [ -115.572914361116517, 36.2331339557945 ], [ -115.572810558024841, 36.233024602765077 ], [ -115.572706794869092, 36.232637685063494 ], [ -115.572727577192637, 36.232503110690217 ], [ -115.572904098756752, 36.23227602935421 ], [ -115.573080625056605, 36.232015304312178 ], [ -115.573568609273408, 36.231678909184531 ], [ -115.573797024958736, 36.231527530737154 ], [ -115.574108488995421, 36.231409803414429 ], [ -115.574316128766696, 36.231350944318791 ], [ -115.574461473606192, 36.231325723099218 ], [ -115.574710630672044, 36.231342566327896 ], [ -115.575136265561753, 36.231443532455522 ], [ -115.575520368440849, 36.23160337179133 ], [ -115.575977138472908, 36.23183050286778 ], [ -115.576278185142073, 36.232049210761843 ], [ -115.576776464969427, 36.232520261968673 ], [ -115.577087897012035, 36.232764201972081 ], [ -115.57731628431354, 36.232907203198799 ], [ -115.577731545450291, 36.233058626459844 ], [ -115.577908033823959, 36.233092279742714 ], [ -115.578281774205522, 36.233176410130312 ], [ -115.578437499204512, 36.233218473314274 ], [ -115.578551698378831, 36.233235301662333 ], [ -115.578665901540489, 36.233193252083716 ], [ -115.578665904353542, 36.233151196885437 ], [ -115.578562096091275, 36.232999792706273 ], [ -115.57840638083799, 36.232839974945911 ], [ -115.578240278770508, 36.232730623401174 ], [ -115.578074180156619, 36.232596038145246 ], [ -115.577959992865829, 36.23243622202159 ], [ -115.577928859789182, 36.232284822131177 ], [ -115.577928875187752, 36.232082956975226 ], [ -115.577897746358289, 36.23186426837988 ], [ -115.577866634557139, 36.231426892869649 ], [ -115.577877030020858, 36.231258672607105 ], [ -115.577970472527653, 36.231140922958986 ], [ -115.578105439285309, 36.231065230665607 ], [ -115.578364982428539, 36.231014778137315 ], [ -115.578790633974066, 36.230905455215982 ], [ -115.57914361027764, 36.230838183671985 ], [ -115.579382389840745, 36.230779317137234 ], [ -115.579506969354966, 36.230754088887011 ], [ -115.579683464190992, 36.230585875214743 ], [ -115.579859958948163, 36.230426072137668 ], [ -115.580057214797094, 36.230257859597756 ], [ -115.580244090074743, 36.230081233690171 ], [ -115.580181805981198, 36.229988710159098 ], [ -115.579943037511171, 36.229887769180699 ], [ -115.579673129718145, 36.229719537761845 ], [ -115.579226744543533, 36.229475598546664 ], [ -115.579112558416099, 36.229332606081599 ], [ -115.579008759075052, 36.229105503525069 ], [ -115.578977628416368, 36.228886815092601 ], [ -115.579029549550114, 36.228651307811582 ], [ -115.579195666235634, 36.228373751244533 ], [ -115.579330633438744, 36.228188714435341 ], [ -115.579455212680301, 36.228096198371354 ], [ -115.579642077296356, 36.228045739033725 ], [ -115.57980817513014, 36.22806256823948 ], [ -115.580067703124939, 36.228096222414393 ], [ -115.580420662316925, 36.228129878315563 ], [ -115.58125114764394, 36.228399057535007 ], [ -115.581479529828769, 36.228542050894511 ], [ -115.581656007133546, 36.228701865248297 ], [ -115.581874010307914, 36.228828035877036 ], [ -115.582330782143629, 36.229021498444915 ], [ -115.582891370726131, 36.229214960685532 ], [ -115.583431199299014, 36.229307488820133 ], [ -115.58381530869373, 36.229408423741958 ], [ -115.584189037951276, 36.22951776827739 ], [ -115.584500480179145, 36.22963552344951 ], [ -115.584708108992118, 36.229728044560787 ], [ -115.584894975692777, 36.229803743653257 ], [ -115.585092223602658, 36.22992990850674 ], [ -115.585497103266846, 36.230106537543314 ], [ -115.585735879215022, 36.230241111842552 ], [ -115.585922749635785, 36.230375686305472 ], [ -115.586016184410653, 36.23041774037555 ], [ -115.586088854680071, 36.23042615028487 ], [ -115.586171906000118, 36.230426149136228 ], [ -115.586254955672857, 36.23033362658721 ], [ -115.586524871293349, 36.230249511789026 ], [ -115.586722118639244, 36.230224275642726 ], [ -115.586877838809215, 36.230173806507175 ], [ -115.587531861521242, 36.229980337099413 ], [ -115.587936736588517, 36.229955093455139 ], [ -115.588507714461244, 36.229955075559367 ], [ -115.588684201075893, 36.229980302083987 ], [ -115.58895411665776, 36.229955059670232 ], [ -115.589089071885979, 36.229912999290676 ], [ -115.589296694150079, 36.229820468829281 ], [ -115.589535462997574, 36.229761581971474 ], [ -115.589888427502117, 36.229727922128525 ], [ -115.590096057610054, 36.229753146058314 ], [ -115.59028292478834, 36.229769958867202 ], [ -115.590615133822581, 36.229820408391987 ], [ -115.591061537202975, 36.229854029020039 ], [ -115.591456037367593, 36.229912884538436 ], [ -115.591622140032158, 36.229912874727425 ], [ -115.591705187745248, 36.229870814480506 ], [ -115.591736324645126, 36.229803523824536 ], [ -115.591653262371821, 36.229685773942137 ], [ -115.591321019579283, 36.229290474371368 ], [ -115.59120680699516, 36.229097027209441 ], [ -115.59122755743752, 36.228970860258684 ], [ -115.591310580583155, 36.228676468705828 ], [ -115.591476656314725, 36.228424127501775 ], [ -115.591663503182048, 36.228264306209361 ], [ -115.591746542979479, 36.228171779773817 ], [ -115.591694621969197, 36.228020384501633 ], [ -115.59155965500446, 36.227894226783214 ], [ -115.591383170556853, 36.227852181860754 ], [ -115.591196303359069, 36.227776492868692 ], [ -115.591071722013695, 36.227700800157706 ], [ -115.590988662205575, 36.227574638914049 ], [ -115.590947128453664, 36.227473708887686 ], [ -115.590781000778321, 36.227128864745417 ], [ -115.590614876717552, 36.226809253884369 ], [ -115.590427990689221, 36.226481232045444 ], [ -115.590365688459102, 36.226279369636387 ], [ -115.590334535268255, 36.226144794465867 ], [ -115.590251420812123, 36.225320515567141 ], [ -115.590334434816512, 36.224916781307471 ], [ -115.590583553814511, 36.224698081448246 ], [ -115.590770395835705, 36.224563494050763 ], [ -115.590967621121564, 36.224479373760929 ], [ -115.591144091563876, 36.224454130456273 ], [ -115.591279041683748, 36.224470944566313 ], [ -115.592784303650021, 36.224992334250508 ], [ -115.593033447332004, 36.225042783680486 ], [ -115.593272204856191, 36.225034355409051 ], [ -115.593988496487512, 36.225177288011025 ], [ -115.594237650386376, 36.225286611087917 ], [ -115.594580227012884, 36.225362282251304 ], [ -115.594777464138772, 36.22537067625008 ], [ -115.594985079542056, 36.225362247251972 ], [ -115.595379555150785, 36.225387445370451 ], [ -115.595535270116685, 36.225404252789225 ], [ -115.595732497471786, 36.225353768160083 ], [ -115.596417598346093, 36.225143425034169 ], [ -115.596614829673371, 36.225118172483647 ], [ -115.597081965792398, 36.225126534908725 ], [ -115.597196146910264, 36.225076056604458 ], [ -115.597268803411311, 36.225025581749435 ], [ -115.597299933297151, 36.224949878679467 ], [ -115.597268770495276, 36.224832127894167 ], [ -115.597102663040616, 36.224739624104913 ], [ -115.596801586659581, 36.22452937907714 ], [ -115.596365570255941, 36.224361202133338 ], [ -115.596147554889029, 36.224226646880716 ], [ -115.596012590070643, 36.224125726744973 ], [ -115.595929532544062, 36.224041624142714 ], [ -115.595846461296702, 36.223873411769532 ], [ -115.59574260808408, 36.223562211808421 ], [ -115.595649150966736, 36.223343533176596 ], [ -115.595524557436349, 36.223166912671687 ], [ -115.595327295083706, 36.222939832484364 ], [ -115.595046988491674, 36.222712759373302 ], [ -115.594943157712478, 36.222527724625301 ], [ -115.594974286481445, 36.222435200368885 ], [ -115.595067691553041, 36.222300615258291 ], [ -115.595223371344446, 36.222123969142721 ], [ -115.595306404003679, 36.222048261858689 ], [ -115.595565881294235, 36.221829550469032 ], [ -115.595721571529154, 36.221728603442571 ], [ -115.595908379678548, 36.221476253695037 ], [ -115.596240487218793, 36.221080901604587 ], [ -115.596198939622283, 36.220912684389127 ], [ -115.59615738564483, 36.220702411824888 ], [ -115.596178113885543, 36.220492133127181 ], [ -115.596271512145478, 36.220349136126494 ], [ -115.596344153993101, 36.22022296289493 ], [ -115.596292198874494, 36.219878114493163 ], [ -115.596261044891662, 36.219794006910547 ], [ -115.596167614651804, 36.219735139024344 ], [ -115.595690061610028, 36.219272576322155 ], [ -115.595627761614608, 36.219138005278047 ], [ -115.595638131348494, 36.219070715397656 ], [ -115.595773069204455, 36.219053880864074 ], [ -115.595991063090693, 36.219146381504935 ], [ -115.596613928779675, 36.219550050254981 ], [ -115.596904604578015, 36.219760296925053 ], [ -115.597251757199061, 36.220087434833111 ], [ -115.597413311526111, 36.220239673181268 ], [ -115.597537881649089, 36.220290125795373 ], [ -115.597683202600962, 36.220281698866302 ], [ -115.597859658837365, 36.220248035600449 ], [ -115.598036102817446, 36.220147082269634 ], [ -115.598378643184518, 36.220121810082105 ], [ -115.598824988329369, 36.220121757108906 ], [ -115.59951007201235, 36.220096438996123 ], [ -115.599863024055907, 36.220230970828773 ], [ -115.600299026757881, 36.220407545962459 ], [ -115.600932277252141, 36.220685025794118 ], [ -115.601368299841241, 36.220928885046895 ], [ -115.601607101607016, 36.221181183012774 ], [ -115.602126294892926, 36.221954925160013 ], [ -115.60234438331301, 36.222383856930598 ], [ -115.602645532539029, 36.222871652766585 ], [ -115.60293627663151, 36.223241695229611 ], [ -115.603434684485293, 36.223813569021772 ], [ -115.603953786505826, 36.224091050962208 ], [ -115.604348318791679, 36.224351728783347 ], [ -115.60486743209097, 36.224646027633455 ], [ -115.605874489835216, 36.225100049121849 ], [ -115.606964595503385, 36.225520402110206 ], [ -115.60735911090778, 36.22566331493767 ], [ -115.607815950154446, 36.225932380281606 ], [ -115.60799248699206, 36.226134211399696 ], [ -115.608158634722997, 36.226302399876332 ], [ -115.608345569740678, 36.226554694612588 ], [ -115.608501366207022, 36.226815406198661 ], [ -115.608667589640234, 36.227219103183572 ], [ -115.608750729173607, 36.227505062657634 ], [ -115.60885460978173, 36.227723728973587 ], [ -115.609072678210495, 36.227925549091736 ], [ -115.609643820505909, 36.2284721492911 ], [ -115.609944977093519, 36.22877488358148 ], [ -115.610194184342774, 36.228943051486027 ], [ -115.61034996619469, 36.22912806178249 ], [ -115.610474612826295, 36.229338310387107 ], [ -115.610505814334914, 36.229506524824352 ], [ -115.61056833663315, 36.230196217810096 ], [ -115.610609934258861, 36.230406485230155 ], [ -115.610651513799866, 36.230566286456096 ], [ -115.610682767824841, 36.230885899331554 ], [ -115.610776253898081, 36.231037278245928 ], [ -115.610745166239198, 36.231205506251868 ], [ -115.610838701877157, 36.231499872734695 ], [ -115.610952931568477, 36.231592368980643 ], [ -115.611181374221971, 36.231726894979531 ], [ -115.611524064459871, 36.231995971529798 ], [ -115.611783711642119, 36.232290299604074 ], [ -115.612278509875566, 36.232738075744351 ], [ -115.612489902352451, 36.232929376622863 ], [ -115.613040344651949, 36.233484375245816 ], [ -115.61336234438005, 36.23391326170136 ], [ -115.613570148865207, 36.234350586848798 ], [ -115.613757163171059, 36.234712216119426 ], [ -115.613850713184931, 36.235006580142596 ], [ -115.613840414719576, 36.235225269911922 ], [ -115.613788558506315, 36.235368270178817 ], [ -115.613736727682024, 36.235578559206296 ], [ -115.613861353020923, 36.235679460989672 ], [ -115.61403789828357, 36.235805583364886 ], [ -115.614141778703157, 36.235956957016548 ], [ -115.614266397543645, 36.236041036631541 ], [ -115.614422147495233, 36.236083053071219 ], [ -115.614619397212536, 36.236049359210085 ], [ -115.614764702503081, 36.235931567626245 ], [ -115.614909959722667, 36.235696021833057 ], [ -115.615003289702855, 36.23541843291914 ], [ -115.615200366440646, 36.23495577538884 ], [ -115.615376763814169, 36.234711809206352 ], [ -115.615843812920545, 36.234358423774481 ], [ -115.616175864093037, 36.233937783472676 ], [ -115.616622094914447, 36.233475056309608 ], [ -115.61692307823651, 36.233256287771617 ], [ -115.616995715426143, 36.233172157473206 ], [ -115.616954149916182, 36.233079647286431 ], [ -115.616933321840904, 36.232928254408733 ], [ -115.616974778493969, 36.232760021971004 ], [ -115.617109738850942, 36.232751574376152 ], [ -115.61735887616716, 36.232692628239391 ], [ -115.617381164110043, 36.232678638531738 ], [ -115.617680624762912, 36.23249067379794 ], [ -115.617865513349727, 36.232305086386916 ], [ -115.61789854698678, 36.232271925752293 ], [ -115.61791902681658, 36.23161585779431 ], [ -115.617960374830901, 36.231203704914194 ], [ -115.618105574510381, 36.230875632575035 ], [ -115.618240460482411, 36.23070737332943 ], [ -115.618427306337438, 36.230656854259934 ], [ -115.618655580322496, 36.230387635595207 ], [ -115.618748928088678, 36.230194154059895 ], [ -115.618759253308141, 36.230067985138255 ], [ -115.618842248076078, 36.229941795360375 ], [ -115.618966788360339, 36.229857648874329 ], [ -115.619464787261251, 36.229176209046031 ], [ -115.619464589122416, 36.228738834020753 ], [ -115.6192776537452, 36.228579078113242 ], [ -115.618727149554431, 36.227906351678548 ], [ -115.616816261783256, 36.226106915957025 ], [ -115.616546294998628, 36.225955589991074 ], [ -115.616348995006632, 36.225804243160546 ], [ -115.616234729288237, 36.225619230413706 ], [ -115.616213857243935, 36.225350082093627 ], [ -115.616182638244908, 36.225165047204207 ], [ -115.616120243217708, 36.224895908957144 ], [ -115.615943677978436, 36.224668857041557 ], [ -115.615549094331456, 36.224382983720723 ], [ -115.615216831951273, 36.224181204689998 ], [ -115.61487415436234, 36.22388690488561 ], [ -115.614749494703076, 36.223651426185057 ], [ -115.614603985191437, 36.223188854932282 ], [ -115.614448139675545, 36.222835629470161 ], [ -115.614437559887904, 36.222322556867645 ], [ -115.61452044847961, 36.221927215952782 ], [ -115.614613773369896, 36.221674860217696 ], [ -115.614509901129665, 36.221498253111093 ], [ -115.61400104620067, 36.22092642750512 ], [ -115.613419528493168, 36.220329383770483 ], [ -115.6126823749876, 36.21988377380476 ], [ -115.612287790795904, 36.219496957115361 ], [ -115.611052228253897, 36.218521554085712 ], [ -115.61052272127877, 36.218134761547404 ], [ -115.610387720103873, 36.217949747621752 ], [ -115.610335755761426, 36.217756304663688 ], [ -115.610273389509658, 36.217495574946213 ], [ -115.609951527066116, 36.217226490024444 ], [ -115.609328579717086, 36.216721956840225 ], [ -115.609141693592363, 36.216562184993073 ], [ -115.608902916481256, 36.216419246199663 ], [ -115.608861314828459, 36.216158511456321 ], [ -115.608861269394851, 36.216015523481005 ], [ -115.608715885808493, 36.215796864363966 ], [ -115.608549702183652, 36.215443633076227 ], [ -115.608476956551428, 36.21515767085365 ], [ -115.608404228702071, 36.214930586676836 ], [ -115.608321117961296, 36.214686682727368 ], [ -115.608466305279507, 36.214291332212824 ], [ -115.608559688094132, 36.21419038074486 ], [ -115.608621908392266, 36.214013735607132 ], [ -115.608611489603732, 36.213887571489217 ], [ -115.608518030784012, 36.213744602360698 ], [ -115.60834156757511, 36.213694171550294 ], [ -115.608102803235866, 36.213559642038554 ], [ -115.607884800335867, 36.213433518872314 ], [ -115.607666784302211, 36.213265339899699 ], [ -115.607594056590784, 36.21302143247118 ], [ -115.60759398303216, 36.212777510898668 ], [ -115.607573154190987, 36.212542005151171 ], [ -115.607479688767484, 36.212365390682159 ], [ -115.607251228823785, 36.211961702247429 ], [ -115.606856723502446, 36.211616922852933 ], [ -115.606545295016787, 36.211415115744757 ], [ -115.606451854973301, 36.211314199493252 ], [ -115.606368773371003, 36.21113758221933 ], [ -115.606379113596404, 36.211003003135978 ], [ -115.606430974477817, 36.210885238198607 ], [ -115.606420562038267, 36.210767485647459 ], [ -115.606358245601584, 36.210616097234322 ], [ -115.606347816487315, 36.210439466533984 ], [ -115.606389275650415, 36.210246004461908 ], [ -115.606150501325388, 36.210027360181172 ], [ -115.605859845113429, 36.209850780201727 ], [ -115.605704112116101, 36.209665763680938 ], [ -115.6056002676373, 36.209455505021033 ], [ -115.605600202604194, 36.209219995137197 ], [ -115.605589741769336, 36.208925608938728 ], [ -115.605610443977881, 36.208723738971372 ], [ -115.605641555924748, 36.208639622552099 ], [ -115.605558462751091, 36.208404127402986 ], [ -115.605423466976376, 36.208134996821492 ], [ -115.605288493841215, 36.207941565154762 ], [ -115.605184685814834, 36.207857472417551 ], [ -115.604987462239208, 36.207739752132333 ], [ -115.604883616624605, 36.207512670084618 ], [ -115.604810887228751, 36.207209883528819 ], [ -115.604748538791, 36.206915506052809 ], [ -115.604613566086584, 36.206713663594243 ], [ -115.604219084606754, 36.206309997200606 ], [ -115.603980305693241, 36.206007237622572 ], [ -115.603575404598587, 36.205410116243783 ], [ -115.603388544594011, 36.205199869817143 ], [ -115.603315856349198, 36.205031659558067 ], [ -115.603274281371284, 36.204779333397788 ], [ -115.602682617173713, 36.20430840481125 ], [ -115.602267436425578, 36.204056135138551 ], [ -115.602018311587244, 36.203829073171235 ], [ -115.601717181353933, 36.203080529934162 ], [ -115.601519937268307, 36.202794582043119 ], [ -115.60131233193728, 36.202575923510452 ], [ -115.601198146574276, 36.202441362383702 ], [ -115.601083908289084, 36.202062879224393 ], [ -115.600948947872382, 36.201835798904433 ], [ -115.600741328648866, 36.20153302841257 ], [ -115.600627113570866, 36.201247066648456 ], [ -115.600585542098329, 36.200961094878473 ], [ -115.600647729773684, 36.200590998850998 ], [ -115.600678804330798, 36.200321838945086 ], [ -115.600658017471616, 36.200170442584607 ], [ -115.600585318986646, 36.19990970868178 ], [ -115.600222037284112, 36.199564902876567 ], [ -115.600076706487158, 36.199337822893668 ], [ -115.599941710769372, 36.198900463906853 ], [ -115.599827526284002, 36.198732256849446 ], [ -115.599339713973961, 36.198328586256238 ], [ -115.599069861760782, 36.198101520672815 ], [ -115.59897643587675, 36.197941721140388 ], [ -115.598945249110471, 36.197655748300818 ], [ -115.599007477449575, 36.197470695889805 ], [ -115.598965923544185, 36.197235190737068 ], [ -115.598810215858379, 36.196966054937413 ], [ -115.59879981669684, 36.196848300608131 ], [ -115.598799776859835, 36.196638023079814 ], [ -115.598716707870935, 36.196360467351511 ], [ -115.598581733807933, 36.195965161280419 ], [ -115.598498692841545, 36.19583059375617 ], [ -115.598446783326295, 36.195696022476561 ], [ -115.598519354006868, 36.195334336944612 ], [ -115.598488183534812, 36.195115652159195 ], [ -115.59836363881179, 36.194989500392296 ], [ -115.59814570197868, 36.194863359401396 ], [ -115.597907016836075, 36.194754042236667 ], [ -115.597740969292133, 36.194644717310815 ], [ -115.597429637304614, 36.194476530019081 ], [ -115.597325846873105, 36.19434196395413 ], [ -115.597149376350743, 36.193946661625674 ], [ -115.596848424827087, 36.193778471698742 ], [ -115.596661617067667, 36.193601858267947 ], [ -115.596474837268687, 36.1936018775599 ], [ -115.596298437640897, 36.193618717360522 ], [ -115.596163534411275, 36.193576675391959 ], [ -115.596049382639336, 36.193517809371635 ], [ -115.595976731252932, 36.19341688274411 ], [ -115.595914457708446, 36.193324366882422 ], [ -115.595841808115722, 36.193240262921528 ], [ -115.595789901050054, 36.193080457686683 ], [ -115.595789874357592, 36.192903823761455 ], [ -115.595748310828952, 36.192516918009076 ], [ -115.595530372487858, 36.192298249371127 ], [ -115.595322814009421, 36.192096403023804 ], [ -115.595219017119433, 36.19187772404797 ], [ -115.595260484095704, 36.191608565170995 ], [ -115.595343436767635, 36.191204823969734 ], [ -115.595301905694456, 36.191028194756434 ], [ -115.595177359306874, 36.190809517637675 ], [ -115.595135832418933, 36.190658121140835 ], [ -115.59518765692485, 36.190262794656107 ], [ -115.595270618378763, 36.189934754472752 ], [ -115.595498874434909, 36.18980015463265 ], [ -115.595841264320171, 36.189657133254222 ], [ -115.596084206706436, 36.189503923516341 ], [ -115.596121392521454, 36.189480472496115 ], [ -115.596266627762319, 36.189295413844803 ], [ -115.596287344802576, 36.189068312121577 ], [ -115.596422188381865, 36.188790731369863 ], [ -115.596349510281911, 36.188496349884701 ], [ -115.596152324974909, 36.188227214572677 ], [ -115.595955120402749, 36.187823501314654 ], [ -115.595778700623455, 36.187621651684189 ], [ -115.595467403134037, 36.187470281104382 ], [ -115.594886335059059, 36.187310524165532 ], [ -115.594471290625918, 36.187218038583765 ], [ -115.594128868429564, 36.187049845345534 ], [ -115.59385907426649, 36.186856411566104 ], [ -115.593589273149448, 36.18659568881656 ], [ -115.593319462752547, 36.186242443391109 ], [ -115.59307041535854, 36.185973306938912 ], [ -115.592668341104002, 36.185796703026028 ], [ -115.592481571602107, 36.185721015971993 ], [ -115.592302587109657, 36.185664253598517 ], [ -115.592139161285033, 36.185563330717372 ], [ -115.59205355134327, 36.185456095199029 ], [ -115.591851197966506, 36.185159616676486 ], [ -115.591664404513409, 36.184806362120327 ], [ -115.591469811432972, 36.1842575489975 ], [ -115.59123631796146, 36.183746587947006 ], [ -115.591166272706602, 36.1836267335473 ], [ -115.591080642588082, 36.183248239223637 ], [ -115.591080584513364, 36.182611097260413 ], [ -115.591049428187148, 36.182276757100247 ], [ -115.590963817090525, 36.182100128729566 ], [ -115.590691434802224, 36.181671177146413 ], [ -115.590426837547824, 36.181267458233819 ], [ -115.590278971125983, 36.180989898652697 ], [ -115.590224489447579, 36.180825884531004 ], [ -115.590037678598065, 36.18003735211623 ], [ -115.589975408384021, 36.179759788748221 ], [ -115.589858682583298, 36.179633627605163 ], [ -115.58967192534891, 36.179488544108764 ], [ -115.589360672700678, 36.179349774962986 ], [ -115.588963831556029, 36.179229933135161 ], [ -115.588473611257072, 36.178977619325316 ], [ -115.588302416009469, 36.178744216443135 ], [ -115.588302402986372, 36.178510808317981 ], [ -115.588310167931937, 36.178226932456752 ], [ -115.588341282547063, 36.178075531697893 ], [ -115.588341259111587, 36.177659181040887 ], [ -115.588372352742169, 36.17712297059856 ], [ -115.588271182523656, 36.176776016448329 ], [ -115.588177806798456, 36.176668777441954 ], [ -115.587921032734101, 36.176517385359311 ], [ -115.587679825292511, 36.176435385251857 ], [ -115.587244088520436, 36.176107363539224 ], [ -115.587034000805247, 36.175911809953227 ], [ -115.586753889794565, 36.175760416846707 ], [ -115.586598271781114, 36.175646869775136 ], [ -115.586427092875837, 36.175558556543521 ], [ -115.586294818372608, 36.175445009517567 ], [ -115.586139198257243, 36.17521160318163 ], [ -115.585913553948942, 36.17498450684883 ], [ -115.585695693414692, 36.174896193283097 ], [ -115.585431150815452, 36.174814188071956 ], [ -115.585034340525823, 36.17483311656266 ], [ -115.584886507968847, 36.174776342886993 ], [ -115.584614185621717, 36.174631252939975 ], [ -115.584100666623542, 36.174328453866998 ], [ -115.583999519084969, 36.174202286974761 ], [ -115.583664956957705, 36.17349575158228 ], [ -115.583517129495263, 36.173344351273322 ], [ -115.583268155806422, 36.173161408208962 ], [ -115.582949159624448, 36.172991080421241 ], [ -115.582676847233515, 36.172833368750474 ], [ -115.582427877356182, 36.172637806619207 ], [ -115.582241152232712, 36.172461170457566 ], [ -115.58211667024041, 36.17225299397262 ], [ -115.581937727540236, 36.172051123716528 ], [ -115.58161096173103, 36.171773550849117 ], [ -115.581237517266601, 36.171470742259558 ], [ -115.580910754894091, 36.171231016743263 ], [ -115.580622897233084, 36.170934516650775 ], [ -115.580265026480532, 36.17050553853587 ], [ -115.580062751890438, 36.170316282048503 ], [ -115.579681542620889, 36.169950384417071 ], [ -115.579564853481841, 36.169723279989356 ], [ -115.579533748473906, 36.169458328510935 ], [ -115.578825835618019, 36.168297564406998 ], [ -115.578413537618061, 36.167736103115537 ], [ -115.578281298029637, 36.167464838260393 ], [ -115.577728996800147, 36.166575333437407 ], [ -115.577156820794968, 36.165891756224759 ], [ -115.577706589548683, 36.165897277122234 ], [ -115.578200975547304, 36.165978964594302 ], [ -115.5782925260296, 36.166030936287306 ], [ -115.578429837146075, 36.166305624566078 ], [ -115.578640402885625, 36.166461534252846 ], [ -115.579784838609569, 36.166417037696867 ], [ -115.58011443000413, 36.16651355851964 ], [ -115.580929263735968, 36.166617515919384 ], [ -115.581918057412949, 36.166587842035085 ], [ -115.582635634677317, 36.166703368738794 ], [ -115.583026154301322, 36.166689384359422 ], [ -115.583357934135549, 36.166749168213386 ], [ -115.583575995488985, 36.166751747824208 ], [ -115.583771562729041, 36.166726160389011 ], [ -115.583921924761285, 36.166662789104102 ], [ -115.584220810017712, 36.166638369951059 ], [ -115.584415103418834, 36.166687220047898 ], [ -115.584642886992825, 36.166782964432485 ], [ -115.584871573126321, 36.166832221893181 ], [ -115.584975069465443, 36.166824142726526 ], [ -115.585090137870054, 36.166806904328858 ], [ -115.585250967288204, 36.16679945710586 ], [ -115.585605914662167, 36.166850195332941 ], [ -115.586111335102245, 36.166828265136289 ], [ -115.586352328920768, 36.166831111480676 ], [ -115.586455158272486, 36.166860226908412 ], [ -115.586569044813899, 36.16690812425923 ], [ -115.586682676493822, 36.166974616283738 ], [ -115.586808369447667, 36.167004002188364 ], [ -115.586980671324312, 36.166996732635177 ], [ -115.587280389678099, 36.166925824743451 ], [ -115.587441552873784, 36.166899825758556 ], [ -115.587574964517955, 36.166929093468696 ], [ -115.587910969518774, 36.166970514976505 ], [ -115.588230727785927, 36.167058035049841 ], [ -115.588801897519275, 36.167213669445232 ], [ -115.589076295972745, 36.167272750265788 ], [ -115.589271417776416, 36.16727505008906 ], [ -115.589525050039327, 36.167212889342046 ], [ -115.589640285180963, 36.167186345117678 ], [ -115.589766379462006, 36.167197134026608 ], [ -115.59005229308049, 36.167256349959082 ], [ -115.590396053029082, 36.167288299530952 ], [ -115.590637548445244, 36.167263241906888 ], [ -115.590718712812233, 36.167217653092941 ], [ -115.590754347724797, 36.167152922221391 ], [ -115.590709584666186, 36.167087244088037 ], [ -115.590630418341476, 36.167021162258671 ], [ -115.590585477292109, 36.166964785534297 ], [ -115.590666542139616, 36.166928481079026 ], [ -115.590884371633379, 36.166940402920581 ], [ -115.591033397896595, 36.166951451454693 ], [ -115.59123899043297, 36.167009727379622 ], [ -115.591433058795943, 36.167067858557644 ], [ -115.591570790083537, 36.167069479495019 ], [ -115.591732608703296, 36.167006177869929 ], [ -115.592056597829298, 36.166861090913393 ], [ -115.592574541888411, 36.166783432956443 ], [ -115.592781465028921, 36.166767267522779 ], [ -115.593216527983017, 36.166828183670113 ], [ -115.593490650567745, 36.166905904172026 ], [ -115.593627818172735, 36.166935417216017 ], [ -115.593742773737532, 36.166927463840175 ], [ -115.593881503695243, 36.16687324630994 ], [ -115.594134290071139, 36.166857617332184 ], [ -115.594306757555316, 36.16684099160527 ], [ -115.594456945837806, 36.166786952679395 ], [ -115.594654225355143, 36.166668270625415 ], [ -115.594769624518918, 36.166632375822537 ], [ -115.594849955322275, 36.166633318548101 ], [ -115.594871724963866, 36.166698725048853 ], [ -115.594868901462419, 36.166856940065088 ], [ -115.594901045404782, 36.166987618892726 ], [ -115.594969574606026, 36.167007021301245 ], [ -115.595209573584199, 36.167065684742738 ], [ -115.595665912262433, 36.167219938881729 ], [ -115.595986300576499, 36.167279553707004 ], [ -115.596215991356132, 36.167272943790756 ], [ -115.59644634642541, 36.167229092418047 ], [ -115.596687342951867, 36.167231917066523 ], [ -115.596835871642043, 36.167270907849911 ], [ -115.596938649869827, 36.167300014298867 ], [ -115.59709747932871, 36.167404276024442 ], [ -115.597404696899218, 36.167556775005636 ], [ -115.5976744339943, 36.167670142897542 ], [ -115.597759570232057, 36.167666020507596 ], [ -115.597792045302882, 36.167659846453276 ], [ -115.597976993859831, 36.167647237427218 ], [ -115.598322635177624, 36.167576830975015 ], [ -115.598542456535185, 36.167477059072802 ], [ -115.598668553610082, 36.167487828699443 ], [ -115.598862694223172, 36.167545957767786 ], [ -115.599058413384654, 36.167510990707079 ], [ -115.599324163932792, 36.167411700089282 ], [ -115.59961158607409, 36.167387170069389 ], [ -115.60014133025021, 36.16729096595958 ], [ -115.600301663749931, 36.167311484055851 ], [ -115.600539353138672, 36.167500421454484 ], [ -115.600620005507778, 36.167482712301855 ], [ -115.600668591891306, 36.167334380756579 ], [ -115.60075008222006, 36.167270183069199 ], [ -115.60095826154442, 36.167179564676857 ], [ -115.601050219937761, 36.167171290277793 ], [ -115.601266467123025, 36.1672762178979 ], [ -115.601426470451898, 36.167315336538856 ], [ -115.601541261132979, 36.167316677150794 ], [ -115.601692107181805, 36.167225334001643 ], [ -115.601775743270423, 36.16704016143597 ], [ -115.602030855070694, 36.166894241924872 ], [ -115.602215604908508, 36.166831248005359 ], [ -115.602467798027192, 36.166852791103686 ], [ -115.602822196551102, 36.166931381889604 ], [ -115.603335851826017, 36.167095623948491 ], [ -115.603563727406112, 36.167191335135513 ], [ -115.603949134936514, 36.167465728432802 ], [ -115.604119939381718, 36.167542228655527 ], [ -115.604371253719179, 36.167610310317862 ], [ -115.604451752160372, 36.167601945125178 ], [ -115.604498176619799, 36.167574530352439 ], [ -115.604499166847688, 36.167518694426008 ], [ -115.604367534091622, 36.167172808268369 ], [ -115.604370619074572, 36.166952284878477 ], [ -115.604406224005757, 36.166931262219286 ], [ -115.604440518647593, 36.166940956202168 ], [ -115.604835583468244, 36.167317869208823 ], [ -115.604903785806215, 36.167355913972401 ], [ -115.604951308533842, 36.167263362516628 ], [ -115.604921027849826, 36.167030315916861 ], [ -115.605073351938415, 36.166855290286314 ], [ -115.605109896849257, 36.166734708339575 ], [ -115.605238960484527, 36.166577963220476 ], [ -115.605471615891304, 36.166403819586733 ], [ -115.605846119323289, 36.165998687877334 ], [ -115.605903617289528, 36.165990053698039 ], [ -115.606208859514595, 36.166254212005846 ], [ -115.606545279287545, 36.166704881286513 ], [ -115.606682122255634, 36.166753019323323 ], [ -115.606915597249596, 36.166532336600113 ], [ -115.607008444285796, 36.166477569996268 ], [ -115.607539587556516, 36.166297600763109 ], [ -115.607702126330366, 36.166197135502877 ], [ -115.607852073567358, 36.166152335258168 ], [ -115.608195738743078, 36.166193581186398 ], [ -115.608276565232188, 36.166166564464405 ], [ -115.608578564563274, 36.165965329097737 ], [ -115.608868060932465, 36.165819793441166 ], [ -115.609075968446277, 36.165747701634125 ], [ -115.60922565105534, 36.165721548597084 ], [ -115.609397116131859, 36.165760789380926 ], [ -115.609500706639423, 36.165743340648362 ], [ -115.610136646996764, 36.165480819452867 ], [ -115.610458298969846, 36.165465955697279 ], [ -115.610595208849546, 36.165514043291708 ], [ -115.61072015398527, 36.165590001727026 ], [ -115.61078950693927, 36.165562851564708 ], [ -115.610871807080684, 36.165452102489056 ], [ -115.611069824926531, 36.165286902888219 ], [ -115.611519200273435, 36.165189715543036 ], [ -115.611564964806647, 36.165199549060297 ], [ -115.611586923630256, 36.16525565109702 ], [ -115.611571350790825, 36.165488174066276 ], [ -115.611639554777838, 36.165526160032584 ], [ -115.611720376082062, 36.165499196856224 ], [ -115.611917736371751, 36.165371192827848 ], [ -115.612105003403556, 36.165168607002691 ], [ -115.612140717597612, 36.165094575387648 ], [ -115.612041709265313, 36.164851422193152 ], [ -115.612042856394055, 36.164786284655591 ], [ -115.612101009690619, 36.16474041355125 ], [ -115.612609265783732, 36.164560146733415 ], [ -115.613091736788746, 36.164537845738394 ], [ -115.613644694329025, 36.164423242593408 ], [ -115.613897482195853, 36.164407517751087 ], [ -115.614023412185503, 36.164427627683764 ], [ -115.614138636059977, 36.164401015650228 ], [ -115.614266039861647, 36.164337339682952 ], [ -115.614876064142294, 36.164242052077761 ], [ -115.61500226684538, 36.164243512918119 ], [ -115.615116563039606, 36.164272726990028 ], [ -115.615560378426423, 36.164491912633444 ], [ -115.615686241172455, 36.164512019034696 ], [ -115.615881698312663, 36.164495627384099 ], [ -115.616171328660698, 36.16434078145943 ], [ -115.616869362122102, 36.163808987843474 ], [ -115.617613095880301, 36.163287076272269 ], [ -115.617948876787523, 36.163123400950148 ], [ -115.618249219744854, 36.163015217356538 ], [ -115.618320133237305, 36.162895037760038 ], [ -115.618345904965921, 36.162737085672056 ], [ -115.61866096865829, 36.162442921510667 ], [ -115.619008801163943, 36.16224212392877 ], [ -115.619201285639889, 36.162223681731092 ], [ -115.619747373667167, 36.162104427667373 ], [ -115.62019175620911, 36.162199917153671 ], [ -115.620567693168368, 36.162362507374795 ], [ -115.620871831841683, 36.162691757275645 ], [ -115.621166783803744, 36.162890609321757 ], [ -115.621417284354251, 36.163005198910191 ], [ -115.621586796801822, 36.163156050412574 ], [ -115.62176637923929, 36.163390821721556 ], [ -115.621821757766199, 36.163503154620962 ], [ -115.621901110085346, 36.163559924358886 ], [ -115.622084114088253, 36.163599226261852 ], [ -115.622302160148379, 36.163601736217643 ], [ -115.622644781065389, 36.163698775961194 ], [ -115.62312545538839, 36.163778761150184 ], [ -115.62330920860667, 36.163771570718851 ], [ -115.623654325196483, 36.163728994590748 ], [ -115.624011507791195, 36.163649351763205 ], [ -115.625127465332838, 36.163503915638735 ], [ -115.625680573146383, 36.163379964268195 ], [ -115.626135838133536, 36.163324069037941 ], [ -115.626279471950937, 36.163285933727266 ], [ -115.627328373510935, 36.162867383519078 ], [ -115.627578326180512, 36.162823912031406 ], [ -115.629211804708191, 36.162726686140076 ], [ -115.62940684746188, 36.162788543712473 ], [ -115.629503606155126, 36.162859193658669 ], [ -115.629683966023237, 36.162940770619777 ], [ -115.62985114943308, 36.162959217703381 ], [ -115.630137551194167, 36.162929373568375 ], [ -115.630540039869274, 36.162804812318583 ], [ -115.630951827465708, 36.162614077602299 ], [ -115.631158666518729, 36.162580013447375 ], [ -115.63131487747971, 36.162525483182115 ], [ -115.631496474950751, 36.162414979662529 ], [ -115.631724375297566, 36.162232110491473 ], [ -115.631977353013923, 36.16200973560251 ], [ -115.632264577620816, 36.161701675426855 ], [ -115.632431785675962, 36.16159757012629 ], [ -115.632579435553637, 36.161562835234477 ], [ -115.632856600500915, 36.161599113524986 ], [ -115.633383517614845, 36.16183370457054 ], [ -115.633570568192283, 36.161882176982886 ], [ -115.633713402677287, 36.161890478246704 ], [ -115.634186078827142, 36.161836191781838 ], [ -115.634746250302399, 36.161802852387339 ], [ -115.635255481341233, 36.161646380440317 ], [ -115.635748949762672, 36.161572492601877 ], [ -115.635916364159769, 36.161574400259056 ], [ -115.636991659660296, 36.161481758660287 ], [ -115.638527090416261, 36.161463638541093 ], [ -115.639217746209027, 36.161529718390973 ], [ -115.639607196408818, 36.161605282044185 ], [ -115.639774767454767, 36.161597477165614 ], [ -115.640360784114975, 36.161720535574673 ], [ -115.640754853184163, 36.161757356982434 ], [ -115.641464656682558, 36.16175569515211 ], [ -115.64209194098207, 36.161798358492632 ], [ -115.644067539434531, 36.16203418170609 ], [ -115.644498968241507, 36.162106959414032 ], [ -115.645018296124476, 36.162280958883976 ], [ -115.645236728255171, 36.162331950503727 ], [ -115.645618765551049, 36.162371819310671 ], [ -115.645868199291016, 36.162361722188727 ], [ -115.646453463768964, 36.162180792796974 ], [ -115.647044558218084, 36.161890033242969 ], [ -115.647575942492679, 36.161711690009312 ], [ -115.647887705826832, 36.161669955730055 ], [ -115.648230161019484, 36.161696451116221 ], [ -115.648397175477513, 36.161720964339658 ], [ -115.648557767380041, 36.161774496562799 ], [ -115.649245368611474, 36.162134725714196 ], [ -115.649362339632333, 36.162288047171863 ], [ -115.649500868662656, 36.16258058786898 ], [ -115.649641340450501, 36.162760011545423 ], [ -115.649784798995071, 36.162884486155853 ], [ -115.650061597213536, 36.163016928537814 ], [ -115.650277310624375, 36.163226290979487 ], [ -115.650723070473063, 36.163858590215767 ], [ -115.650829296112818, 36.164173445655472 ], [ -115.650895694354404, 36.164255004749002 ], [ -115.651037454913379, 36.164360085385432 ], [ -115.651907182249062, 36.164683497728483 ], [ -115.652088970695416, 36.164776119086 ], [ -115.652893432348719, 36.165302500438663 ], [ -115.65309714550807, 36.165398521798323 ], [ -115.653311358018172, 36.165462415075183 ], [ -115.653938503656406, 36.165631079591414 ], [ -115.654304380352229, 36.165690157761354 ], [ -115.655037014173487, 36.165636963759724 ], [ -115.655785665703362, 36.165693891718888 ], [ -115.65756825071982, 36.16544874489891 ], [ -115.65773259750118, 36.165398869145186 ], [ -115.658002303743928, 36.165249944789565 ], [ -115.658220201019361, 36.165097175426069 ], [ -115.65855406791934, 36.16469353677855 ], [ -115.658754177667504, 36.164534059152224 ], [ -115.658911277998953, 36.164442098861684 ], [ -115.659103687199575, 36.164382825544607 ], [ -115.659327128255484, 36.164372356189297 ], [ -115.659474388437218, 36.164390177819605 ], [ -115.659573805969529, 36.164404263819037 ], [ -115.659672567015051, 36.164460288861711 ], [ -115.659996783907587, 36.16497159045965 ], [ -115.660075272785406, 36.165046816857242 ], [ -115.660134711272477, 36.165070109402038 ], [ -115.660234394193665, 36.16506802434121 ], [ -115.661604834875334, 36.164320241650415 ], [ -115.661801320042173, 36.164257800461343 ], [ -115.662132742472664, 36.164229167314652 ], [ -115.662405516694292, 36.164135187253748 ], [ -115.662558754185184, 36.164033460819859 ], [ -115.662789608848456, 36.163822608743807 ], [ -115.663171402262407, 36.163529431130144 ], [ -115.663417302490728, 36.163370510197318 ], [ -115.663831709325009, 36.163152040689667 ], [ -115.664967016908932, 36.16263120671416 ], [ -115.66532127627876, 36.162431435130365 ], [ -115.665445687167548, 36.162384312210563 ], [ -115.666080015947273, 36.162245887851505 ], [ -115.666449869763625, 36.162068968375273 ], [ -115.666742506848948, 36.161975198101999 ], [ -115.667447473360156, 36.161905446830779 ], [ -115.667903731557757, 36.16180383081614 ], [ -115.668090857506968, 36.161818831557277 ], [ -115.668364120621334, 36.161928610528385 ], [ -115.668539659971444, 36.161924054048932 ], [ -115.66887579285158, 36.161737042685331 ], [ -115.669080430969643, 36.161658506163512 ], [ -115.669412809436096, 36.161338821629251 ], [ -115.669569018026522, 36.161298557696213 ], [ -115.669776411888179, 36.161294406543988 ], [ -115.670000934591087, 36.161219299883058 ], [ -115.670175913263648, 36.161130669202869 ], [ -115.670301083130354, 36.161038339167533 ], [ -115.670407339041972, 36.160884308297284 ], [ -115.670482665081778, 36.160671712858566 ], [ -115.670589324498323, 36.160498320524901 ], [ -115.670666316793955, 36.160424774847584 ], [ -115.670811184033866, 36.160342326358673 ], [ -115.671174984352078, 36.160168524979611 ], [ -115.671526034366664, 36.159923443742827 ], [ -115.672841674504141, 36.158631754016717 ], [ -115.67325396868911, 36.158180476647452 ], [ -115.67335696476988, 36.157981097040192 ], [ -115.673445240926682, 36.157710514146736 ], [ -115.673714725072685, 36.157215543556717 ], [ -115.674269565131226, 36.156348680164719 ], [ -115.674354462421675, 36.156278481642396 ], [ -115.674880750779536, 36.156045038848248 ], [ -115.67521247050567, 36.155757721346866 ], [ -115.67618674352515, 36.154724120448954 ], [ -115.676331179813445, 36.154431474757786 ], [ -115.676441166036795, 36.154293659865033 ], [ -115.676744988825291, 36.154009230201737 ], [ -115.677576266352006, 36.153533421622122 ], [ -115.677781960888098, 36.153390208331096 ], [ -115.677996545886785, 36.153195309314704 ], [ -115.67848234347386, 36.152874146074517 ], [ -115.678587878296582, 36.152762109217186 ], [ -115.678812706472456, 36.152434800024096 ], [ -115.679022703565565, 36.151916524555446 ], [ -115.679110137007683, 36.151455132296583 ], [ -115.679187666286282, 36.151352495264888 ], [ -115.679609812620185, 36.151137317880114 ], [ -115.679900428017291, 36.151046746954869 ], [ -115.680334293421794, 36.150851061941225 ], [ -115.68061239664101, 36.150669830273706 ], [ -115.681325528098583, 36.150102119044995 ], [ -115.681615767665903, 36.149911309524263 ], [ -115.682426107975772, 36.149613077003671 ], [ -115.683369505854387, 36.149342128325955 ], [ -115.683834006608564, 36.149217914109343 ], [ -115.684691972782275, 36.149049500720999 ], [ -115.685583728464522, 36.148765058321409 ], [ -115.685843632772077, 36.148719392327557 ], [ -115.685955329830833, 36.148714163304625 ], [ -115.68626514907541, 36.148785499824001 ], [ -115.687754991181876, 36.148976423052204 ], [ -115.687956283986097, 36.149095031998101 ], [ -115.687990599245609, 36.149192383366938 ], [ -115.687962398635577, 36.149447516612213 ], [ -115.688032444746739, 36.149548514251229 ], [ -115.688084073364209, 36.149562052989104 ], [ -115.68843479600055, 36.149449482767793 ], [ -115.688733094262432, 36.14925229011412 ], [ -115.689146657921384, 36.149075723780129 ], [ -115.689876952706356, 36.14866986835046 ], [ -115.690041621144502, 36.148597268816687 ], [ -115.690141619467553, 36.148578988969369 ], [ -115.690750724669712, 36.148630906814894 ], [ -115.69123390591426, 36.148704081072566 ], [ -115.691421543275865, 36.148686758065153 ], [ -115.691532864109774, 36.148704147978066 ], [ -115.691899848635629, 36.148931254268319 ], [ -115.692027109272516, 36.148952018272219 ], [ -115.692159644216133, 36.148892036150627 ], [ -115.692301607001113, 36.148744838117679 ], [ -115.6924377787509, 36.148707524864832 ], [ -115.693273162976709, 36.148939785049272 ], [ -115.693734806389571, 36.14898683269098 ], [ -115.694510442716577, 36.148972653969821 ], [ -115.694885730571173, 36.148941198838138 ], [ -115.695722517449596, 36.148846832626568 ], [ -115.696106297333671, 36.148783119530719 ], [ -115.696186514846246, 36.148751655271084 ], [ -115.696340279013327, 36.148614289071524 ], [ -115.696640318025601, 36.148071131944441 ], [ -115.697004056927852, 36.147651479096787 ], [ -115.697281426387804, 36.147512256183759 ], [ -115.69766637365656, 36.147377412663737 ], [ -115.698344568837214, 36.146987049182883 ], [ -115.698757256595471, 36.146862221622058 ], [ -115.69919526658974, 36.146650337615235 ], [ -115.699325126923839, 36.146512718320118 ], [ -115.6994735334236, 36.146097218353169 ], [ -115.699555602006029, 36.145952623702314 ], [ -115.699674027021643, 36.145782522770133 ], [ -115.699795275177195, 36.145680355344098 ], [ -115.70079154072765, 36.145342003199147 ], [ -115.701752498556615, 36.144964414533831 ], [ -115.702393948495072, 36.144745014895221 ], [ -115.702880417367695, 36.144617708769893 ], [ -115.703160077095433, 36.144581927802889 ], [ -115.704107089793297, 36.144323826350004 ], [ -115.70436302592654, 36.144278085257184 ], [ -115.705032503427788, 36.144049311016126 ], [ -115.705346518503688, 36.143981558472184 ], [ -115.705858054097916, 36.143906285369674 ], [ -115.707337009916387, 36.14378317339429 ], [ -115.708261880645665, 36.143906346635411 ], [ -115.708484888199962, 36.143918470833952 ], [ -115.70971459082584, 36.143682747036507 ], [ -115.710181496908419, 36.143652175888008 ], [ -115.712374867269858, 36.143601432419835 ], [ -115.712737142468583, 36.143631209083438 ], [ -115.713273817726659, 36.143721043627387 ], [ -115.714482365668417, 36.144050897037744 ], [ -115.715027728020118, 36.144095551289702 ], [ -115.716205848122698, 36.144088758789344 ], [ -115.716650787125573, 36.144061235838528 ], [ -115.717010435747611, 36.14400686045969 ], [ -115.7177122646372, 36.143749223716803 ], [ -115.717912234823217, 36.143709354877252 ], [ -115.71835326397246, 36.143675273817188 ], [ -115.719115007142975, 36.143654340881078 ], [ -115.719425733852461, 36.143670574556353 ], [ -115.720545898712771, 36.143795705759374 ], [ -115.720795700953559, 36.143875976991161 ], [ -115.721258766268861, 36.144207505516896 ], [ -115.721508568317404, 36.14428777526426 ], [ -115.72166257007332, 36.144379940340627 ], [ -115.721809929021205, 36.144633702928573 ], [ -115.721893858239966, 36.144867406738335 ], [ -115.722232095094, 36.145520936762907 ], [ -115.72231788922933, 36.145761114926756 ], [ -115.722349004215914, 36.145806765582805 ], [ -115.722491397389319, 36.145876168642395 ], [ -115.722619016789011, 36.145874276799134 ], [ -115.72284745978871, 36.145799110103873 ], [ -115.723837610863953, 36.145706226643306 ], [ -115.725490133064127, 36.145333010383382 ], [ -115.725862749253878, 36.145216911749522 ], [ -115.725958515416181, 36.145211474997275 ], [ -115.726268922159491, 36.145243859973277 ], [ -115.726801198109342, 36.145362679507706 ], [ -115.728025732552936, 36.145689303009995 ], [ -115.728191671125558, 36.145784840583261 ], [ -115.728245477006197, 36.145908279919141 ], [ -115.728235694306122, 36.146021379434821 ], [ -115.728099841444944, 36.146288291169462 ], [ -115.728075721593996, 36.146918582072907 ], [ -115.728101790520427, 36.147032008818769 ], [ -115.728132284679006, 36.147116389932549 ], [ -115.728482452169331, 36.1475761390614 ], [ -115.729816859238596, 36.146879393624488 ], [ -115.73133796766345, 36.145959646583087 ], [ -115.731704623288849, 36.145786870654092 ], [ -115.734232946741429, 36.144791413723233 ], [ -115.736800443106219, 36.143743325334576 ], [ -115.737418038908615, 36.143507546269525 ], [ -115.739067638818611, 36.142975830999802 ], [ -115.744059947624891, 36.141105527755244 ], [ -115.745997158580138, 36.140472277746461 ], [ -115.748022649473555, 36.139768038196642 ], [ -115.749664183904272, 36.13921437893864 ], [ -115.750979991285163, 36.138688726045856 ], [ -115.756350165243859, 36.136728544835734 ], [ -115.758489113092693, 36.13599808108863 ], [ -115.75912597517619, 36.13571125230267 ], [ -115.759706007374092, 36.13550859057657 ], [ -115.760016688609596, 36.135377797851604 ], [ -115.760725136358744, 36.134662016766121 ], [ -115.761919413041213, 36.133224341740679 ], [ -115.762285732614899, 36.132957471086236 ], [ -115.763166708962103, 36.13258564681734 ], [ -115.76447161616791, 36.13209177033184 ], [ -115.765714297655293, 36.131589566386452 ], [ -115.766366527586925, 36.131252224308305 ], [ -115.766966857953747, 36.130885528804697 ], [ -115.769102927936387, 36.129040742073521 ], [ -115.769630754721263, 36.128707780407538 ], [ -115.772271147050475, 36.127857318417384 ], [ -115.77526504262427, 36.126975089572994 ], [ -115.777597402313518, 36.126454493986174 ], [ -115.778823228665857, 36.126136863639161 ], [ -115.780081531523194, 36.125739591775698 ], [ -115.781147911465993, 36.125275356126977 ], [ -115.781877978022038, 36.125026090577769 ], [ -115.782199103682814, 36.124958287014579 ], [ -115.782660275142774, 36.124940700849272 ], [ -115.783017940314849, 36.124977941079884 ], [ -115.783339394781407, 36.125040467882556 ], [ -115.784038957043236, 36.125026680379221 ], [ -115.785235835036431, 36.124944779615141 ], [ -115.786930416379889, 36.124946105396248 ], [ -115.788638790022333, 36.124900743959984 ], [ -115.790858995019491, 36.124740244586896 ], [ -115.793754426853113, 36.12459372172853 ], [ -115.796153306954366, 36.12442129751377 ], [ -115.799252579032739, 36.124546064716711 ], [ -115.799905493852179, 36.124532268928178 ], [ -115.801479471144134, 36.124024887577782 ], [ -115.803691538003463, 36.123772771796467 ], [ -115.805484220843624, 36.123655933091783 ], [ -115.807727703319301, 36.123525609002755 ], [ -115.813437645399659, 36.123275096252421 ], [ -115.814730901147854, 36.123168927524446 ], [ -115.81573252621719, 36.123009985524909 ], [ -115.817120689446156, 36.122797060740744 ], [ -115.819480460531338, 36.122987303452689 ], [ -115.820890220462388, 36.123047170287052 ], [ -115.82160461441228, 36.123030081166924 ], [ -115.825117306692107, 36.12250604363971 ], [ -115.826727007926792, 36.12240788944402 ], [ -115.828037830701646, 36.122333738100522 ], [ -115.829275957568541, 36.122213474711778 ], [ -115.829935960515655, 36.122186857913498 ], [ -115.830040141590743, 36.122182656223963 ], [ -115.830473112817216, 36.122248841482467 ], [ -115.832628833262817, 36.12258459529891 ], [ -115.83517818234732, 36.122751572928458 ], [ -115.837356455499531, 36.122755731483373 ], [ -115.838701563584948, 36.122579598616525 ], [ -115.841826352291861, 36.122081863335161 ], [ -115.845302960662977, 36.121927139247262 ], [ -115.84690723898872, 36.122358115514693 ], [ -115.84872650516246, 36.122639213209006 ], [ -115.849049700091584, 36.122600338409043 ], [ -115.849313797875197, 36.122444728835383 ], [ -115.849387514014794, 36.122489817033738 ], [ -115.84960159701906, 36.122620340859932 ], [ -115.849817035938599, 36.122753130787643 ], [ -115.850033897778758, 36.122883680081209 ], [ -115.850252811028085, 36.123016502920322 ], [ -115.850390508771795, 36.123098961170399 ], [ -115.850560329002803, 36.123200655388274 ], [ -115.850562915688897, 36.123312011656452 ], [ -115.850568895626537, 36.123569502348424 ], [ -115.85057487672573, 36.12382699482901 ], [ -115.850581517403455, 36.124112921425841 ], [ -115.850585193995713, 36.124271191413627 ], [ -115.850665912096829, 36.127746216438858 ], [ -115.850750314543504, 36.131379509158009 ], [ -115.850792880484633, 36.135116615589688 ], [ -115.850835451603771, 36.138853719656026 ], [ -115.850878026790994, 36.14259082135947 ], [ -115.850920608269803, 36.146327920694908 ], [ -115.851006533844867, 36.150112799107298 ], [ -115.851092468853111, 36.153897674129446 ], [ -115.851178413303131, 36.157682547563866 ], [ -115.85126105867991, 36.161321700346235 ], [ -115.851273151111698, 36.164979815903735 ], [ -115.851285245754809, 36.168637928316912 ], [ -115.85129734372731, 36.172296039385778 ], [ -115.851309442803441, 36.17595414821394 ], [ -115.85132154520376, 36.179612253895044 ], [ -115.851333648711474, 36.183270358236534 ], [ -115.851345754435556, 36.186928460334549 ], [ -115.851357863485248, 36.190586559285208 ], [ -115.869211441029933, 36.190489698906511 ], [ -115.886392528867361, 36.190393973509707 ], [ -115.895704118107616, 36.190341062505581 ], [ -115.895664695225733, 36.205019725771024 ], [ -115.895625276767618, 36.219698878526657 ], [ -115.895588290322209, 36.233473795047445 ], [ -115.895585861666703, 36.234378534285028 ], [ -115.895556302444518, 36.245389107145513 ], [ -115.895554390439287, 36.246101585938753 ], [ -115.895546452186807, 36.24905870474732 ], [ -115.89550713465816, 36.263589491577704 ], [ -115.895494467328632, 36.268271914257575 ], [ -115.895467017414404, 36.278419798489296 ], [ -115.895463534229108, 36.279707400924423 ], [ -115.895457048763845, 36.282105420861619 ], [ -115.895447079348457, 36.285791040963069 ], [ -115.895437111394415, 36.289476658787706 ], [ -115.895427143788481, 36.293162274338357 ], [ -115.895387806697002, 36.307708027592547 ], [ -115.895348627642235, 36.322197346835495 ], [ -115.895338698408111, 36.325869450022651 ], [ -115.895328770631934, 36.329541550948647 ], [ -115.895318843199803, 36.33321364961629 ], [ -115.895308914994089, 36.336885745127155 ], [ -115.89527306041991, 36.350149092698125 ], [ -115.895233775626977, 36.364683251922031 ], [ -115.895195657938899, 36.378787787666681 ], [ -115.895157966952624, 36.392735865529204 ], [ -115.895119537906098, 36.4069590726005 ], [ -115.895109181802326, 36.410792334350063 ], [ -115.895098826066658, 36.414625592735227 ], [ -115.895088469587336, 36.41845884866008 ], [ -115.895078115709595, 36.422292102115783 ], [ -115.895077363104377, 36.422570408632623 ], [ -115.895126086322477, 36.435999775279868 ], [ -115.895177795581489, 36.450241770821187 ], [ -115.895234435066598, 36.465829687562355 ], [ -115.895281673713924, 36.478820961728999 ], [ -115.895334250738657, 36.493269731122986 ], [ -115.895347929577298, 36.497027198806229 ], [ -115.895361605645206, 36.500784657415174 ], [ -115.895375258279543, 36.504542087177128 ], [ -115.895388913575474, 36.508299515462703 ], [ -115.895384477137455, 36.52407405365053 ], [ -115.895382198896527, 36.532206569077623 ], [ -115.89538037949788, 36.538716115645478 ], [ -115.895376349196212, 36.553181009720674 ], [ -115.895372134111639, 36.568380881010668 ], [ -115.89536897011304, 36.57983852240708 ], [ -115.895368879152542, 36.580166297601274 ], [ -115.895368660013133, 36.580966089612282 ], [ -115.895368498423579, 36.581552151511652 ], [ -115.895368336853252, 36.58213821064971 ], [ -115.895368062811087, 36.58313008935621 ], [ -115.89536586676698, 36.591118469306025 ], [ -115.895357928954667, 36.594374066025544 ], [ -115.895348692374384, 36.598162512234538 ], [ -115.887362352922025, 36.598107799753798 ], [ -115.880822766287991, 36.598014735700779 ], [ -115.862817423974718, 36.597839750025976 ], [ -115.850811082025146, 36.597764081274292 ], [ -115.826622569547951, 36.597701555745864 ], [ -115.790927668771999, 36.597560364023401 ], [ -115.772737504497883, 36.597363693447704 ], [ -115.740281311559372, 36.596745493859913 ], [ -115.725981013405772, 36.596211451001651 ], [ -115.707421420344915, 36.595624096133314 ], [ -115.693471817668993, 36.595634129414215 ], [ -115.693474650766547, 36.595890157143494 ], [ -115.69347663396853, 36.598130155310464 ], [ -115.690249150249585, 36.598146079416686 ], [ -115.689463517198789, 36.598149941666627 ], [ -115.685563669583416, 36.598169040511046 ], [ -115.685562670909221, 36.598143040790269 ], [ -115.685515683048479, 36.596501041430884 ], [ -115.685498683378555, 36.596502040804872 ], [ -115.681381946475227, 36.596508705742409 ], [ -115.68121170340261, 36.596508978384847 ], [ -115.68119970304295, 36.596509977618958 ], [ -115.681215675017768, 36.599932977755337 ], [ -115.681199675452049, 36.599937977183984 ], [ -115.681069151630282, 36.599963672912097 ], [ -115.679472680853564, 36.600277951925705 ], [ -115.678856857680401, 36.599787787348539 ], [ -115.67640471429236, 36.597835908380446 ], [ -115.675685354600688, 36.596790275412616 ] ] ] } },
{ "type": "Feature", "properties": { "COMMISSION": "D", "NAME": "D - William McCurdy, II (D)", "Shape_Leng": 203152.64481200001, "Shape_Area": 1366445659.97 }, "geometry": { "type": "Polygon", "coordinates": [ [ [ -115.150188210153871, 36.283941129899603 ], [ -115.149937617171901, 36.28374850388736 ], [ -115.14938426767408, 36.2838699962278 ], [ -115.149261855387351, 36.283892442066566 ], [ -115.14913941472318, 36.28390734584449 ], [ -115.149014262227197, 36.283915032198735 ], [ -115.144492239898497, 36.28384177844319 ], [ -115.144058421749619, 36.283834741207471 ], [ -115.13951143833755, 36.283755620529156 ], [ -115.138291843925373, 36.283732691193805 ], [ -115.137237936289424, 36.283714336973567 ], [ -115.134964465983415, 36.283676326084645 ], [ -115.132704381696584, 36.28367511492651 ], [ -115.130438164590714, 36.283673417859013 ], [ -115.13043716494559, 36.283673417682621 ], [ -115.128516686003863, 36.283672386816434 ], [ -115.128480282529722, 36.283672366584348 ], [ -115.128398917386278, 36.283672322407753 ], [ -115.124344110778253, 36.283669456455577 ], [ -115.121386818522083, 36.283667279712262 ], [ -115.121405526164352, 36.281681716216873 ], [ -115.121426502063258, 36.27945518791357 ], [ -115.121441199598337, 36.277894909483507 ], [ -115.121450243222924, 36.27635739929255 ], [ -115.12134846320339, 36.2763574770471 ], [ -115.121195454237636, 36.276357594010712 ], [ -115.119224651537721, 36.276359082999065 ], [ -115.116953532544144, 36.276360757933766 ], [ -115.116952723327316, 36.276360758386467 ], [ -115.116955101267166, 36.276018317723334 ], [ -115.116955608017662, 36.275938653578812 ], [ -115.116965706471248, 36.274491427766208 ], [ -115.116975207723797, 36.273123440935464 ], [ -115.116978435924324, 36.272658530408691 ], [ -115.1169785077727, 36.272648147130354 ], [ -115.1169914114937, 36.270790099876415 ], [ -115.116992412676112, 36.270645881234564 ], [ -115.117004144121267, 36.268956304632496 ], [ -115.117009647769294, 36.26802907665391 ], [ -115.11701637344521, 36.267079184469836 ], [ -115.117017445407555, 36.266927721580672 ], [ -115.117029303250007, 36.26525303436064 ], [ -115.117029439185714, 36.265233750342837 ], [ -115.11702944382867, 36.265233157322996 ], [ -115.117034157276976, 36.264567329264679 ], [ -115.117046631312277, 36.262805165251009 ], [ -115.117046827220662, 36.262777485192345 ], [ -115.117054555311995, 36.261685818479108 ], [ -115.117054566854634, 36.26168425301119 ], [ -115.117055517675198, 36.261549921830763 ], [ -115.117054076448923, 36.261414922499647 ], [ -115.117033063779402, 36.259447143813027 ], [ -115.117020504450792, 36.258270934542011 ], [ -115.117016984527652, 36.257941275182205 ], [ -115.117016620025339, 36.257907157818323 ], [ -115.117016492110096, 36.257895180283029 ], [ -115.117013875663858, 36.257650066679233 ], [ -115.117005744113726, 36.256888480491227 ], [ -115.116978911670245, 36.254375429699337 ], [ -115.116978246243761, 36.254313158915302 ], [ -115.116977738367396, 36.254265551588382 ], [ -115.116977726117199, 36.254264431255763 ], [ -115.116976561727881, 36.2541556734624 ], [ -115.116958230803405, 36.252443824475243 ], [ -115.116958079914539, 36.25242972523737 ], [ -115.11693909388687, 36.250656745988756 ], [ -115.116938722712121, 36.250622072470222 ], [ -115.116923560558732, 36.249206842643133 ], [ -115.11691577953215, 36.248480928434667 ], [ -115.116901151811177, 36.24711610850796 ], [ -115.116899676125186, 36.24697884314503 ], [ -115.116897866901127, 36.246868884378493 ], [ -115.116839231234067, 36.24331444968076 ], [ -115.116839062669428, 36.243304241114608 ], [ -115.116817586353264, 36.242002297349302 ], [ -115.116813954937427, 36.241782179495949 ], [ -115.116784082132526, 36.239971185010944 ], [ -115.116783265756524, 36.239921691557534 ], [ -115.116781989729674, 36.239844315166842 ], [ -115.114596149792092, 36.239857872672154 ], [ -115.113586727915688, 36.239917100047307 ], [ -115.113137177042603, 36.23995516848921 ], [ -115.11238987875474, 36.240011428493048 ], [ -115.112287530655493, 36.240019132903157 ], [ -115.11228604763491, 36.240019127068614 ], [ -115.112177500513809, 36.240024195082462 ], [ -115.11215250562374, 36.240022137335664 ], [ -115.111873654240242, 36.240035333956016 ], [ -115.111578393255385, 36.240049307067714 ], [ -115.111311062573662, 36.240060615421584 ], [ -115.107089811837511, 36.240120818100721 ], [ -115.106769639422339, 36.24012339710859 ], [ -115.104386851998285, 36.240159483965655 ], [ -115.103503964741137, 36.240169973757588 ], [ -115.102130538654691, 36.240183771611775 ], [ -115.102051223411181, 36.240184681253346 ], [ -115.101911295471226, 36.240184467486031 ], [ -115.101758025201775, 36.240183769978636 ], [ -115.101646744026525, 36.240185689992224 ], [ -115.101635501280924, 36.240185724072894 ], [ -115.101021748958416, 36.240198762452394 ], [ -115.100943124458411, 36.240200600658632 ], [ -115.099754322475377, 36.240224110632603 ], [ -115.098967427835291, 36.240225589404652 ], [ -115.097265994890805, 36.240241212539708 ], [ -115.094843348322598, 36.240272806070891 ], [ -115.092305701656954, 36.240305394897845 ], [ -115.089188055635091, 36.240349799313051 ], [ -115.086071378142535, 36.240396612221502 ], [ -115.084295885504318, 36.240400213166147 ], [ -115.081185959240173, 36.240440778384638 ], [ -115.080659040884584, 36.240444061418877 ], [ -115.080313966771485, 36.240448106289946 ], [ -115.080170695536751, 36.24044750424919 ], [ -115.079998154023968, 36.240452043361699 ], [ -115.080002781622994, 36.239992017828847 ], [ -115.080029396795823, 36.238736483909967 ], [ -115.080036742148138, 36.238389995866804 ], [ -115.080061938274781, 36.237201370323177 ], [ -115.0800799906404, 36.236349407805236 ], [ -115.080085177937704, 36.236104574131737 ], [ -115.080157606989729, 36.232686052421769 ], [ -115.080151973355356, 36.231312449612155 ], [ -115.080151617033877, 36.231225466328453 ], [ -115.080143817978822, 36.230118272984313 ], [ -115.080138041651225, 36.229298376055496 ], [ -115.080135531452314, 36.228941977002457 ], [ -115.080132339853648, 36.228430879920708 ], [ -115.080121243968662, 36.226725839982322 ], [ -115.080121480570298, 36.225715271823134 ], [ -115.080121376280744, 36.225705673628184 ], [ -115.080118698186311, 36.225456632623562 ], [ -115.080115883754615, 36.2251950082305 ], [ -115.080110538090153, 36.22378210989757 ], [ -115.080105105116317, 36.222753951414525 ], [ -115.080099670891556, 36.221726332619276 ], [ -115.080097394374022, 36.221456444657797 ], [ -115.080091041081999, 36.219633788076713 ], [ -115.080081826721994, 36.217840864884785 ], [ -115.08008156518099, 36.217783550259171 ], [ -115.080081179779157, 36.217704926063597 ], [ -115.080081662355127, 36.217623629603594 ], [ -115.08008189644454, 36.217596616412592 ], [ -115.080082151041239, 36.217567442029484 ], [ -115.08010657606421, 36.21585528394175 ], [ -115.080106660986644, 36.215849314193989 ], [ -115.080129709610873, 36.214005107186757 ], [ -115.080168953295896, 36.211232555353774 ], [ -115.080182331889532, 36.2103077628012 ], [ -115.08017473269183, 36.206691600544801 ], [ -115.080171961236701, 36.20521330149537 ], [ -115.080170165699798, 36.204255358068153 ], [ -115.080167971386118, 36.203085234811766 ], [ -115.082451854827241, 36.203111075499812 ], [ -115.084729261378868, 36.203121979832154 ], [ -115.087008876047037, 36.203138550613076 ], [ -115.087009746407816, 36.203098778663247 ], [ -115.086989396867011, 36.20078424083183 ], [ -115.086977070497909, 36.199380407152091 ], [ -115.086923360070131, 36.195660417584733 ], [ -115.086855657955283, 36.19202561781799 ], [ -115.08684439491131, 36.191151084939932 ], [ -115.086802109204868, 36.189153564417026 ], [ -115.086797088724367, 36.188389514381427 ], [ -115.087946677678246, 36.188368333358973 ], [ -115.088490236255467, 36.188358314478258 ], [ -115.089101155220661, 36.188346912708603 ], [ -115.089150344658123, 36.188345754710575 ], [ -115.089199335912298, 36.18834446338537 ], [ -115.091380192956819, 36.188296865251814 ], [ -115.091451755861641, 36.188295704459449 ], [ -115.091734416943439, 36.188291124538495 ], [ -115.091782428476179, 36.188292522987481 ], [ -115.092208113359817, 36.188283072379484 ], [ -115.092291625027357, 36.188281220117346 ], [ -115.09313638147448, 36.188262464254741 ], [ -115.09369174089116, 36.188250130295927 ], [ -115.094406559393391, 36.188235000007033 ], [ -115.095409163270475, 36.188213770049067 ], [ -115.096001944500529, 36.188201214575649 ], [ -115.096687716181904, 36.188187946134455 ], [ -115.097101275075389, 36.188179093106314 ], [ -115.098306402316965, 36.188153287303145 ], [ -115.100013051617438, 36.188191873086801 ], [ -115.100683345098759, 36.188207018049134 ], [ -115.102392378396729, 36.188242340288497 ], [ -115.102780265662417, 36.188250084373344 ], [ -115.102808285910442, 36.188251223348416 ], [ -115.102987887543492, 36.188255076569398 ], [ -115.102994150801621, 36.188255213444826 ], [ -115.103087308331126, 36.188257220102706 ], [ -115.103753630844849, 36.188271571266718 ], [ -115.105981736823964, 36.188319531989514 ], [ -115.107211766309291, 36.188345991591319 ], [ -115.107714608930351, 36.188354269383673 ], [ -115.108219089277981, 36.188362568684163 ], [ -115.108654688632157, 36.188369463609881 ], [ -115.109062881623018, 36.18837592307915 ], [ -115.10950466721701, 36.188385067391479 ], [ -115.110349192460404, 36.18840254352309 ], [ -115.110533489300494, 36.188406356194868 ], [ -115.1108071702796, 36.188412585162105 ], [ -115.11121559575767, 36.18842187907164 ], [ -115.111657625485591, 36.188431935716217 ], [ -115.112709807675799, 36.188452455993406 ], [ -115.113423891138794, 36.188466376762236 ], [ -115.115002736942657, 36.188497180431504 ], [ -115.115974698600112, 36.188515776589817 ], [ -115.115994276155988, 36.188516484774489 ], [ -115.116008072766775, 36.188516899115101 ], [ -115.116031540831969, 36.18851739084014 ], [ -115.116110338663759, 36.188519183533941 ], [ -115.117142680217299, 36.188515698790212 ], [ -115.117769981753483, 36.188511335532297 ], [ -115.118052933748203, 36.188509570603522 ], [ -115.118335885657814, 36.188507818524812 ], [ -115.119514385010476, 36.188504205526876 ], [ -115.120586116513863, 36.188500186553782 ], [ -115.120582704611209, 36.188400669219305 ], [ -115.120581614565523, 36.186650904168786 ], [ -115.120580871708157, 36.184841643096661 ], [ -115.120581962038685, 36.183720307302551 ], [ -115.12058087627365, 36.183040386923274 ], [ -115.120579806617172, 36.18235771849514 ], [ -115.120581123749929, 36.181464954886358 ], [ -115.120584168437148, 36.181197414961858 ], [ -115.119420477354808, 36.181197520738877 ], [ -115.116054241038682, 36.18120017694816 ], [ -115.113399498225519, 36.181156188705081 ], [ -115.112065278621898, 36.181134010375132 ], [ -115.111776227841801, 36.18112920376992 ], [ -115.111640122086868, 36.181126635524812 ], [ -115.110800130844552, 36.181112779136619 ], [ -115.110367334209144, 36.181105672463417 ], [ -115.108779349458558, 36.181079584744538 ], [ -115.108345351599013, 36.181072451582779 ], [ -115.10821591424164, 36.181068782877482 ], [ -115.107409797743699, 36.181057148770208 ], [ -115.107238416574816, 36.181054265029573 ], [ -115.10706695614671, 36.181052907513902 ], [ -115.104840451952512, 36.181015618179259 ], [ -115.1025043645094, 36.180976449744115 ], [ -115.101566363968246, 36.180960792220603 ], [ -115.10140810023924, 36.180958152973041 ], [ -115.098374366181943, 36.180906278477551 ], [ -115.098274116632524, 36.180905929378191 ], [ -115.098273396263707, 36.180905923757464 ], [ -115.095976321465031, 36.18089759739653 ], [ -115.095058957505245, 36.180894259223841 ], [ -115.09463027614261, 36.18089269682563 ], [ -115.094193152291908, 36.180892209710294 ], [ -115.094202996991086, 36.179373924552259 ], [ -115.09420749415851, 36.178650071904926 ], [ -115.094212237619828, 36.17792072681258 ], [ -115.094217015825478, 36.177185225059802 ], [ -115.089292111585507, 36.177178146908602 ], [ -115.089304819499617, 36.176372138631386 ], [ -115.089306783931974, 36.176247565899523 ], [ -115.089321337760808, 36.175327825876145 ], [ -115.089321673775217, 36.175306693806519 ], [ -115.089322026167935, 36.175284014288856 ], [ -115.089341970035065, 36.174023139867849 ], [ -115.089348434598733, 36.173614449290746 ], [ -115.089348811749858, 36.17359065497223 ], [ -115.089349221395295, 36.173564693183792 ], [ -115.089350602763759, 36.173478279533434 ], [ -115.087141317207625, 36.173476288554163 ], [ -115.086567585836249, 36.173475758526735 ], [ -115.086006374719162, 36.173475234463893 ], [ -115.084888632523914, 36.173474183497056 ], [ -115.08308532026642, 36.173472464970359 ], [ -115.082767391029904, 36.173472159031114 ], [ -115.082663702336049, 36.173472059214355 ], [ -115.080437192030885, 36.173469893257305 ], [ -115.080437903445812, 36.173387390329268 ], [ -115.080443268745839, 36.172856213966845 ], [ -115.080446079142661, 36.172572964617387 ], [ -115.080454949879893, 36.171678897371294 ], [ -115.080455028049784, 36.171671007802054 ], [ -115.080463957493535, 36.170771002964145 ], [ -115.080464325780369, 36.170733867728956 ], [ -115.080472679964799, 36.16988177475713 ], [ -115.080487784203299, 36.168369165548604 ], [ -115.080490644006517, 36.168080882482677 ], [ -115.080499539981759, 36.167184173885623 ], [ -115.080508358366956, 36.166293648587995 ], [ -115.080507045557724, 36.166262496251761 ], [ -115.080443968525728, 36.164765598276759 ], [ -115.080415014742186, 36.16407864655892 ], [ -115.080414785940945, 36.164073223427771 ], [ -115.080365685885297, 36.162908224794144 ], [ -115.080351634824396, 36.162574820303867 ], [ -115.080347759300139, 36.16248287676612 ], [ -115.080345637728854, 36.162432531607294 ], [ -115.080298651313456, 36.161317645236927 ], [ -115.080287136218004, 36.161044426970285 ], [ -115.080283834229846, 36.160966076399767 ], [ -115.080266045453286, 36.160543981567265 ], [ -115.080216942324853, 36.159378835280215 ], [ -115.080199136470512, 36.158946283462264 ], [ -115.081909134964249, 36.158930633925998 ], [ -115.08199365651555, 36.15892992589287 ], [ -115.08199584168689, 36.158929907997376 ], [ -115.08208254831122, 36.158929197327502 ], [ -115.083454143099701, 36.158919397381574 ], [ -115.084676167020675, 36.158910265297557 ], [ -115.085232471866163, 36.158907461722656 ], [ -115.085793325898791, 36.158904632994179 ], [ -115.086354663384697, 36.158899335904394 ], [ -115.086907849172448, 36.158894112366504 ], [ -115.087331894463148, 36.158891857772012 ], [ -115.087365384969843, 36.158891680053202 ], [ -115.089000289089626, 36.158874997376671 ], [ -115.089139556925829, 36.15887359173756 ], [ -115.089211432153064, 36.15887348889779 ], [ -115.090496549350846, 36.158871643548366 ], [ -115.090622978171609, 36.158870212214502 ], [ -115.090653685616957, 36.158869864405133 ], [ -115.091520487552486, 36.158860047603042 ], [ -115.091535885178274, 36.15885987286314 ], [ -115.091736766757933, 36.158857596777196 ], [ -115.091775690413854, 36.158857155307601 ], [ -115.092310403499638, 36.15885109556568 ], [ -115.092315111443114, 36.158851102241044 ], [ -115.09358071369644, 36.158852886882649 ], [ -115.094705987647387, 36.158843776068622 ], [ -115.095801065936769, 36.15883489954561 ], [ -115.096470696584959, 36.158831152875656 ], [ -115.09679017030814, 36.158829740392541 ], [ -115.097427517182311, 36.158829274976256 ], [ -115.097922636952958, 36.158828910535348 ], [ -115.098016677313126, 36.158830421697836 ], [ -115.098434667451599, 36.158830101421131 ], [ -115.099456554056644, 36.158829312415683 ], [ -115.100465025806656, 36.158828525521024 ], [ -115.100588946677419, 36.158828427298609 ], [ -115.100985332960917, 36.158828115624864 ], [ -115.101037313578288, 36.158828760193344 ], [ -115.101061223363047, 36.158828800552548 ], [ -115.101090276871986, 36.15882883096539 ], [ -115.103361132091081, 36.158831199298334 ], [ -115.103361296583131, 36.158831199055975 ], [ -115.103361462186527, 36.158831198818049 ], [ -115.103483416717822, 36.158831324059499 ], [ -115.105448859952986, 36.158833336002971 ], [ -115.105465298904633, 36.15883335289648 ], [ -115.106078212429352, 36.158831979687953 ], [ -115.107147303432612, 36.158829577165108 ], [ -115.107673943119593, 36.158829983547186 ], [ -115.107712440400945, 36.158830013790769 ], [ -115.108026157095608, 36.158830228486153 ], [ -115.109892596267073, 36.15883151784417 ], [ -115.11151617023009, 36.158836060810522 ], [ -115.11163575192991, 36.158836372998735 ], [ -115.111643259470057, 36.15883639354044 ], [ -115.112714952786988, 36.158837472903571 ], [ -115.113894308060509, 36.158838649972608 ], [ -115.113916956361933, 36.158838697243148 ], [ -115.114412659485964, 36.158839722488828 ], [ -115.114426494311104, 36.158839751394375 ], [ -115.116124896966681, 36.158827760616553 ], [ -115.116167789002688, 36.158827949484532 ], [ -115.116195002340433, 36.158828113264704 ], [ -115.116442732789153, 36.158826089222515 ], [ -115.116474113081637, 36.158825839258817 ], [ -115.116550610475173, 36.158825216167671 ], [ -115.116681874784035, 36.1588241456842 ], [ -115.116760568314007, 36.158824466554755 ], [ -115.118110374770737, 36.158841470519711 ], [ -115.118347025938149, 36.15884444856821 ], [ -115.118618754533344, 36.158846147166251 ], [ -115.118890687649639, 36.158847845039119 ], [ -115.120595448614623, 36.158852501145624 ], [ -115.121274541375158, 36.158855999644175 ], [ -115.12282996125775, 36.158863998327547 ], [ -115.123115432394542, 36.158867483539701 ], [ -115.123400904675464, 36.158870968075718 ], [ -115.125023500217083, 36.158861491978271 ], [ -115.125090632514713, 36.158861099801001 ], [ -115.127228435256995, 36.158865796297114 ], [ -115.12787863914869, 36.158867217702579 ], [ -115.127883972583305, 36.158867075742108 ], [ -115.127884391654035, 36.158867064716894 ], [ -115.127896650600164, 36.158866691309342 ], [ -115.128057628254368, 36.158865910559882 ], [ -115.128236620032453, 36.158864909599757 ], [ -115.128679910363488, 36.158865898421197 ], [ -115.128802239932398, 36.158866171445204 ], [ -115.128928879314259, 36.158867651297804 ], [ -115.128934547558643, 36.158867654767292 ], [ -115.129981549656804, 36.158867990239806 ], [ -115.130258691262611, 36.158870284967662 ], [ -115.130442498790416, 36.158871806319389 ], [ -115.130535832891539, 36.158872579054176 ], [ -115.131306178253354, 36.158872520533343 ], [ -115.131783201906302, 36.158872481374964 ], [ -115.131834653571531, 36.158872784312507 ], [ -115.131930344937459, 36.158873378274592 ], [ -115.132391480863234, 36.158876239393699 ], [ -115.132616261936235, 36.158875095054917 ], [ -115.132765005005055, 36.158874318737489 ], [ -115.132775837170456, 36.158874280154549 ], [ -115.13284104356724, 36.158874046734724 ], [ -115.13398142615965, 36.158880523333309 ], [ -115.134090739034548, 36.158881143216121 ], [ -115.1353221079886, 36.158872499949567 ], [ -115.136871503660714, 36.158861606272055 ], [ -115.136900913708402, 36.158861101165591 ], [ -115.136903879279203, 36.158861050025017 ], [ -115.136920423330736, 36.158860766465729 ], [ -115.138353513902103, 36.158854350336085 ], [ -115.138381900405392, 36.158854223213687 ], [ -115.139141127252799, 36.158850202839574 ], [ -115.140161223627388, 36.158843337485564 ], [ -115.1409391069609, 36.158843230447069 ], [ -115.141378777668592, 36.158841443290903 ], [ -115.14301794074936, 36.158835354469574 ], [ -115.143018321980307, 36.158835352265271 ], [ -115.143084459755102, 36.158834912996795 ], [ -115.143565765481483, 36.158834121593713 ], [ -115.143618762949671, 36.158834068228089 ], [ -115.144536456073283, 36.158831506251495 ], [ -115.144555704024725, 36.158831452355777 ], [ -115.145868753734803, 36.158827772946864 ], [ -115.145957571537025, 36.158827878154753 ], [ -115.145993844286508, 36.158827824879978 ], [ -115.146147081976835, 36.158828421915324 ], [ -115.147127698288472, 36.158839922534881 ], [ -115.147449968384322, 36.158843696391024 ], [ -115.147459516019651, 36.158843807731053 ], [ -115.147782618219779, 36.158848858149433 ], [ -115.147953659548051, 36.158849517584464 ], [ -115.148902518529255, 36.158853169591126 ], [ -115.150342840640945, 36.158855466165456 ], [ -115.150954164628374, 36.158854839008534 ], [ -115.151494983866257, 36.15885428183573 ], [ -115.151821410226304, 36.158853939086512 ], [ -115.152047726868659, 36.158853653376113 ], [ -115.152208921324572, 36.158853449310676 ], [ -115.152220435769337, 36.158853434857022 ], [ -115.152416508657964, 36.158853288393729 ], [ -115.152501807948141, 36.15885335716721 ], [ -115.152578400886654, 36.158853527974607 ], [ -115.15311454331804, 36.158854385141254 ], [ -115.15342091170956, 36.158854873620044 ], [ -115.153537771512745, 36.158855059388195 ], [ -115.153957055309377, 36.158855727018469 ], [ -115.154222425826703, 36.15885614855187 ], [ -115.154263430401869, 36.158856213365574 ], [ -115.154534787008913, 36.158856644825335 ], [ -115.154819610657171, 36.158857095889452 ], [ -115.154825556736128, 36.158857104534604 ], [ -115.154876337325305, 36.158857185169765 ], [ -115.155202240024906, 36.158857701081061 ], [ -115.15625271596177, 36.158859355052378 ], [ -115.15633815607174, 36.158859489191947 ], [ -115.156410263637696, 36.158859601908212 ], [ -115.15662877693164, 36.158859944893159 ], [ -115.156638935272568, 36.158859961237411 ], [ -115.156883115618285, 36.158860343778123 ], [ -115.158267974529792, 36.158938544009878 ], [ -115.158786334700579, 36.158992026745551 ], [ -115.159966618334977, 36.1590212171199 ], [ -115.160158026900874, 36.159021921165355 ], [ -115.160421093059824, 36.159016530003768 ], [ -115.160430159976485, 36.159016343889583 ], [ -115.160885686447571, 36.159005367681942 ], [ -115.161133993883638, 36.158984626142207 ], [ -115.161289208556695, 36.158957980837712 ], [ -115.161478954190372, 36.158918647694044 ], [ -115.16169271261451, 36.158891658160243 ], [ -115.162124349808991, 36.158868307623344 ], [ -115.163522775472003, 36.15887173054174 ], [ -115.163631033628889, 36.158871994394104 ], [ -115.163861251429424, 36.158872555347692 ], [ -115.164245360851538, 36.158873491031905 ], [ -115.164584119136748, 36.158874315683192 ], [ -115.164976232984841, 36.158875268882376 ], [ -115.165365805051493, 36.158876215537035 ], [ -115.165467432553299, 36.158876461811758 ], [ -115.165932888400221, 36.15887824263428 ], [ -115.167395512428413, 36.15888384479986 ], [ -115.167711156708876, 36.158885050849314 ], [ -115.168381787919515, 36.158887610212844 ], [ -115.168958171016001, 36.158889807504202 ], [ -115.169647593998604, 36.158892431968638 ], [ -115.169954832896138, 36.158893592270687 ], [ -115.16998684960366, 36.158893622497303 ], [ -115.169994398385299, 36.158893627805838 ], [ -115.172768979677059, 36.158895506846243 ], [ -115.176205906265338, 36.158916954285885 ], [ -115.176207351086006, 36.158916960997161 ], [ -115.17779282698082, 36.158924204520723 ], [ -115.178910393308485, 36.158929298148912 ], [ -115.181146612019234, 36.158941955249738 ], [ -115.181711289898942, 36.158945160461919 ], [ -115.181857420969465, 36.158946363050148 ], [ -115.182212303008626, 36.158946186001231 ], [ -115.182389752290945, 36.158944474327043 ], [ -115.182567201572596, 36.158942761488568 ], [ -115.182942747364564, 36.158945408442662 ], [ -115.183379004203388, 36.158946448860156 ], [ -115.183480385259301, 36.158948870074319 ], [ -115.18514459007433, 36.158973648695905 ], [ -115.186109189205368, 36.158969595439338 ], [ -115.18618433240772, 36.158970129304869 ], [ -115.186201926750002, 36.158970264223207 ], [ -115.186219911192623, 36.158970401332979 ], [ -115.186311958198615, 36.158970697310728 ], [ -115.186597435789395, 36.158971472423922 ], [ -115.18719827399525, 36.158975228426939 ], [ -115.187852000182957, 36.15897931098948 ], [ -115.188180900789874, 36.158980641120742 ], [ -115.189162765888284, 36.158984606579963 ], [ -115.190128761387953, 36.158988500201531 ], [ -115.190224856283791, 36.158989238173874 ], [ -115.19064394609083, 36.158990573450822 ], [ -115.190715460657842, 36.15899086094926 ], [ -115.192469868539462, 36.159001242181631 ], [ -115.192529626131744, 36.16289224228241 ], [ -115.19256681184028, 36.16623702210925 ], [ -115.192679248059719, 36.166237388712759 ], [ -115.193607969832854, 36.166237665668298 ], [ -115.193829822436868, 36.166249375586375 ], [ -115.193988801474589, 36.166258133677978 ], [ -115.194331130805793, 36.166314188404492 ], [ -115.195503056771443, 36.166548748323365 ], [ -115.195503903748062, 36.166548751064603 ], [ -115.195797036422064, 36.166619751675995 ], [ -115.195825793100383, 36.166628086113903 ], [ -115.195983824826882, 36.166657442097083 ], [ -115.196168754427106, 36.166685511206879 ], [ -115.196351164587171, 36.166709451174484 ], [ -115.196488744604579, 36.166720883987345 ], [ -115.196628018620785, 36.166732322108935 ], [ -115.196959161458409, 36.166738884579686 ], [ -115.197343252895578, 36.166742869554106 ], [ -115.19766891067249, 36.166745291673251 ], [ -115.200709696932591, 36.166772896038033 ], [ -115.200876968724728, 36.166774803597292 ], [ -115.201064137880522, 36.166778147971975 ], [ -115.204242992885099, 36.166804729401015 ], [ -115.204347377145623, 36.166806433150157 ], [ -115.204349282295453, 36.166806439175453 ], [ -115.204489947101933, 36.166793148224869 ], [ -115.2046389827658, 36.166756532808151 ], [ -115.204758453254584, 36.166703340920776 ], [ -115.204853366692518, 36.166648697780786 ], [ -115.20495014665569, 36.166602301901619 ], [ -115.205071059881973, 36.166557355698707 ], [ -115.205154156043179, 36.166538387936072 ], [ -115.205241030588127, 36.166526299906543 ], [ -115.20596291407783, 36.166534654630667 ], [ -115.205957712215906, 36.166713225386978 ], [ -115.205957749799381, 36.167056544154875 ], [ -115.205957869664971, 36.168153652246673 ], [ -115.20595798557504, 36.168156835084226 ], [ -115.205958088715349, 36.168159667277855 ], [ -115.20596035634064, 36.168221816904463 ], [ -115.205961232438924, 36.168268396784342 ], [ -115.205963277054835, 36.168377080466641 ], [ -115.205965907945071, 36.168893179224547 ], [ -115.205964134007772, 36.170062786569488 ], [ -115.205967300776933, 36.171883200628329 ], [ -115.20596646567401, 36.172197278363058 ], [ -115.205965667557621, 36.172497606051628 ], [ -115.205964548746522, 36.172918639451055 ], [ -115.205964617220559, 36.17296256424212 ], [ -115.2059650279663, 36.173226828609181 ], [ -115.205965168911078, 36.173317322596255 ], [ -115.205965233674348, 36.173358542588865 ], [ -115.210944490567258, 36.173630508764795 ], [ -115.210972771070203, 36.173632052239888 ], [ -115.212515974397505, 36.173716298598478 ], [ -115.21428648645022, 36.173810330232229 ], [ -115.214635031036607, 36.173814309853661 ], [ -115.214554121351952, 36.174108364113643 ], [ -115.214521040474636, 36.174408178784525 ], [ -115.21457314127494, 36.174452293450948 ], [ -115.214589959192637, 36.174523770971931 ], [ -115.214578144531956, 36.174872398476005 ], [ -115.214585035775201, 36.174938351154665 ], [ -115.214619591886603, 36.174975543943695 ], [ -115.214664390056285, 36.174996285367065 ], [ -115.214735056026953, 36.175010238486998 ], [ -115.214800492697066, 36.175010439759234 ], [ -115.214804486476524, 36.175906446532885 ], [ -115.214805191345661, 36.176069799228976 ], [ -115.214810789542113, 36.176130625851499 ], [ -115.214830798023158, 36.176254690117055 ], [ -115.214939974852527, 36.176881678372645 ], [ -115.21496143470921, 36.177035146368588 ], [ -115.215061829164185, 36.177661863185648 ], [ -115.215061676685423, 36.177724629716487 ], [ -115.215058900643299, 36.178975404095596 ], [ -115.215055851862715, 36.18096533795304 ], [ -115.215059405070903, 36.181484684854418 ], [ -115.215065578308128, 36.182387103749271 ], [ -115.215071300188825, 36.183704821566849 ], [ -115.215078348436649, 36.184592522002902 ], [ -115.215078045005214, 36.184930815880811 ], [ -115.215098136871134, 36.187718011046307 ], [ -115.215098395153092, 36.187757376680949 ], [ -115.215099102840867, 36.188024766125835 ], [ -115.215099001897997, 36.188217863163956 ], [ -115.215197617911755, 36.18822046270482 ], [ -115.215454564098167, 36.188227234699973 ], [ -115.215710934466472, 36.188233991758807 ], [ -115.216102903159069, 36.188247138625748 ], [ -115.216206103725668, 36.188250615726901 ], [ -115.216759358244516, 36.188266969236572 ], [ -115.217323652039269, 36.18828365945145 ], [ -115.217891817720272, 36.188298870782795 ], [ -115.218000603418105, 36.188302067748303 ], [ -115.218443942814531, 36.188315094993641 ], [ -115.21891870550337, 36.188330477518207 ], [ -115.219000292971216, 36.188331838736168 ], [ -115.219568704231577, 36.188348675096542 ], [ -115.220028261502549, 36.188362431596296 ], [ -115.224037518235775, 36.188482878499975 ], [ -115.223953082978397, 36.192028234491374 ], [ -115.223950532032887, 36.192110071348061 ], [ -115.223915965005773, 36.193514869638868 ], [ -115.223863361985835, 36.195652549002588 ], [ -115.22386148324405, 36.195736150750086 ], [ -115.219987992509502, 36.195681101242513 ], [ -115.219895593177753, 36.195677211308585 ], [ -115.219894967255811, 36.195677188680101 ], [ -115.219391783533041, 36.195669901933989 ], [ -115.219381021728609, 36.195669743060932 ], [ -115.219380687057978, 36.195669737537806 ], [ -115.219075838703176, 36.195665213109812 ], [ -115.21790250493261, 36.195647791613062 ], [ -115.21788801837053, 36.195647577081182 ], [ -115.217157017093385, 36.195636716996603 ], [ -115.216416700808978, 36.195625714863787 ], [ -115.216315950970909, 36.195624216558855 ], [ -115.216285338974075, 36.195623762259864 ], [ -115.215903178319934, 36.195618079856303 ], [ -115.215867396137526, 36.195617548306046 ], [ -115.215443976313452, 36.19561125118171 ], [ -115.214920523948521, 36.195603464298287 ], [ -115.214889185445955, 36.196851307133784 ], [ -115.214868765346949, 36.197959595881962 ], [ -115.214865537152718, 36.198076167906741 ], [ -115.214832803341409, 36.199257981880407 ], [ -115.214814443807796, 36.1999166533775 ], [ -115.214807167157133, 36.200485431748234 ], [ -115.214773482127214, 36.201704597172508 ], [ -115.214667732808081, 36.201707331666796 ], [ -115.213935642160962, 36.201694223159294 ], [ -115.21309954953405, 36.201678632915566 ], [ -115.213097811670238, 36.201761019881445 ], [ -115.213083381564161, 36.202256413532652 ], [ -115.21269667138661, 36.202248713112624 ], [ -115.21268228556157, 36.202739813962417 ], [ -115.212686657703131, 36.202878640560712 ], [ -115.21268610303261, 36.202960933824571 ], [ -115.212684384517246, 36.203015049164001 ], [ -115.212676035579548, 36.203438246524534 ], [ -115.21269468343705, 36.203438294306928 ], [ -115.212678845885833, 36.20418730995037 ], [ -115.213024388324811, 36.204193748472228 ], [ -115.213022810785986, 36.20423922267571 ], [ -115.213008325166371, 36.204701547621958 ], [ -115.212988474002174, 36.205418319731393 ], [ -115.212974528032262, 36.206028995793162 ], [ -115.212962883199751, 36.206394502956073 ], [ -115.212961695658464, 36.206431768502519 ], [ -115.212961225812506, 36.206519476027118 ], [ -115.212622349672614, 36.206511974582988 ], [ -115.211288178052072, 36.206485269209558 ], [ -115.210529480321171, 36.206470452847256 ], [ -115.210176892888526, 36.206463565156717 ], [ -115.210164904602365, 36.206463534121042 ], [ -115.209027526023036, 36.206441082871798 ], [ -115.208538747957789, 36.206431145583082 ], [ -115.207763615883536, 36.206417207523828 ], [ -115.207766871294666, 36.206334953452831 ], [ -115.207777335444888, 36.205806770330256 ], [ -115.20700216193373, 36.205799321912856 ], [ -115.207017365189429, 36.205353413492674 ], [ -115.20699930335131, 36.205272185725413 ], [ -115.207001228357015, 36.205189928382914 ], [ -115.207016759114552, 36.204698559903449 ], [ -115.207367048946708, 36.204701646235257 ], [ -115.207382756365888, 36.204185382796247 ], [ -115.207381845902162, 36.204126930407078 ], [ -115.207239350794509, 36.204123308782343 ], [ -115.207032921588933, 36.204119518618249 ], [ -115.206741246340343, 36.204114697650276 ], [ -115.206498143450574, 36.204110678606312 ], [ -115.20611009649204, 36.204104262256202 ], [ -115.205909855314019, 36.204103868575537 ], [ -115.205754399959375, 36.204103561652893 ], [ -115.205752465743331, 36.204176356319302 ], [ -115.205735067762546, 36.204831015301508 ], [ -115.205734728297671, 36.204843811640458 ], [ -115.205723747487923, 36.205256996596511 ], [ -115.205693819227406, 36.206382144826762 ], [ -115.205681949386999, 36.20682982190926 ], [ -115.205669997033525, 36.207279595095144 ], [ -115.205653342687086, 36.207906214263808 ], [ -115.205645512636607, 36.208200861498405 ], [ -115.205620390025402, 36.209080749374728 ], [ -115.205619324689025, 36.209082119579655 ], [ -115.205599412869702, 36.20930182795356 ], [ -115.205562822611554, 36.209421212640642 ], [ -115.205522735670371, 36.209518609260563 ], [ -115.205466878493681, 36.209591231966733 ], [ -115.205352847126818, 36.20973372285831 ], [ -115.205474012843126, 36.209870088864783 ], [ -115.205609002815905, 36.210017140756172 ], [ -115.205933053619432, 36.210370140608234 ], [ -115.206160673276926, 36.210619472591503 ], [ -115.206852171937257, 36.211378483367447 ], [ -115.207797587810191, 36.212430856331316 ], [ -115.208543818598358, 36.213247831073346 ], [ -115.21209095898017, 36.217130035489397 ], [ -115.211845962411502, 36.2171385204175 ], [ -115.21181124213031, 36.217139518611212 ], [ -115.207476654500496, 36.217275299282399 ], [ -115.207476418697937, 36.217275300345058 ], [ -115.204980416171821, 36.217304777908751 ], [ -115.204921807139741, 36.21730546971451 ], [ -115.202417583172206, 36.217336595610732 ], [ -115.202336011423029, 36.217337561018844 ], [ -115.197356265370459, 36.217396414400653 ], [ -115.197203833129322, 36.217398248413645 ], [ -115.195128176801219, 36.21742276769065 ], [ -115.192883394780452, 36.217449229665377 ], [ -115.192866062706102, 36.21744919299212 ], [ -115.192848702825898, 36.21744915622574 ], [ -115.190645651818357, 36.217473947540519 ], [ -115.19062861779949, 36.217474138644747 ], [ -115.188545926713928, 36.217499228181737 ], [ -115.188478130625271, 36.217500057401949 ], [ -115.188410340110337, 36.217500883898246 ], [ -115.188522393787451, 36.219332235799897 ], [ -115.188539411915329, 36.219682726623816 ], [ -115.188550782025217, 36.219869338572046 ], [ -115.188596735630696, 36.220596973498374 ], [ -115.188612602732562, 36.220834803227177 ], [ -115.188628000791482, 36.221136810212236 ], [ -115.188634856633399, 36.221255164518865 ], [ -115.18866552833741, 36.221784583041611 ], [ -115.188667200389858, 36.22184788319516 ], [ -115.188731060342221, 36.222957377944837 ], [ -115.188845086289362, 36.224780877902646 ], [ -115.188932849994316, 36.226201329464104 ], [ -115.188958281901762, 36.226547825104213 ], [ -115.189064691471231, 36.228434384181909 ], [ -115.189091143208046, 36.229104407529 ], [ -115.18921691891191, 36.231045261560098 ], [ -115.189281190015024, 36.23206249116641 ], [ -115.189329224520876, 36.233926228562929 ], [ -115.189376301295908, 36.235739954452136 ], [ -115.189421959465264, 36.237737518141621 ], [ -115.189444035506995, 36.238347622152354 ], [ -115.189471887453308, 36.239417352097952 ], [ -115.189437706004057, 36.241382364360348 ], [ -115.189431801999049, 36.241721648438336 ], [ -115.189407807337915, 36.243102236502047 ], [ -115.189391513391129, 36.244038121343827 ], [ -115.189357925417383, 36.245971426882186 ], [ -115.189357192472116, 36.246106417711992 ], [ -115.189352146355304, 36.246512931021257 ], [ -115.189342386007851, 36.246864406383615 ], [ -115.189278107708986, 36.248670046987925 ], [ -115.18925651467012, 36.249560563675651 ], [ -115.189252301899089, 36.250520718914835 ], [ -115.189210987488252, 36.251437751493718 ], [ -115.189199341798428, 36.25191788743826 ], [ -115.189188751655834, 36.25235446908593 ], [ -115.189169687257774, 36.253140449891859 ], [ -115.189164430831028, 36.25418384684054 ], [ -115.189118712125079, 36.255242492460425 ], [ -115.18909980819025, 36.256021898606463 ], [ -115.189088212251121, 36.256500004666989 ], [ -115.189087182181225, 36.256542415259752 ], [ -115.189077837867998, 36.256927686595709 ], [ -115.189073714936612, 36.257842006090861 ], [ -115.189026247973374, 36.25965454583762 ], [ -115.18900159041408, 36.260360937361988 ], [ -115.188985887059346, 36.261502561832081 ], [ -115.188933774402159, 36.263453739772338 ], [ -115.188920042454853, 36.263980059927547 ], [ -115.188889207598308, 36.265161914464151 ], [ -115.188829472725317, 36.267387791202779 ], [ -115.18879103986967, 36.268819852997616 ], [ -115.188762126293852, 36.269905930132069 ], [ -115.188742363125854, 36.270648286482981 ], [ -115.188721246107065, 36.271441470040479 ], [ -115.188707414755925, 36.2719610070694 ], [ -115.188693660347482, 36.272477599848962 ], [ -115.188656239139476, 36.273883109543092 ], [ -115.188646644156265, 36.274254397474408 ], [ -115.188600095182778, 36.276140323875119 ], [ -115.188649887694652, 36.277241768900744 ], [ -115.188687715740556, 36.278173905594954 ], [ -115.188719358380737, 36.278878334491864 ], [ -115.188725728463822, 36.278974081307844 ], [ -115.188743008943618, 36.279117217767329 ], [ -115.188769517567593, 36.279259425675619 ], [ -115.188805182876138, 36.27940031634337 ], [ -115.188849906688262, 36.279539501892401 ], [ -115.188903565186877, 36.279676600667088 ], [ -115.188933468926805, 36.279741073356554 ], [ -115.188010966878807, 36.280052493901906 ], [ -115.187793667764694, 36.280133239510491 ], [ -115.187535220010218, 36.280250050075175 ], [ -115.187290328702829, 36.280384653647438 ], [ -115.187105433320184, 36.280504463510994 ], [ -115.18694923729943, 36.280620179885382 ], [ -115.186803192709547, 36.280742723451041 ], [ -115.186665747731212, 36.280873431096687 ], [ -115.186539627152399, 36.281009709009936 ], [ -115.185510880728515, 36.282196224674919 ], [ -115.185335429386313, 36.28239857808687 ], [ -115.18518571812281, 36.282560450627258 ], [ -115.185048460798384, 36.282692493584847 ], [ -115.184902854590675, 36.282818540388234 ], [ -115.184696421626185, 36.282976678861537 ], [ -115.184532927668769, 36.283087417960957 ], [ -115.18436249853147, 36.283191077680186 ], [ -115.184185602107746, 36.283287373846811 ], [ -115.183940520701981, 36.28340386063195 ], [ -115.183750446750224, 36.283481984041948 ], [ -115.183555583935203, 36.283551946378523 ], [ -115.18335646539245, 36.283613555626189 ], [ -115.183085298051296, 36.283682419604652 ], [ -115.182878389067113, 36.283723921706731 ], [ -115.18266908042888, 36.283756600093881 ], [ -115.182457947078944, 36.283780363847555 ], [ -115.182174597087268, 36.283798073920465 ], [ -115.18163972309911, 36.283816330476753 ], [ -115.180822128435381, 36.283842771699121 ], [ -115.177229370275342, 36.283977722730988 ], [ -115.173500350869688, 36.284126986699441 ], [ -115.17347491177425, 36.284127884715097 ], [ -115.171121489142507, 36.284210946081615 ], [ -115.166628311610509, 36.28415669473025 ], [ -115.163956965388124, 36.284124233441538 ], [ -115.162129283658359, 36.284101989888121 ], [ -115.16197285868185, 36.284101038449606 ], [ -115.16112473690643, 36.284090677520147 ], [ -115.159176546541644, 36.284066789481152 ], [ -115.157836948158675, 36.284050346085998 ], [ -115.156881733194112, 36.284038611880526 ], [ -115.154598864394544, 36.284010176147987 ], [ -115.152940283604849, 36.283990109947545 ], [ -115.152885234137571, 36.283989031510437 ], [ -115.150439083281626, 36.283945588215587 ], [ -115.150188210153871, 36.283941129899603 ] ] ] } },
{ "type": "Feature", "properties": { "COMMISSION": "E", "NAME": "E - Tick Segerblom (D)", "Shape_Leng": 438050.73483799997, "Shape_Area": 3298134444.9400001 }, "geometry": { "type": "Polygon", "coordinates": [ [ [ -115.071151518472234, 36.206990614333954 ], [ -115.071167241441458, 36.203354893542773 ], [ -115.068912078996291, 36.203409818775071 ], [ -115.066668511354649, 36.203475390292994 ], [ -115.062304602622334, 36.20360645657923 ], [ -115.062167494336151, 36.203606290820517 ], [ -115.062167067141388, 36.203493691415296 ], [ -115.062166081027797, 36.203233320274258 ], [ -115.062162927781486, 36.202401222031071 ], [ -115.05767643737849, 36.202363763362584 ], [ -115.057664884007636, 36.201810166754591 ], [ -115.057664274637048, 36.201088411260486 ], [ -115.057663577247453, 36.200262157560154 ], [ -115.057694995751206, 36.200030163086161 ], [ -115.057697094178252, 36.199969735698765 ], [ -115.05766500422024, 36.196340686850782 ], [ -115.057627592777706, 36.196230331419237 ], [ -115.059802222390999, 36.196232562675668 ], [ -115.059914334914524, 36.196232675944991 ], [ -115.059917657691116, 36.196622269567364 ], [ -115.059918997563315, 36.19708110751079 ], [ -115.059907959209397, 36.197413719407095 ], [ -115.05990765910488, 36.197468858767991 ], [ -115.05990768615068, 36.197474320678808 ], [ -115.0599081503034, 36.197570360128296 ], [ -115.059908615573704, 36.197666398679836 ], [ -115.059909079725728, 36.197762438126219 ], [ -115.059909543883464, 36.197858476669857 ], [ -115.059910004526273, 36.197953873481069 ], [ -115.059910008046799, 36.197954514310673 ], [ -115.059910473315767, 36.198050552856095 ], [ -115.059910672641465, 36.198091628026042 ], [ -115.059910956369507, 36.198146592378976 ], [ -115.059911352626742, 36.198223085335869 ], [ -115.059911354820088, 36.198223424228935 ], [ -115.059911852334608, 36.198319462910966 ], [ -115.059912349848858, 36.198415501591484 ], [ -115.059912847362895, 36.198511540270488 ], [ -115.059913009238088, 36.198542700229083 ], [ -115.060014431162841, 36.198543143431294 ], [ -115.060886291911018, 36.198545988146122 ], [ -115.060919646166639, 36.198546096685945 ], [ -115.06197617642475, 36.198549535138014 ], [ -115.062148338943246, 36.198550531402191 ], [ -115.062146614902844, 36.198095700800508 ], [ -115.06213955841487, 36.196233248105415 ], [ -115.062139556804439, 36.196232987626701 ], [ -115.062144534045999, 36.195408051169878 ], [ -115.062161441851785, 36.192605297622812 ], [ -115.06216168695876, 36.192568288251039 ], [ -115.06202290785842, 36.192602523543009 ], [ -115.059927841552593, 36.192599876732132 ], [ -115.059824765514733, 36.192600525821454 ], [ -115.059724997512888, 36.192601153232097 ], [ -115.057589177942091, 36.192596066549697 ], [ -115.057560555953771, 36.192595998593013 ], [ -115.057341691642208, 36.192598282272094 ], [ -115.057237600595727, 36.192598907551371 ], [ -115.055751303695146, 36.19259662666596 ], [ -115.055349376173382, 36.192596006510286 ], [ -115.055261101226094, 36.192596725025972 ], [ -115.054699794384746, 36.192595622508577 ], [ -115.052780599078943, 36.192584389406008 ], [ -115.052713070099415, 36.188941929651413 ], [ -115.050491823958055, 36.188938406630335 ], [ -115.048271706721039, 36.18890103836307 ], [ -115.046213631687905, 36.18889546720289 ], [ -115.043780726537932, 36.1888905990143 ], [ -115.042865087589902, 36.188895816286305 ], [ -115.042128802489586, 36.188883054285029 ], [ -115.041140738238397, 36.188882282728891 ], [ -115.041124759145305, 36.188882236531924 ], [ -115.039271532517915, 36.188876885517423 ], [ -115.038343466786984, 36.188872758244436 ], [ -115.034860768764844, 36.188861159150477 ], [ -115.034702865326253, 36.188861892452373 ], [ -115.03470136661025, 36.18886188558745 ], [ -115.033730299891175, 36.18884422438979 ], [ -115.03185987887035, 36.18880692471032 ], [ -115.031142249879167, 36.188789607004175 ], [ -115.030138325592219, 36.188766579183913 ], [ -115.029557009914015, 36.188753884093657 ], [ -115.029516316473163, 36.188755631902488 ], [ -115.028112460739436, 36.188730097288627 ], [ -115.027849122175965, 36.188721473109126 ], [ -115.027540011383394, 36.188713014499562 ], [ -115.026688490687079, 36.188698734975276 ], [ -115.025577764943762, 36.188683044337758 ], [ -115.02549180045672, 36.188677608507248 ], [ -115.023355689327474, 36.188646305332064 ], [ -115.022595602450053, 36.188633728302669 ], [ -115.021128943835947, 36.188609447281344 ], [ -115.018903076954501, 36.188572724999013 ], [ -115.016677467289654, 36.188535965251191 ], [ -115.012357600592978, 36.188280206864277 ], [ -115.012368121210343, 36.188418548442812 ], [ -115.012375926594302, 36.188521199693383 ], [ -115.012390560096676, 36.188713628977567 ], [ -115.012429753297539, 36.189229008496532 ], [ -115.012461033653864, 36.189640337429132 ], [ -115.01248918282468, 36.190010496921467 ], [ -115.012493228805397, 36.190063701040586 ], [ -115.012517333354822, 36.19038065549065 ], [ -115.012545483007571, 36.190750814928549 ], [ -115.012573634019674, 36.191120973443297 ], [ -115.012600142737313, 36.191469553651743 ], [ -115.012595763275343, 36.191538976784734 ], [ -115.01257811474737, 36.191647018930141 ], [ -115.012538910780776, 36.191767386160357 ], [ -115.012451953539824, 36.191952431793574 ], [ -115.012379816351782, 36.192053474357017 ], [ -115.012303595269458, 36.19214498073719 ], [ -115.012076706974241, 36.192174521714669 ], [ -115.011824782249192, 36.192183527793169 ], [ -115.011434562434317, 36.192161249197873 ], [ -115.010477530509874, 36.192156675473434 ], [ -115.010049086734199, 36.192195457232415 ], [ -115.009695231103365, 36.192367294474529 ], [ -115.009366781886456, 36.192508628570494 ], [ -115.00917625516432, 36.192732285725427 ], [ -115.009074209684144, 36.192910431981723 ], [ -115.008932785310648, 36.193307854769451 ], [ -115.008879583088358, 36.193695493501835 ], [ -115.008814010777456, 36.194052449004019 ], [ -115.008798138655564, 36.194501512591721 ], [ -115.00871926504874, 36.1949553778583 ], [ -115.008606707928763, 36.195710209441557 ], [ -115.0085351061512, 36.196030133508891 ], [ -115.008436599244661, 36.196384434923864 ], [ -115.008413952930809, 36.196474584397201 ], [ -115.008404202915727, 36.196500974053784 ], [ -115.008597078049618, 36.19866894216139 ], [ -115.008612362764552, 36.198840736187748 ], [ -115.007807010823939, 36.198877539048027 ], [ -115.005693907176223, 36.199006906686954 ], [ -115.002316261182898, 36.199217109515729 ], [ -115.001661261325623, 36.199267584230554 ], [ -115.000983887416652, 36.199359678678519 ], [ -114.9997392833574, 36.199568238933765 ], [ -114.998988080603112, 36.19969573385503 ], [ -114.997109575266833, 36.200080026746974 ], [ -114.995982400239185, 36.200318933455769 ], [ -114.993999552691946, 36.200881514674649 ], [ -114.992267027408545, 36.201409526864559 ], [ -114.990277261046387, 36.202069073814023 ], [ -114.989273337258993, 36.20238257727793 ], [ -114.988403270644199, 36.202654270311982 ], [ -114.987739971523624, 36.20282386197124 ], [ -114.987452700940594, 36.202876088014804 ], [ -114.987202434387385, 36.202898690258465 ], [ -114.986967104414774, 36.202891557309179 ], [ -114.986746620852173, 36.202866613671411 ], [ -114.986496850556506, 36.202823638717561 ], [ -114.986269329270641, 36.202756927079271 ], [ -114.985924618560219, 36.202624053522428 ], [ -114.985587627292304, 36.202443524331173 ], [ -114.984994783773942, 36.202053060171579 ], [ -114.984065552886193, 36.201404562244704 ], [ -114.983780058171789, 36.201224285482716 ], [ -114.983479536205735, 36.201085663988842 ], [ -114.983163940000892, 36.200994659398646 ], [ -114.982848162523183, 36.200927500097841 ], [ -114.982561579785752, 36.200890293546962 ], [ -114.982252703512714, 36.200882783495949 ], [ -114.98192888910873, 36.200905004884525 ], [ -114.981487298248425, 36.200938557881308 ], [ -114.980787952198995, 36.201012543700159 ], [ -114.980198615600116, 36.20112881125926 ], [ -114.978909284557957, 36.201402510692006 ], [ -114.977391563193123, 36.201722734624788 ], [ -114.974938035173096, 36.202252810162378 ], [ -114.974473767856452, 36.202363722418021 ], [ -114.974164009756308, 36.2024694573823 ], [ -114.972053829250072, 36.203299298545311 ], [ -114.97009867401475, 36.204052394544 ], [ -114.968571321166735, 36.204652652599741 ], [ -114.966881558823815, 36.205323594754582 ], [ -114.966254736992425, 36.205523062747154 ], [ -114.965753566355289, 36.205645674891748 ], [ -114.965024226954938, 36.205784991841313 ], [ -114.962328411483341, 36.206230094139705 ], [ -114.960243993950257, 36.206565046342945 ], [ -114.959389777522702, 36.206679832422125 ], [ -114.958801029777135, 36.206712535127878 ], [ -114.957621695391424, 36.206702911372538 ], [ -114.955357911632859, 36.206652388652593 ], [ -114.95463808661502, 36.206636314921603 ], [ -114.950205041620791, 36.206532192060941 ], [ -114.949565330071991, 36.206499001961028 ], [ -114.948933215749605, 36.206436040631139 ], [ -114.9484923995184, 36.206368127740106 ], [ -114.948022402300282, 36.206270251364884 ], [ -114.947427792843513, 36.206118056839422 ], [ -114.946855444944973, 36.205942131553009 ], [ -114.946194753270447, 36.205684655524344 ], [ -114.944897491267128, 36.205099474350718 ], [ -114.941676399492877, 36.203577650603116 ], [ -114.941286401112677, 36.203405917025258 ], [ -114.938032327556712, 36.201843368175332 ], [ -114.937255503788748, 36.201493409320229 ], [ -114.936596274474311, 36.201156002356797 ], [ -114.935725319436401, 36.200626677166461 ], [ -114.933811756768421, 36.199426978730266 ], [ -114.931020204388361, 36.19767400499434 ], [ -114.930500603329534, 36.197358190072748 ], [ -114.929893168196799, 36.196991221218966 ], [ -114.929303952896802, 36.196645214284374 ], [ -114.928765705282714, 36.19636207954364 ], [ -114.928077409194927, 36.19603881346206 ], [ -114.927703186961281, 36.195885302563177 ], [ -114.926364606242956, 36.195439793262452 ], [ -114.926023608797635, 36.195318690887568 ], [ -114.925719361985003, 36.195200769780904 ], [ -114.925411587528117, 36.195064944416671 ], [ -114.924935579915527, 36.194817903335284 ], [ -114.924496323415156, 36.194574043878688 ], [ -114.923764685088557, 36.194113956225173 ], [ -114.923281934696604, 36.193795332279535 ], [ -114.922825104046936, 36.193455983710848 ], [ -114.921853695200483, 36.192648788672464 ], [ -114.920956001486104, 36.191824108207676 ], [ -114.92074468345885, 36.191590437283814 ], [ -114.920486792768287, 36.191210448534619 ], [ -114.92020452226437, 36.190669360872462 ], [ -114.920038037679419, 36.190352473626604 ], [ -114.919850849837914, 36.189874508061905 ], [ -114.919653712749863, 36.189268313132622 ], [ -114.919467334357932, 36.188694965156053 ], [ -114.917401426740042, 36.18244387582854 ], [ -114.917091264597218, 36.181555062786224 ], [ -114.916975710428318, 36.181306417083213 ], [ -114.916848552444264, 36.181038629277154 ], [ -114.916520493801102, 36.180458289002267 ], [ -114.916158462158307, 36.17986106599794 ], [ -114.914168762045506, 36.176806801315635 ], [ -114.914005906251532, 36.176501849399095 ], [ -114.913875986811064, 36.176214966309814 ], [ -114.913731920530154, 36.175862424858451 ], [ -114.91359923980653, 36.175468216532707 ], [ -114.913427363142745, 36.174927728772118 ], [ -114.911579888011289, 36.169110761729549 ], [ -114.911421725335515, 36.168689580181507 ], [ -114.911295757914743, 36.168372907092163 ], [ -114.911053939419389, 36.167846927735589 ], [ -114.910848095350943, 36.167413553895884 ], [ -114.910609067282792, 36.166991917410634 ], [ -114.910348063126108, 36.166561214484652 ], [ -114.90990540430785, 36.165879101850464 ], [ -114.909691174026207, 36.165567892988093 ], [ -114.909415348550652, 36.165152009201513 ], [ -114.908910801525522, 36.164400985859409 ], [ -114.908710950513338, 36.164128606848173 ], [ -114.908485473244056, 36.16384415920794 ], [ -114.908252364449041, 36.163592457791765 ], [ -114.907968281255563, 36.163283833752629 ], [ -114.90756713628555, 36.162908969767983 ], [ -114.905766883852792, 36.161512726117287 ], [ -114.904014068059269, 36.160164416603592 ], [ -114.902301486177208, 36.158846118192457 ], [ -114.901634134888852, 36.158316309076021 ], [ -114.901030474695887, 36.157733402686851 ], [ -114.900374515916326, 36.157078655714514 ], [ -114.899779137667252, 36.156560176191988 ], [ -114.899041821228579, 36.156133885269753 ], [ -114.898285813225002, 36.155829099736927 ], [ -114.897343570151435, 36.155637707846928 ], [ -114.89640915662163, 36.155560815774891 ], [ -114.893392778236517, 36.155493413188594 ], [ -114.89284643487224, 36.155425880976075 ], [ -114.892247919111256, 36.155272198041985 ], [ -114.891702897057428, 36.155054435700471 ], [ -114.891185284227959, 36.154729519436401 ], [ -114.888390944782643, 36.152495620455483 ], [ -114.887857047046793, 36.152020361886187 ], [ -114.887438770876585, 36.151438462498376 ], [ -114.887258592836389, 36.150865098981733 ], [ -114.887210914672892, 36.150271042428322 ], [ -114.887375495585545, 36.149613832371905 ], [ -114.887745474510766, 36.148984101955605 ], [ -114.888107669319794, 36.148609371995903 ], [ -114.890498194080237, 36.146591484322904 ], [ -114.890792461647976, 36.146228332352301 ], [ -114.890981327602461, 36.145814492683101 ], [ -114.891055343298618, 36.145421450870536 ], [ -114.891032528410193, 36.145006389235292 ], [ -114.890924212084698, 36.144636493796533 ], [ -114.890651618901856, 36.144188634991096 ], [ -114.890222593358317, 36.143828455901406 ], [ -114.88962276671964, 36.143500207330334 ], [ -114.888744263288373, 36.143139298248414 ], [ -114.88773669941213, 36.144369375756639 ], [ -114.887383028312826, 36.144883004828515 ], [ -114.887038018456494, 36.145247642764367 ], [ -114.886608718768088, 36.145584962072661 ], [ -114.886154348533978, 36.145847612930389 ], [ -114.885747891289824, 36.146017174836253 ], [ -114.884169802276631, 36.129966786857487 ], [ -114.884691159932103, 36.118717220450108 ], [ -114.885294493110237, 36.107776219637657 ], [ -114.886010988723001, 36.094860958297403 ], [ -114.886484691142954, 36.085992507646651 ], [ -114.886801925133668, 36.080215963280864 ], [ -114.887266590972004, 36.071559098336948 ], [ -114.887240577554721, 36.065592971661601 ], [ -114.887190749358439, 36.056393700937065 ], [ -114.887166893761915, 36.051079889087795 ], [ -114.887101940169771, 36.041674890138069 ], [ -114.887151981065173, 36.036575970017282 ], [ -114.887248364939708, 36.027169983840999 ], [ -114.887295634467151, 36.02207471175003 ], [ -114.887374981420294, 36.012664929428659 ], [ -114.887391698542544, 36.007566243909125 ], [ -114.887386684700729, 35.998210696663683 ], [ -114.887400810912922, 35.993057309236633 ], [ -114.887443540314763, 35.98375086225262 ], [ -114.887444291243497, 35.982173849224615 ], [ -114.887446210110653, 35.98203004543906 ], [ -114.891947475560045, 35.982065561617183 ], [ -114.896406942777716, 35.982100581424717 ], [ -114.90086641556465, 35.982135435508305 ], [ -114.90532583828616, 35.982170141579452 ], [ -114.910220064782891, 35.982160675092494 ], [ -114.912030397849065, 35.98215712991118 ], [ -114.912047886434493, 35.980247659906148 ], [ -114.912048692993054, 35.980159601693025 ], [ -114.912081088427783, 35.976567648235239 ], [ -114.912081593277776, 35.976511677724474 ], [ -114.912083298851229, 35.976310196054527 ], [ -114.912503276038692, 35.976344934793907 ], [ -114.91256220254391, 35.976497543556448 ], [ -114.912567199007711, 35.976508428687247 ], [ -114.912940587645267, 35.976505929239551 ], [ -114.912987948587897, 35.976609614841323 ], [ -114.913196014111918, 35.976934947103778 ], [ -114.913472618271527, 35.977299122249399 ], [ -114.913822557246789, 35.97768177705202 ], [ -114.914119104535274, 35.978002983660289 ], [ -114.914298763728041, 35.978193153402941 ], [ -114.915750764791738, 35.979820622940117 ], [ -114.915855969226769, 35.97992790799362 ], [ -114.915991430199611, 35.980043127755259 ], [ -114.916134635132778, 35.980150565205022 ], [ -114.916206234549108, 35.980292963094172 ], [ -114.916342341546581, 35.980520680673791 ], [ -114.91648688270179, 35.980744038426231 ], [ -114.916639855853134, 35.980963035408415 ], [ -114.916804094029388, 35.981175466483755 ], [ -114.916976765397791, 35.981383537623977 ], [ -114.917158047662554, 35.981580489936007 ], [ -114.917346377209114, 35.981773057426068 ], [ -114.917541121026289, 35.981958975157994 ], [ -114.918135651325599, 35.982494369682058 ], [ -114.918917968122017, 35.983190767419586 ], [ -114.919240860914783, 35.983475833791772 ], [ -114.919592434636556, 35.98378621890518 ], [ -114.919596593499065, 35.983789895819058 ], [ -114.919699091230129, 35.983880379187774 ], [ -114.920476188539695, 35.984565408403803 ], [ -114.921243889531709, 35.985246059867656 ], [ -114.921614270176306, 35.985574437424255 ], [ -114.922104530870882, 35.986011468524048 ], [ -114.923875336834996, 35.987589950167518 ], [ -114.925405393776387, 35.988956157774325 ], [ -114.925405576520731, 35.988956321012033 ], [ -114.926956085045916, 35.990340724652214 ], [ -114.928349559771505, 35.991583966830156 ], [ -114.9283908920073, 35.991620672938552 ], [ -114.928457479913519, 35.991679808058173 ], [ -114.928507419801335, 35.991724159142585 ], [ -114.929153759832431, 35.992298705647727 ], [ -114.929159079248294, 35.992303375490593 ], [ -114.929462792734057, 35.992569959087653 ], [ -114.929560397911786, 35.992655024736607 ], [ -114.929767272029579, 35.992829865563181 ], [ -114.92997905603228, 35.993002536260832 ], [ -114.930195117548777, 35.993170773774956 ], [ -114.930416147445882, 35.993334589051123 ], [ -114.930640009083604, 35.993496199387671 ], [ -114.930867512494146, 35.993651111627514 ], [ -114.931035289481358, 35.99376169595886 ], [ -114.931099233792906, 35.993803843549898 ], [ -114.93133384528096, 35.993952116614047 ], [ -114.931814452621708, 35.994237591062365 ], [ -114.932060448456966, 35.994374791499929 ], [ -114.932561686657962, 35.994640336940392 ], [ -114.932818314095726, 35.994768704733453 ], [ -114.933077892218975, 35.994890362377674 ], [ -114.933341803843547, 35.995005334466939 ], [ -114.93360236975667, 35.995115739849957 ], [ -114.933858084675052, 35.995226062540091 ], [ -114.934168076254764, 35.995355347100293 ], [ -114.934197294877933, 35.995367409637524 ], [ -114.934098871713545, 35.995559200966653 ], [ -114.93445688326949, 35.995749879553081 ], [ -114.934593740583551, 35.995808568212006 ], [ -114.934728697466682, 35.995884416428488 ], [ -114.934841710391808, 35.995952275690165 ], [ -114.934920490251784, 35.996007788530974 ], [ -114.935005367911145, 35.996071203605645 ], [ -114.935081447641863, 35.996133856366583 ], [ -114.935146981016459, 35.996194305205023 ], [ -114.935240370446266, 35.996293537323076 ], [ -114.935305792924225, 35.996367578152416 ], [ -114.935364162217155, 35.996443012153485 ], [ -114.935412917238665, 35.996509809239001 ], [ -114.93545640728783, 35.996574431864531 ], [ -114.935486781406468, 35.996628251770552 ], [ -114.935524097770767, 35.99669427143084 ], [ -114.935553543468046, 35.996753809635607 ], [ -114.935581223220069, 35.996814054845416 ], [ -114.935603644901505, 35.996871409109744 ], [ -114.935639763727906, 35.996967131293168 ], [ -114.935724039988997, 35.997221182565703 ], [ -114.935852195899358, 35.997591028490938 ], [ -114.935954459425943, 35.997879717558021 ], [ -114.936041799106931, 35.998126277179992 ], [ -114.936112738007964, 35.998352207416481 ], [ -114.93620142180535, 35.998599184252541 ], [ -114.936618743481432, 35.998937645053964 ], [ -114.936828596499652, 35.999116985478956 ], [ -114.937129069496976, 35.999399788230171 ], [ -114.937472605463682, 35.999706254235392 ], [ -114.937830561807473, 36.000012796801272 ], [ -114.938159685790254, 36.000319183132362 ], [ -114.938546198716125, 36.000661025260868 ], [ -114.939090070218896, 36.001156018780534 ], [ -114.939567114594155, 36.00159333258388 ], [ -114.940007888697622, 36.001986752758434 ], [ -114.940429057580019, 36.002375346131515 ], [ -114.941443138973014, 36.00327413333634 ], [ -114.941685434458705, 36.003522346378439 ], [ -114.942661359653471, 36.00453214448634 ], [ -114.94207989004299, 36.004980735220634 ], [ -114.941814992130674, 36.005182737162272 ], [ -114.941708076982721, 36.005265630549921 ], [ -114.941606285318954, 36.005368106050959 ], [ -114.941524687744689, 36.005473022941224 ], [ -114.941421955017717, 36.005659963995583 ], [ -114.941261905957262, 36.005962690639947 ], [ -114.941175661277128, 36.006107893491972 ], [ -114.941119659276751, 36.006210982176086 ], [ -114.941060460817354, 36.006325214643397 ], [ -114.94101175694172, 36.006442883154115 ], [ -114.940974725648758, 36.006562768244663 ], [ -114.940950139209207, 36.006679787969524 ], [ -114.940933576603214, 36.00682014497842 ], [ -114.940932364634406, 36.007283455733919 ], [ -114.940929040088861, 36.008410729005618 ], [ -114.940924732633022, 36.009088717626774 ], [ -114.940925106037909, 36.009786308561139 ], [ -114.940920333916694, 36.011208535065279 ], [ -114.940916822608472, 36.012721993939138 ], [ -114.943553082806133, 36.01271573290439 ], [ -114.945380215080235, 36.012711310353112 ], [ -114.94609798814416, 36.012709565216603 ], [ -114.946207992072189, 36.012704016737338 ], [ -114.946273127474612, 36.012700836582404 ], [ -114.946339625187036, 36.012694757802826 ], [ -114.946420815828148, 36.012687514056289 ], [ -114.946506506787543, 36.012674658249821 ], [ -114.946664041713873, 36.012648784668748 ], [ -114.946810690344435, 36.012617940108719 ], [ -114.946967147274478, 36.012569908040291 ], [ -114.947139022976216, 36.012512632558852 ], [ -114.947314566029618, 36.01243725184262 ], [ -114.947437130244822, 36.012379952542851 ], [ -114.947531753142911, 36.01232965968795 ], [ -114.947611407962512, 36.01227928657184 ], [ -114.947714945419676, 36.012215448149199 ], [ -114.947830919542625, 36.012138081947413 ], [ -114.948022039640819, 36.011996882553824 ], [ -114.949215358268646, 36.013054762439765 ], [ -114.949838989879268, 36.013607599233289 ], [ -114.95049869212761, 36.014185263853037 ], [ -114.951116245125178, 36.014745504021768 ], [ -114.951342895193108, 36.014943560727581 ], [ -114.95177538607966, 36.015328571883067 ], [ -114.95170055352331, 36.015384212425303 ], [ -114.951680076750506, 36.015399437717939 ], [ -114.950732967318402, 36.016106401862366 ], [ -114.950540122377006, 36.016273708176485 ], [ -114.950473104944322, 36.016338103896381 ], [ -114.950457006438455, 36.016355288074422 ], [ -114.950451649171512, 36.01635957799229 ], [ -114.950448976117059, 36.016361718924642 ], [ -114.950440937499849, 36.01637029845007 ], [ -114.95043287649176, 36.016378903093489 ], [ -114.950430195627334, 36.016381049392081 ], [ -114.950427522571587, 36.016383190323943 ], [ -114.95042305264117, 36.016388198756339 ], [ -114.950414100460293, 36.016398229976588 ], [ -114.950408746530599, 36.016402518107441 ], [ -114.950360447582355, 36.016454070590108 ], [ -114.950357751681139, 36.016458375441573 ], [ -114.950352397751516, 36.016462662668552 ], [ -114.950349700740176, 36.016466967513978 ], [ -114.950333602181104, 36.016484151674639 ], [ -114.950330989076974, 36.016488507435469 ], [ -114.950320178918105, 36.016499192211612 ], [ -114.950308538636165, 36.016513520203588 ], [ -114.950285245755595, 36.016542188737297 ], [ -114.950282606893751, 36.016544353280224 ], [ -114.950279871213397, 36.016548637189949 ], [ -114.9502772213079, 36.01655079536534 ], [ -114.950274498889073, 36.016555085654048 ], [ -114.950271834618945, 36.016557236543079 ], [ -114.950269126563882, 36.016561534117855 ], [ -114.950266449038523, 36.016563677726396 ], [ -114.950261057217958, 36.016572287424744 ], [ -114.950254618680745, 36.016579159286394 ], [ -114.950253007371415, 36.016580878594894 ], [ -114.950248695648057, 36.016586910840203 ], [ -114.950242242101851, 36.016595937650543 ], [ -114.950241096506389, 36.016596854547132 ], [ -114.950239564574616, 36.016598081258444 ], [ -114.950230950106359, 36.016610132275645 ], [ -114.950218035138079, 36.016628198470741 ], [ -114.950215410642983, 36.016630369397085 ], [ -114.950209965785561, 36.016638950872633 ], [ -114.950207288248819, 36.016641095381047 ], [ -114.950188434107758, 36.016669068067507 ], [ -114.950186522536384, 36.016670599220141 ], [ -114.950185757685958, 36.016671211680006 ], [ -114.950183062898716, 36.016675513829284 ], [ -114.950177669930326, 36.016684126221513 ], [ -114.950176137988649, 36.016685353833239 ], [ -114.950174992391155, 36.016686270729167 ], [ -114.950174985524896, 36.016686990838416 ], [ -114.950174972901806, 36.016688431062718 ], [ -114.950172358373464, 36.016690603843287 ], [ -114.950161510579832, 36.016707794050433 ], [ -114.950158834148795, 36.016709938563558 ], [ -114.950158815761171, 36.016712099804202 ], [ -114.950156108382672, 36.016714229733047 ], [ -114.950131872706152, 36.016752987014726 ], [ -114.950130298346721, 36.016754246849118 ], [ -114.950129195170589, 36.016755130620012 ], [ -114.950129188454937, 36.016755970604059 ], [ -114.950129176774922, 36.016757292761909 ], [ -114.95012744386068, 36.016758679745507 ], [ -114.950126499246338, 36.016759435465865 ], [ -114.950126492372476, 36.016760156476352 ], [ -114.950126479748477, 36.016761596700633 ], [ -114.950124589388693, 36.016763110839285 ], [ -114.950123803314611, 36.016763741212927 ], [ -114.950123797420659, 36.016764339650635 ], [ -114.950123783823841, 36.016765901546428 ], [ -114.950121734909189, 36.016767542834273 ], [ -114.950121107396996, 36.016768045157384 ], [ -114.950121103570737, 36.016768523731983 ], [ -114.950121087891716, 36.016770207293419 ], [ -114.95011849991937, 36.016772388324668 ], [ -114.950118391966527, 36.016774512139079 ], [ -114.95011577413446, 36.016776681295717 ], [ -114.950115694938859, 36.016778816077533 ], [ -114.950113048363662, 36.01678097246414 ], [ -114.950113000115223, 36.016783121830173 ], [ -114.950110322578141, 36.016785265435054 ], [ -114.95011030307974, 36.016787426669794 ], [ -114.950093238635446, 36.016814672414391 ], [ -114.950086036396286, 36.016826171159629 ], [ -114.950086029103687, 36.016827083245282 ], [ -114.95008601800663, 36.016828332400202 ], [ -114.95008468147013, 36.01682940241151 ], [ -114.950083341583834, 36.016830475109003 ], [ -114.950083329334092, 36.016831729665718 ], [ -114.950083320968119, 36.016832637239133 ], [ -114.950072643424633, 36.016849897736769 ], [ -114.950072516632616, 36.016852018747777 ], [ -114.95007069438131, 36.016853478265119 ], [ -114.950069841318026, 36.01685416146212 ], [ -114.950069833823846, 36.016854959981835 ], [ -114.950069820709146, 36.016856322690963 ], [ -114.950061652161295, 36.016869207955949 ], [ -114.950061713408374, 36.016871399359907 ], [ -114.950059036976242, 36.016873542969407 ], [ -114.950059016367035, 36.016875704198242 ], [ -114.950052954729671, 36.016885383810497 ], [ -114.950050928569425, 36.016888618730412 ], [ -114.950050921687591, 36.016889340642138 ], [ -114.950050909069361, 36.016890779965109 ], [ -114.950045618984433, 36.016899425341002 ], [ -114.950045496585886, 36.016901551782986 ], [ -114.950040778978732, 36.016909085261027 ], [ -114.950037408783359, 36.01691446631412 ], [ -114.950037398074628, 36.016915666800436 ], [ -114.950037389282912, 36.016916627548802 ], [ -114.950034694486291, 36.016920928793162 ], [ -114.950031996303565, 36.016925237230048 ], [ -114.950031987511736, 36.016926197978414 ], [ -114.950031976802947, 36.016927398464709 ], [ -114.950028606598991, 36.016932780418834 ], [ -114.950026584931663, 36.016936008151553 ], [ -114.950026579173382, 36.016936728266586 ], [ -114.950026566540274, 36.016938169392063 ], [ -114.950021276456638, 36.016946813865488 ], [ -114.95002115405012, 36.016948941208689 ], [ -114.950015813070678, 36.016957568288419 ], [ -114.950015741565693, 36.016959712123779 ], [ -114.950010349690373, 36.016968321809799 ], [ -114.950007614742475, 36.016976950023249 ], [ -114.950002299232111, 36.016985582644594 ], [ -114.94999948681351, 36.016994187014973 ], [ -114.949995443465866, 36.017000643380555 ], [ -114.949994094941218, 36.017002795798895 ], [ -114.949993311903796, 36.017005265758101 ], [ -114.949991358880908, 36.017011424006064 ], [ -114.949988585471033, 36.017015705005662 ], [ -114.949988643431197, 36.017017890984384 ], [ -114.949980536105215, 36.017032966745866 ], [ -114.949977801166156, 36.01704159315598 ], [ -114.949975164993361, 36.017045915438338 ], [ -114.9499750857143, 36.017048060133916 ], [ -114.949972478320149, 36.017052390679886 ], [ -114.949972370269194, 36.017054526210536 ], [ -114.94997044523565, 36.017057600328478 ], [ -114.949969673209438, 36.017058831947899 ], [ -114.949969667875848, 36.017059498887967 ], [ -114.949969654816442, 36.017060993188352 ], [ -114.949967924213766, 36.017063754677032 ], [ -114.949966957770698, 36.017065297123118 ], [ -114.949966949979924, 36.017066132594877 ], [ -114.949966938261056, 36.017067459258968 ], [ -114.94996539979843, 36.017069917119422 ], [ -114.949964243426479, 36.017071764106632 ], [ -114.949964234331119, 36.017072762708331 ], [ -114.949964222814586, 36.017073925335367 ], [ -114.949962877644751, 36.017076074165793 ], [ -114.949961527979681, 36.017078230182968 ], [ -114.949961516441476, 36.017079395513818 ], [ -114.949961507360484, 36.01708039231297 ], [ -114.949960353243057, 36.017082234805521 ], [ -114.949958811423016, 36.01708469625337 ], [ -114.949956985853518, 36.017090454091061 ], [ -114.94995334151416, 36.01710195177607 ], [ -114.949951443258144, 36.017105977816662 ], [ -114.949945214662307, 36.017119189670673 ], [ -114.949942459103724, 36.017129977308457 ], [ -114.949939795263518, 36.017134290430889 ], [ -114.949934293232531, 36.017151538572548 ], [ -114.949932867147069, 36.017153816763958 ], [ -114.949931598393277, 36.017155843419395 ], [ -114.949929506747949, 36.017163242036141 ], [ -114.949926107867526, 36.017175259267958 ], [ -114.949924049097135, 36.017178547190618 ], [ -114.949923411917652, 36.017179564108737 ], [ -114.949922361537844, 36.017183278264561 ], [ -114.949917922483152, 36.017198981765212 ], [ -114.949915226531971, 36.017203286605778 ], [ -114.949915187531246, 36.017207608173543 ], [ -114.949912551392615, 36.017211925046723 ], [ -114.949912452571539, 36.017216235483048 ], [ -114.949910246588942, 36.017219757869945 ], [ -114.949909756612271, 36.017220541224738 ], [ -114.949909748604611, 36.017221403734553 ], [ -114.9499097187134, 36.017224863699596 ], [ -114.949907755478392, 36.017227997101152 ], [ -114.949907021651498, 36.017229168534065 ], [ -114.94990701018385, 36.017230463653661 ], [ -114.949906982643085, 36.01723349100309 ], [ -114.949905266629372, 36.017236230936369 ], [ -114.949904286690142, 36.017237795843343 ], [ -114.949904270645845, 36.017239524468096 ], [ -114.94990424768153, 36.017242118312353 ], [ -114.949902776655946, 36.017244466568215 ], [ -114.949901550611528, 36.017246424047961 ], [ -114.949901532216558, 36.017248585288328 ], [ -114.949901512712202, 36.017250746522826 ], [ -114.949887837870648, 36.017293885771366 ], [ -114.949887798868332, 36.017298207339039 ], [ -114.949885114433911, 36.017304678083569 ], [ -114.949885045506875, 36.017308995888065 ], [ -114.949882390981998, 36.017315472198234 ], [ -114.949882289925895, 36.017319784425283 ], [ -114.949879667522097, 36.017326267214088 ], [ -114.949879536555656, 36.017330573875398 ], [ -114.949877460099387, 36.017335517407233 ], [ -114.949876819983345, 36.017337039943527 ], [ -114.949876810209176, 36.017338123264572 ], [ -114.949876782082541, 36.017341362418293 ], [ -114.949874863952914, 36.017345930038879 ], [ -114.94987406661177, 36.017347829393472 ], [ -114.949874054718165, 36.017349177687969 ], [ -114.949874027601396, 36.017352151862376 ], [ -114.949872271213152, 36.017356332774042 ], [ -114.949871311027863, 36.017358617930341 ], [ -114.949870575970664, 36.017363133210466 ], [ -114.94986849913866, 36.017375891083432 ], [ -114.949865783665999, 36.017382358058363 ], [ -114.949862970679703, 36.017399629402838 ], [ -114.949861453510309, 36.017404417256223 ], [ -114.949860235700157, 36.017408257612061 ], [ -114.949860213693071, 36.017410731587262 ], [ -114.94986017829271, 36.017414741321161 ], [ -114.949858766832321, 36.017418102961372 ], [ -114.949857462825221, 36.017421207394591 ], [ -114.949857429839668, 36.017424915202938 ], [ -114.949857404300914, 36.017427691999096 ], [ -114.949856039652346, 36.017431997556187 ], [ -114.949854669326953, 36.017436319306839 ], [ -114.94985464371598, 36.017439105115713 ], [ -114.949854610809609, 36.017442803010077 ], [ -114.949852789769565, 36.017448547350064 ], [ -114.949851875827576, 36.017451431219001 ], [ -114.949851858758336, 36.017453287824054 ], [ -114.949851817309977, 36.017457914922218 ], [ -114.949849166553989, 36.017466554391326 ], [ -114.94984902491862, 36.017473026840094 ], [ -114.949846289934882, 36.017481655048833 ], [ -114.949846193514077, 36.017492461226631 ], [ -114.949837251733598, 36.017600475485168 ], [ -114.949831548791906, 36.017643665818113 ], [ -114.949826194752887, 36.017647953019775 ], [ -114.949825616281288, 36.017712503468587 ], [ -114.949824877110515, 36.017794924208843 ], [ -114.949814366064615, 36.01952649708111 ], [ -114.949813738287375, 36.019629935084552 ], [ -114.949813786104627, 36.019632556340646 ], [ -114.949815045856283, 36.019701003813367 ], [ -114.949819639998609, 36.019950659729005 ], [ -114.949820098767319, 36.019975553572472 ], [ -114.949820900872851, 36.020019106302719 ], [ -114.94981881451028, 36.021403797956765 ], [ -114.950689643833073, 36.02139540493728 ], [ -114.950835446079907, 36.021381387521998 ], [ -114.950907290920682, 36.021379592204042 ], [ -114.951621986053013, 36.021387054509823 ], [ -114.951623788932039, 36.020701535546117 ], [ -114.951684094217057, 36.020708128778409 ], [ -114.951746304344539, 36.020710288557304 ], [ -114.952587885828905, 36.020707996388055 ], [ -114.952616445510031, 36.020705694932431 ], [ -114.95264551230359, 36.020698507440713 ], [ -114.952670806290399, 36.0206874911878 ], [ -114.952685609023334, 36.020677591498433 ], [ -114.95271242966929, 36.02065375404166 ], [ -114.952726696905913, 36.020631962379696 ], [ -114.952734962794537, 36.02060963535012 ], [ -114.952737862280387, 36.020585339605645 ], [ -114.952737633560645, 36.020530047665439 ], [ -114.952824981305639, 36.020530635497629 ], [ -114.953163615910938, 36.020529642638145 ], [ -114.953164256616105, 36.020680847629407 ], [ -114.953164601625673, 36.020762274505238 ], [ -114.953201841987081, 36.020762190644753 ], [ -114.953492237425493, 36.020546791877358 ], [ -114.953619890058647, 36.02048336614984 ], [ -114.95405617492878, 36.020163908392355 ], [ -114.953730834883231, 36.019870678402853 ], [ -114.953709378565634, 36.019847136330185 ], [ -114.953693492566828, 36.019819867727975 ], [ -114.953684526759503, 36.019790590363506 ], [ -114.953683023063832, 36.019763845168086 ], [ -114.953688476089241, 36.019730634435085 ], [ -114.953701237201145, 36.019702302068673 ], [ -114.953720614480488, 36.019676565929508 ], [ -114.953744590060978, 36.019655347833016 ], [ -114.954262153442869, 36.019276371426706 ], [ -114.954779710769003, 36.018897391811507 ], [ -114.954808689362054, 36.018879960860396 ], [ -114.954842255123069, 36.018867055058905 ], [ -114.954878292501462, 36.018859771032723 ], [ -114.954910281914806, 36.018858583879933 ], [ -114.95495045629788, 36.018862642828893 ], [ -114.954985444794403, 36.018872753035801 ], [ -114.95501729841375, 36.018888262781644 ], [ -114.955044768305754, 36.018908563456833 ], [ -114.955824407811562, 36.019611237610761 ], [ -114.956242554095212, 36.019305044261422 ], [ -114.957174786414967, 36.020134761253345 ], [ -114.957221856916092, 36.020170957319472 ], [ -114.957270935258634, 36.020201022327285 ], [ -114.957311311795067, 36.020217926085536 ], [ -114.957347284237969, 36.020227047495375 ], [ -114.958282105903919, 36.021048237558361 ], [ -114.958819587257324, 36.021546186508054 ], [ -114.959139504338935, 36.021828155916907 ], [ -114.959139458711505, 36.021840278273039 ], [ -114.959133971140773, 36.022906325826263 ], [ -114.959131479859678, 36.023390552237167 ], [ -114.959128303702244, 36.024007247457263 ], [ -114.959127985040766, 36.02407455185616 ], [ -114.959140749838113, 36.024412522115014 ], [ -114.959136415152457, 36.02592757595756 ], [ -114.959136415846302, 36.025929036079233 ], [ -114.959136411536903, 36.026893213234359 ], [ -114.959131411508736, 36.027125325229001 ], [ -114.959131234045003, 36.027171618151336 ], [ -114.959131210809332, 36.027177520691765 ], [ -114.959123648035714, 36.028986163219166 ], [ -114.959123571117644, 36.029004362009957 ], [ -114.959123387372443, 36.029081282197929 ], [ -114.959121852233025, 36.030795914968955 ], [ -114.959121843885612, 36.03080513529337 ], [ -114.959120016943359, 36.032609458669697 ], [ -114.959120040804365, 36.032619519176507 ], [ -114.959057759416936, 36.033873719897329 ], [ -114.959040302026381, 36.035528930084098 ], [ -114.959074273609531, 36.035686414465737 ], [ -114.959103675294088, 36.035865325241595 ], [ -114.959128421367225, 36.036076388409299 ], [ -114.959109250477425, 36.038059461564586 ], [ -114.959106998850473, 36.039870260052339 ], [ -114.959112176156552, 36.041761703065802 ], [ -114.95911228171137, 36.041800514713572 ], [ -114.95910603539275, 36.042465559713747 ], [ -114.959099458273627, 36.043165899821275 ], [ -114.959099083467095, 36.043205812158106 ], [ -114.959070897125258, 36.048933854592278 ], [ -114.959070874783336, 36.048938514217852 ], [ -114.959067704906133, 36.048937398133816 ], [ -114.958662952980546, 36.048937560972881 ], [ -114.958568039181159, 36.048937770688099 ], [ -114.958562445225098, 36.050147893484038 ], [ -114.958566563998474, 36.052544681418418 ], [ -114.958566523483853, 36.052569905086266 ], [ -114.958564756537157, 36.053684766708152 ], [ -114.958560820310041, 36.056167921912106 ], [ -114.958560778557938, 36.056194423605952 ], [ -114.958559601550448, 36.056647186983859 ], [ -114.958556175260512, 36.057965345155978 ], [ -114.958556089339325, 36.057998138605733 ], [ -114.958556007972746, 36.058029512527384 ], [ -114.95855147916302, 36.059765752712877 ], [ -114.95855000851617, 36.060287659504013 ], [ -114.958525818611236, 36.060806749428117 ], [ -114.958515285768854, 36.063394277758839 ], [ -114.95850029099752, 36.067077316275338 ], [ -114.958498276746568, 36.067609980237563 ], [ -114.958519486519222, 36.067923268542586 ], [ -114.958505045385436, 36.068011102635651 ], [ -114.958481164435767, 36.068089273376025 ], [ -114.958437574352715, 36.068171881296806 ], [ -114.958387751656545, 36.06825492991387 ], [ -114.95797775681811, 36.068822256030749 ], [ -114.957967203167598, 36.068856701914875 ], [ -114.95796623359881, 36.068893378910232 ], [ -114.957987871193296, 36.068929082283162 ], [ -114.958048576893432, 36.068966822547033 ], [ -114.958118819738317, 36.06900094869868 ], [ -114.95852255479403, 36.069173066461225 ], [ -114.958329523825782, 36.06943741200935 ], [ -114.957982518341296, 36.069939709248622 ], [ -114.957580931221045, 36.070497084015123 ], [ -114.957266411425536, 36.070896071987924 ], [ -114.956972163791534, 36.071239305043733 ], [ -114.95677951802196, 36.07144983151931 ], [ -114.956412559598562, 36.071825650217384 ], [ -114.956058917995335, 36.072156268677475 ], [ -114.956512937665792, 36.072484091670383 ], [ -114.956670219267124, 36.072626393266553 ], [ -114.956882359755525, 36.072865130985825 ], [ -114.957053305581567, 36.073098159829513 ], [ -114.957191622179792, 36.073365356749655 ], [ -114.957281969167667, 36.073654281360156 ], [ -114.957317164302665, 36.073864819509275 ], [ -114.957323566730011, 36.073903116722597 ], [ -114.957436273117935, 36.075615190854997 ], [ -114.957631121186736, 36.078573533287404 ], [ -114.957704939589348, 36.079727460880889 ], [ -114.957812903304315, 36.081415078621021 ], [ -114.95787503034083, 36.082319853515344 ], [ -114.958050212343679, 36.084999898335987 ], [ -114.958113763854442, 36.086043376332135 ], [ -114.958633315986447, 36.086042480095166 ], [ -114.958631759028904, 36.086154278061713 ], [ -114.958631325330472, 36.086209123419451 ], [ -114.958627802775752, 36.086283030472877 ], [ -114.958621134778312, 36.086383153433175 ], [ -114.958617593345537, 36.086459445221408 ], [ -114.958611077295757, 36.086540490284868 ], [ -114.958601546672767, 36.086631058987187 ], [ -114.958586141104092, 36.086721597085948 ], [ -114.958573786670286, 36.086797842962845 ], [ -114.958546496933252, 36.086905011195007 ], [ -114.958567377280431, 36.086901756316578 ], [ -114.958771731609815, 36.08694317895673 ], [ -114.958863379054208, 36.086961755127099 ], [ -114.959278936912881, 36.087012917097347 ], [ -114.963542405913088, 36.087537736115429 ], [ -114.967007096846331, 36.087572727058429 ], [ -114.967630427556614, 36.087578718887983 ], [ -114.968919434114795, 36.087567713021699 ], [ -114.97016944137215, 36.087557707070665 ], [ -114.971402447343408, 36.087735702393182 ], [ -114.971475449024126, 36.087746702933096 ], [ -114.971881451265574, 36.087801701249369 ], [ -114.972449454064957, 36.08788969796052 ], [ -114.973377459295421, 36.08802069551961 ], [ -114.97370846134379, 36.088070693373446 ], [ -114.974087464069342, 36.088135692911315 ], [ -114.974378466598239, 36.088262690986902 ], [ -114.974514466800301, 36.08831769095589 ], [ -114.9746094682164, 36.088361690550492 ], [ -114.974791469581703, 36.088465691134488 ], [ -114.974859470343688, 36.088608690091235 ], [ -114.974902470574477, 36.088683691689077 ], [ -114.97506847288038, 36.088971691942639 ], [ -114.975144473298499, 36.089102691749915 ], [ -114.975201475684855, 36.08923769158605 ], [ -114.975300476735853, 36.089596693158413 ], [ -114.975312663283972, 36.089663714214339 ], [ -114.975334478483759, 36.089783693911436 ], [ -114.975354478203059, 36.089833693886213 ], [ -114.975354655842153, 36.08992993004221 ], [ -114.975622922573663, 36.090001946892002 ], [ -114.97576173394323, 36.090133598005529 ], [ -114.976025862565137, 36.090301295577312 ], [ -114.976429282588668, 36.090509658344402 ], [ -114.976643310221945, 36.090574064580821 ], [ -114.977064237069072, 36.090628549442485 ], [ -114.977254434964394, 36.090603807466948 ], [ -114.977405493229782, 36.090521034740796 ], [ -114.977668222854589, 36.090329588392777 ], [ -114.977836147903488, 36.090111959657655 ], [ -114.977933659737289, 36.089784736082244 ], [ -114.977974867460318, 36.089572892815887 ], [ -114.978048087171913, 36.08931623086351 ], [ -114.978089048162829, 36.089136515794472 ], [ -114.978161872164208, 36.088931258235533 ], [ -114.978298373808954, 36.088681340732776 ], [ -114.97839465173945, 36.088514755284329 ], [ -114.978530757245906, 36.088316241983676 ], [ -114.978753844558355, 36.088131019512218 ], [ -114.979048228814975, 36.087939728675302 ], [ -114.979700176138266, 36.087576741559815 ], [ -114.979906788850826, 36.087474968197007 ], [ -114.980089307757183, 36.08741805443622 ], [ -114.980287364942171, 36.087399773393379 ], [ -114.980587942757907, 36.087433412854196 ], [ -114.980825140394344, 36.087473159466846 ], [ -114.980990747976477, 36.087557526351702 ], [ -114.981124690124503, 36.087641734027393 ], [ -114.981218903907134, 36.087745020011511 ], [ -114.981320789020685, 36.087880473034303 ], [ -114.981375519411031, 36.087970709089944 ], [ -114.981430493607249, 36.088028816832711 ], [ -114.981656174952519, 36.088268308501689 ], [ -114.984996988690312, 36.089939153207006 ], [ -114.985060807275246, 36.089981422511855 ], [ -114.98541830033804, 36.090195184363338 ], [ -114.985743549927093, 36.090355789929802 ], [ -114.985922599142825, 36.090422924645772 ], [ -114.986313341534469, 36.090557357570987 ], [ -114.986753253941927, 36.09066553561302 ], [ -114.987992083256657, 36.09089691934193 ], [ -114.988676642055069, 36.091032801693501 ], [ -114.989752056013245, 36.091289854231569 ], [ -114.990322559958301, 36.091398665402032 ], [ -114.990632297611597, 36.091453191871558 ], [ -114.990827973990889, 36.091480655048521 ], [ -114.991072618481766, 36.091508361518727 ], [ -114.991464369040841, 36.091510295305312 ], [ -114.992084540379594, 36.091526602213953 ], [ -114.992671867054796, 36.091569242363562 ], [ -114.992932637909391, 36.091623520841509 ], [ -114.993176888828458, 36.091704215660968 ], [ -114.993323200575404, 36.091784427345935 ], [ -114.995110243134647, 36.092932591753481 ], [ -114.996702539480324, 36.093934042504173 ], [ -115.000536878895247, 36.096390495329977 ], [ -115.00221062991352, 36.097432018170153 ], [ -115.003689214257179, 36.098379833163932 ], [ -115.006597613176268, 36.100261926453406 ], [ -115.010449351989763, 36.102651910053538 ], [ -115.011846986932952, 36.103532993788349 ], [ -115.01470708068284, 36.105374913402663 ], [ -115.017859754806722, 36.107416875115511 ], [ -115.019306440780255, 36.108311352216695 ], [ -115.021663015138429, 36.109832766446161 ], [ -115.023437453448395, 36.110928017575596 ], [ -115.02526401281483, 36.112087595264256 ], [ -115.025544477280434, 36.112283949608248 ], [ -115.025701895198068, 36.112405556846767 ], [ -115.025826546182415, 36.112522890743627 ], [ -115.026038451095459, 36.11280958110008 ], [ -115.026418564678437, 36.113308583591241 ], [ -115.026736197529203, 36.113756472383812 ], [ -115.02707089268614, 36.114275865489596 ], [ -115.027332708271828, 36.114717999290228 ], [ -115.027568241604243, 36.11513665983194 ], [ -115.028017090748875, 36.115884594065939 ], [ -115.028253344543643, 36.116231830574236 ], [ -115.028418101843627, 36.116455112843731 ], [ -115.029134819439463, 36.117360870351213 ], [ -115.029214130678142, 36.117487606052514 ], [ -115.029354226138523, 36.117839352865118 ], [ -115.029402128407668, 36.116752237309832 ], [ -115.029361667033953, 36.114964621709952 ], [ -115.031858820451475, 36.116402685791932 ], [ -115.031880863454418, 36.11641669422314 ], [ -115.031776479110889, 36.11652483461539 ], [ -115.031530141908448, 36.116769324002995 ], [ -115.031498538008876, 36.116804716634675 ], [ -115.031838358156875, 36.11702067490635 ], [ -115.032537167651824, 36.117464283547385 ], [ -115.033243532037758, 36.117912675318991 ], [ -115.033212170452032, 36.117984101550832 ], [ -115.033171747378432, 36.118090779157313 ], [ -115.033148646284303, 36.118162788571446 ], [ -115.033119837609362, 36.118271919623844 ], [ -115.03310455953094, 36.118345288042867 ], [ -115.033087582191925, 36.118456040753024 ], [ -115.033077771382978, 36.118567362631829 ], [ -115.033075943302052, 36.118657154930752 ], [ -115.03366395463847, 36.118665908870724 ], [ -115.033663748542324, 36.118675561714113 ], [ -115.033653753298566, 36.119145168028041 ], [ -115.033657880953953, 36.119240573879914 ], [ -115.033664554461495, 36.119288015389465 ], [ -115.033678193510909, 36.119350705432517 ], [ -115.033708667626954, 36.119442913528275 ], [ -115.033735517166519, 36.119502729521464 ], [ -115.033758993609808, 36.11954651490322 ], [ -115.033814253210281, 36.119630797052537 ], [ -115.03384588245811, 36.119671063280073 ], [ -115.033892013690874, 36.119722558538093 ], [ -115.033929455619884, 36.119759396720369 ], [ -115.033982977568286, 36.119805946158202 ], [ -115.034025675016807, 36.119838807543523 ], [ -115.034673938061857, 36.120243566739511 ], [ -115.034762805812605, 36.120304295490854 ], [ -115.034838822665165, 36.120362366027294 ], [ -115.034910988548731, 36.120423585148657 ], [ -115.034979108014753, 36.120487783425155 ], [ -115.035063315407967, 36.120577713365108 ], [ -115.035121283748595, 36.120648168790332 ], [ -115.035174627819302, 36.120720989670552 ], [ -115.03522320236992, 36.120795975259753 ], [ -115.035266872171022, 36.120872921252278 ], [ -115.035317266099426, 36.120978198680461 ], [ -115.035349053594032, 36.121058888372879 ], [ -115.035375592484314, 36.121140817677421 ], [ -115.0353892356313, 36.121196598193215 ], [ -115.03540268871933, 36.121251595512874 ], [ -115.035416722890758, 36.121335537915158 ], [ -115.035425322594477, 36.121419961999571 ], [ -115.035428464995221, 36.121504634227044 ], [ -115.035428707812528, 36.1215549339802 ], [ -115.035432847355153, 36.12241122939826 ], [ -115.035433334956963, 36.122512184910036 ], [ -115.035445113210741, 36.122673701452804 ], [ -115.035476502543176, 36.12282512389244 ], [ -115.035527229475434, 36.122973054761196 ], [ -115.035596738792208, 36.123115873671246 ], [ -115.035700543136898, 36.123273950463499 ], [ -115.035807869987707, 36.12340042308643 ], [ -115.035930904696784, 36.123517100869172 ], [ -115.036068297500577, 36.123622704970643 ], [ -115.036461884449281, 36.123894972366315 ], [ -115.036470862129278, 36.123901182702078 ], [ -115.036476395786877, 36.123905010519337 ], [ -115.037808008266438, 36.124826140556337 ], [ -115.037891142639097, 36.124913159611793 ], [ -115.037963007716968, 36.125003885732411 ], [ -115.038024852838348, 36.125099347593547 ], [ -115.038068526351097, 36.125200760023624 ], [ -115.038101943420955, 36.125299160513386 ], [ -115.038124726379124, 36.125405144789802 ], [ -115.038137171275196, 36.125513967981362 ], [ -115.038138413867401, 36.125618861033182 ], [ -115.038142210359112, 36.125939191614684 ], [ -115.038143933211003, 36.126084709144166 ], [ -115.038191166004282, 36.129744371061371 ], [ -115.038211293689002, 36.129744278752312 ], [ -115.038292743427917, 36.129744041736721 ], [ -115.038294085634618, 36.129744026209941 ], [ -115.040444106527275, 36.129735019216753 ], [ -115.04064679351761, 36.129733245046644 ], [ -115.042798270236347, 36.129723972553755 ], [ -115.044753528983577, 36.129716506185304 ], [ -115.046215513693255, 36.129710853983575 ], [ -115.04728427183403, 36.129706709144742 ], [ -115.047345703158555, 36.129705359769446 ], [ -115.047465776757861, 36.129702721458408 ], [ -115.047550247517123, 36.129704415019852 ], [ -115.047599629601351, 36.129705405486661 ], [ -115.051806982603367, 36.129683323428203 ], [ -115.051888853690016, 36.129683038476742 ], [ -115.056304812943623, 36.129667577196429 ], [ -115.056337085985263, 36.131774796287139 ], [ -115.05634235484834, 36.133381969906935 ], [ -115.059089498755483, 36.133355324304681 ], [ -115.060889763281523, 36.133338307521988 ], [ -115.060895098246434, 36.133740720471344 ], [ -115.060972786574879, 36.13702916442535 ], [ -115.065382712365249, 36.136957757951542 ], [ -115.065539538078511, 36.136950826026485 ], [ -115.065539566202787, 36.136947727495176 ], [ -115.065491170744977, 36.13512494242373 ], [ -115.065442565781524, 36.13329422267838 ], [ -115.065391175905319, 36.131461328119762 ], [ -115.065339670889117, 36.129624255884885 ], [ -115.065340056410207, 36.12962425574856 ], [ -115.065475123266197, 36.129624202232534 ], [ -115.06550898580376, 36.129624189018436 ], [ -115.067502194036422, 36.129623374093825 ], [ -115.067545543581687, 36.129623346157302 ], [ -115.067548773336412, 36.129623338426107 ], [ -115.069760830049646, 36.129622435242815 ], [ -115.070332321548335, 36.129622195181085 ], [ -115.074182703185514, 36.129620447225051 ], [ -115.077132145408243, 36.129614351791986 ], [ -115.077295486229261, 36.129613978950879 ], [ -115.077450412017484, 36.129613644273633 ], [ -115.081116015706471, 36.129608399445637 ], [ -115.08122183481035, 36.129608247067836 ], [ -115.081307099535607, 36.129617629843743 ], [ -115.081383313636323, 36.129651334905297 ], [ -115.08144077236085, 36.129688430469407 ], [ -115.08151530910051, 36.129749179946458 ], [ -115.081973247869641, 36.129426931554164 ], [ -115.082584630779081, 36.128970712081241 ], [ -115.076046804998569, 36.123157700875026 ], [ -115.07498942737999, 36.12221643821858 ], [ -115.074551389736541, 36.121817615604826 ], [ -115.074304558360453, 36.121599541374763 ], [ -115.07420650182199, 36.121512589486983 ], [ -115.067223068621544, 36.115314477958265 ], [ -115.066766931268447, 36.114911549679178 ], [ -115.066189297093587, 36.114906683986234 ], [ -115.06576690474472, 36.114892937580386 ], [ -115.06542171869124, 36.114870579721696 ], [ -115.06485709975631, 36.114847690104206 ], [ -115.064683342727321, 36.114850384948568 ], [ -115.064186970589674, 36.114869553627678 ], [ -115.062779067006488, 36.114912896352614 ], [ -115.061404834578596, 36.114952248410745 ], [ -115.060690485878837, 36.114977980890046 ], [ -115.060033499643353, 36.11500121330014 ], [ -115.058863053903863, 36.115044371155157 ], [ -115.058516065943309, 36.11505716318635 ], [ -115.057981031011252, 36.115076623550344 ], [ -115.056525956535253, 36.115129536287036 ], [ -115.056300402207896, 36.115130180595045 ], [ -115.0562528019327, 36.115130024464179 ], [ -115.056185295503099, 36.115126123302105 ], [ -115.056135950354246, 36.115121614292882 ], [ -115.056070759996615, 36.115113219466664 ], [ -115.056007408499099, 36.115102926449531 ], [ -115.055892421850459, 36.115083573473783 ], [ -115.0554401032973, 36.114995263120662 ], [ -115.055072510482148, 36.114930767260645 ], [ -115.054964276351427, 36.114915973078901 ], [ -115.054870742156723, 36.114904232315553 ], [ -115.054683474020493, 36.114886703663977 ], [ -115.053953821368509, 36.114871065240244 ], [ -115.053307713155647, 36.114862750754504 ], [ -115.051423877646201, 36.114851966781721 ], [ -115.051410138071915, 36.114537034660572 ], [ -115.05134052689759, 36.112943502860865 ], [ -115.051231739200063, 36.11148877602502 ], [ -115.051176541310014, 36.11036355991034 ], [ -115.053683541985862, 36.110379375648911 ], [ -115.054063983810579, 36.110365841254456 ], [ -115.055122258658315, 36.110288732708966 ], [ -115.055304601518898, 36.110276794425246 ], [ -115.055502666633998, 36.11025640962594 ], [ -115.055686226617127, 36.110230032807117 ], [ -115.055883967788816, 36.11019227071202 ], [ -115.056051306035215, 36.110146982102329 ], [ -115.056200209484189, 36.110100658615991 ], [ -115.056375303287624, 36.110038114942824 ], [ -115.056614033198485, 36.109941069532361 ], [ -115.058674579301311, 36.10840757336463 ], [ -115.058893193124348, 36.108242326834485 ], [ -115.059092017663673, 36.108093475412559 ], [ -115.058583104985772, 36.107641089330841 ], [ -115.057082174905432, 36.106308625990444 ], [ -115.055489631263413, 36.104894595450595 ], [ -115.054020164263264, 36.103589782061313 ], [ -115.050981886971414, 36.100891748742477 ], [ -115.051243882657758, 36.100775604116883 ], [ -115.051389367984029, 36.100705584248772 ], [ -115.051569569874957, 36.100630040014821 ], [ -115.051740318766164, 36.100575332205977 ], [ -115.051930314310084, 36.100526204698269 ], [ -115.052126670038405, 36.100492757049324 ], [ -115.052292242819604, 36.100472073928785 ], [ -115.052469092033277, 36.100456915913881 ], [ -115.053557517709336, 36.100447244300575 ], [ -115.054887670074194, 36.100435631789331 ], [ -115.054914629203083, 36.100435395514175 ], [ -115.058555547938184, 36.100355650302646 ], [ -115.059418974039019, 36.100336724021716 ], [ -115.063822136016285, 36.1002406848812 ], [ -115.063928523917994, 36.100237218006768 ], [ -115.06392889129539, 36.10023725294662 ], [ -115.063930455183154, 36.100237227275649 ], [ -115.065479999171586, 36.100244913350863 ], [ -115.066163004250555, 36.100249377800978 ], [ -115.066352290329448, 36.100250315916007 ], [ -115.06694985276512, 36.100253276249411 ], [ -115.071175555157993, 36.100264740542016 ], [ -115.073219476170948, 36.100270232118611 ], [ -115.074340247966447, 36.100268210036205 ], [ -115.075223582554571, 36.100266609821297 ], [ -115.076106920523557, 36.100265002206733 ], [ -115.076977247736991, 36.100263412439993 ], [ -115.077863287904307, 36.10026178706611 ], [ -115.080097388167204, 36.100264907619632 ], [ -115.080173162422767, 36.100265012969793 ], [ -115.080717639070585, 36.100273947665613 ], [ -115.081655264136685, 36.1002893278919 ], [ -115.081916541688884, 36.100293604383353 ], [ -115.082342880130739, 36.10030060174261 ], [ -115.08251075008252, 36.100305714123351 ], [ -115.082680215766601, 36.100303329599697 ], [ -115.083116738487035, 36.100297185204973 ], [ -115.084096225153914, 36.100283392647391 ], [ -115.084667283026207, 36.10027534763676 ], [ -115.084679526231881, 36.100275175040309 ], [ -115.084688271853892, 36.100275051887095 ], [ -115.085212283892758, 36.100267665722946 ], [ -115.085571933950504, 36.100262595371682 ], [ -115.085732832705887, 36.100260326884232 ], [ -115.085750309502146, 36.100260081264715 ], [ -115.086880686854514, 36.100244136848936 ], [ -115.087340181618032, 36.100237653087319 ], [ -115.087761057510249, 36.100231702830833 ], [ -115.088267787763868, 36.10022455723071 ], [ -115.089799934919384, 36.100202912539217 ], [ -115.09060860285409, 36.10019148009291 ], [ -115.090771126346652, 36.100189181773203 ], [ -115.091776272565582, 36.100174962266827 ], [ -115.091775215169008, 36.100311984622003 ], [ -115.091790919022117, 36.101504196953307 ], [ -115.091815099816557, 36.103159467486996 ], [ -115.091825910262614, 36.103903995572018 ], [ -115.091827266574768, 36.103991910435667 ], [ -115.09182491394877, 36.104777591929093 ], [ -115.091824364649369, 36.105035823212745 ], [ -115.09182864683747, 36.105299569526153 ], [ -115.091836369396461, 36.105758378643586 ], [ -115.091844976657327, 36.10627900255804 ], [ -115.091850743875739, 36.106474074890222 ], [ -115.091823766314221, 36.106695111926328 ], [ -115.091779945629241, 36.107174313327356 ], [ -115.091741684227927, 36.107542277326957 ], [ -115.091732842808213, 36.107637018228722 ], [ -115.091861977485337, 36.107633612652364 ], [ -115.092351027395722, 36.107629982653329 ], [ -115.093647009138763, 36.107631959681214 ], [ -115.096490262245638, 36.107635071856365 ], [ -115.097350787972388, 36.107629706462355 ], [ -115.100685323843422, 36.107607209254468 ], [ -115.10194337302471, 36.107587548724609 ], [ -115.10220929995495, 36.107583069705235 ], [ -115.102963278420845, 36.107570454934375 ], [ -115.103612686485164, 36.107558924874006 ], [ -115.105311624912687, 36.107529878548611 ], [ -115.105844445575713, 36.10751686467723 ], [ -115.105925075989319, 36.107514438646021 ], [ -115.106980791235884, 36.107498034593526 ], [ -115.106985298762282, 36.107497984005853 ], [ -115.107695702973302, 36.107489990956729 ], [ -115.109910750700152, 36.10744783015155 ], [ -115.110034543932713, 36.10744557180427 ], [ -115.110872954166538, 36.107429648880782 ], [ -115.11220182814391, 36.107411984856782 ], [ -115.112284186061544, 36.107404983624789 ], [ -115.11275946040827, 36.107397235131273 ], [ -115.113623673659362, 36.10738276782233 ], [ -115.114473500118322, 36.107368238011055 ], [ -115.114497416620722, 36.107366957965226 ], [ -115.116784955727567, 36.107329443810123 ], [ -115.117413686804241, 36.107317531327318 ], [ -115.119072522282792, 36.107287310168722 ], [ -115.121351529684702, 36.107340463875666 ], [ -115.123653666047971, 36.107392508360512 ], [ -115.125270429891671, 36.107427780098739 ], [ -115.12595048405025, 36.107442872291443 ], [ -115.128235624700494, 36.107494842315283 ], [ -115.130517131589443, 36.107560654912909 ], [ -115.131787044032009, 36.10759851455763 ], [ -115.132801594033282, 36.107626982270375 ], [ -115.13323091339295, 36.107650291079182 ], [ -115.13381926116692, 36.107664859970157 ], [ -115.135090737074222, 36.107691661234774 ], [ -115.135318353608781, 36.107702046054968 ], [ -115.135318796663014, 36.107702066638041 ], [ -115.135606114167274, 36.107709614987584 ], [ -115.136050152141777, 36.107721280581458 ], [ -115.137026917594568, 36.107746898278187 ], [ -115.137378090042873, 36.107757367768137 ], [ -115.137395067647361, 36.107757873461814 ], [ -115.137284209374329, 36.106228335217146 ], [ -115.137262729763236, 36.105931969289216 ], [ -115.137171460310938, 36.104672657091328 ], [ -115.137155242217517, 36.104448879926814 ], [ -115.139345729083658, 36.10444273465955 ], [ -115.141015629408599, 36.104466638653697 ], [ -115.141165391138472, 36.104485791283182 ], [ -115.141276349034982, 36.104507663188336 ], [ -115.141351996199276, 36.104537989725465 ], [ -115.141427615695704, 36.104576046585763 ], [ -115.141489064366866, 36.10462005114411 ], [ -115.14153117148534, 36.104657407590167 ], [ -115.141560889173803, 36.104703303275642 ], [ -115.141572974367278, 36.104749134883548 ], [ -115.141699101521922, 36.107420087509844 ], [ -115.141710696906486, 36.107685556519527 ], [ -115.141722483685555, 36.107704219940935 ], [ -115.141735406129811, 36.107720209775607 ], [ -115.141750386857595, 36.107733593414068 ], [ -115.141767493913093, 36.107745112877872 ], [ -115.141781255398428, 36.107753478978793 ], [ -115.14179638323489, 36.107760025874832 ], [ -115.141833356069895, 36.107769615800898 ], [ -115.145523264763412, 36.10784730989316 ], [ -115.148484421646771, 36.107879974530455 ], [ -115.149518864394125, 36.107946096867529 ], [ -115.150417307514374, 36.107952589298655 ], [ -115.150416742463705, 36.108055606125617 ], [ -115.150471503155245, 36.111458179879875 ], [ -115.15046205870982, 36.111598251355545 ], [ -115.150417082346877, 36.111773908604675 ], [ -115.15035594795016, 36.111924782060264 ], [ -115.150248966289155, 36.112101587954115 ], [ -115.150135022467452, 36.11223578748627 ], [ -115.149989951330667, 36.11237399604331 ], [ -115.149807924945435, 36.112498334043138 ], [ -115.149635154685029, 36.112593859989367 ], [ -115.149479683732551, 36.11266060303327 ], [ -115.147421419145374, 36.113235537567434 ], [ -115.147268733279546, 36.113295419936087 ], [ -115.147081161400934, 36.113388141163419 ], [ -115.14693228325747, 36.113486497294602 ], [ -115.14678731710606, 36.113604098553729 ], [ -115.146671937794821, 36.113728674425339 ], [ -115.146662989739141, 36.113739630498472 ], [ -115.146577498508449, 36.113854700059441 ], [ -115.14649307243883, 36.114006861089742 ], [ -115.146444935952275, 36.1141399232501 ], [ -115.146404719308791, 36.114256531254952 ], [ -115.14638913894386, 36.114395206376209 ], [ -115.14638239261383, 36.114543529676354 ], [ -115.146380705888774, 36.114696279679556 ], [ -115.146378950386449, 36.114859442161787 ], [ -115.146328869875092, 36.116571664183077 ], [ -115.146313430487652, 36.117099520609266 ], [ -115.146586603476123, 36.11710326336177 ], [ -115.146590981969069, 36.117038720929813 ], [ -115.14660795892118, 36.116953620656354 ], [ -115.146631291025741, 36.116905630263915 ], [ -115.146707579356331, 36.116809757369687 ], [ -115.146798724010367, 36.116744157346844 ], [ -115.146902437015086, 36.116701953017696 ], [ -115.146981496912062, 36.116678889921367 ], [ -115.148779953830783, 36.116421101079489 ], [ -115.149065631924998, 36.116380149225542 ], [ -115.149541441136165, 36.116322807914457 ], [ -115.149653980057536, 36.116330083020777 ], [ -115.149770750054685, 36.116337373324413 ], [ -115.149811454045789, 36.116362245028412 ], [ -115.150240125858872, 36.11675801373363 ], [ -115.150271150064086, 36.116773235228138 ], [ -115.150315898188012, 36.116794000621162 ], [ -115.150628034525454, 36.116796824878755 ], [ -115.150629287273915, 36.116719295873054 ], [ -115.150628611141016, 36.116578858998309 ], [ -115.150628656595998, 36.116576444576594 ], [ -115.150641752573463, 36.115884617895013 ], [ -115.151592808551015, 36.115889169976555 ], [ -115.151743040522746, 36.115897053853367 ], [ -115.151880358895568, 36.115917392113289 ], [ -115.152037040526963, 36.11595695073337 ], [ -115.152195632548953, 36.116017111655076 ], [ -115.15230095132938, 36.116070272396691 ], [ -115.152821502614174, 36.116363084840813 ], [ -115.152914185808655, 36.116408858564839 ], [ -115.152957727139992, 36.116423888167255 ], [ -115.152990842806844, 36.116435354436675 ], [ -115.153056546993554, 36.116457997540806 ], [ -115.153171176459452, 36.116482084313439 ], [ -115.153347782100496, 36.116495437078861 ], [ -115.1538562990565, 36.11650389629569 ], [ -115.154006288500284, 36.116500674239276 ], [ -115.154158237938276, 36.116489395069692 ], [ -115.154657593148187, 36.116489210657043 ], [ -115.154718317002718, 36.116691783444857 ], [ -115.154725444901302, 36.116715560922394 ], [ -115.154891482911594, 36.116709064830175 ], [ -115.154993552629904, 36.116692933973376 ], [ -115.155065401663308, 36.116674843794122 ], [ -115.155126398319794, 36.116653186211956 ], [ -115.155182563802398, 36.11662459385623 ], [ -115.155215943378082, 36.116602647412712 ], [ -115.155284852419427, 36.116548016860058 ], [ -115.155309016672206, 36.116512113280265 ], [ -115.155415893487529, 36.1165134348999 ], [ -115.155931178189661, 36.116519807633608 ], [ -115.156252516274449, 36.116523780272857 ], [ -115.156266035110278, 36.116524388143574 ], [ -115.156272761096972, 36.116525019582276 ], [ -115.156286094009999, 36.116526935477893 ], [ -115.156297571549601, 36.116529315241927 ], [ -115.156308817876777, 36.116532340414281 ], [ -115.156316677646203, 36.116534888450715 ], [ -115.15632739720148, 36.116538984293456 ], [ -115.156334824166422, 36.11654227616323 ], [ -115.156342039574781, 36.116545865609723 ], [ -115.156353099133966, 36.116552203296365 ], [ -115.156362237036518, 36.116558321430347 ], [ -115.156370016164331, 36.116564276996385 ], [ -115.156431578794155, 36.116614496840668 ], [ -115.156674637369434, 36.116395732159759 ], [ -115.156712359627136, 36.116423323657834 ], [ -115.156769035472891, 36.116372313401406 ], [ -115.156731314335048, 36.116344721023651 ], [ -115.157033758078597, 36.116072506135296 ], [ -115.157268597811893, 36.115861123296291 ], [ -115.157306320025555, 36.11588871460949 ], [ -115.157362994002227, 36.115837702256236 ], [ -115.157325272893829, 36.115810112767214 ], [ -115.157496996634549, 36.115655548527165 ], [ -115.157631335255303, 36.115753809659985 ], [ -115.157816065346481, 36.115592969417136 ], [ -115.157838734947831, 36.115572565102177 ], [ -115.157841991133409, 36.115569404078322 ], [ -115.157845861073767, 36.115564898688369 ], [ -115.157849158297822, 36.115560101046405 ], [ -115.157852421578298, 36.115553770170003 ], [ -115.157853903555377, 36.11554982863062 ], [ -115.15785555165192, 36.115543096349974 ], [ -115.157856145823601, 36.115534877687651 ], [ -115.157855479573755, 36.11552803534569 ], [ -115.157854192331271, 36.115522643697687 ], [ -115.157852247890361, 36.115517383109704 ], [ -115.157849665958793, 36.115512306828442 ], [ -115.157846471817493, 36.115507464515183 ], [ -115.157841669124693, 36.115501815235419 ], [ -115.157837297434256, 36.115497606863826 ], [ -115.158042293634992, 36.11564748258386 ], [ -115.15804973475376, 36.115653092545472 ], [ -115.158055774996271, 36.115657903490231 ], [ -115.158066267234375, 36.115666866300934 ], [ -115.158074077308015, 36.115674095406121 ], [ -115.158081571837627, 36.115681544210283 ], [ -115.158086724446363, 36.115686991027481 ], [ -115.158095573412879, 36.115697054804563 ], [ -115.158100244643975, 36.115702781119637 ], [ -115.158105615518039, 36.11570977624492 ], [ -115.158111093709934, 36.115717263861242 ], [ -115.158118178019464, 36.11572663007891 ], [ -115.158129232797791, 36.115740456499722 ], [ -115.158136885240367, 36.115749523696678 ], [ -115.158147769627817, 36.115761783049351 ], [ -115.158156979684193, 36.115771629987613 ], [ -115.158165394400342, 36.115780239321261 ], [ -115.158175112752673, 36.11578975998713 ], [ -115.158183971182652, 36.11579807166104 ], [ -115.158197637425786, 36.115810266067037 ], [ -115.158208181005747, 36.11581919029129 ], [ -115.158217756623799, 36.11582695921868 ], [ -115.158226292882134, 36.115833629378209 ], [ -115.158238331117872, 36.115842649030263 ], [ -115.158439537864538, 36.115989819342282 ], [ -115.158607067808504, 36.116112356404926 ], [ -115.158586668450226, 36.116130550804606 ], [ -115.158166644556545, 36.116505163209396 ], [ -115.158466833142739, 36.116679829877192 ], [ -115.158520530378567, 36.116707750518415 ], [ -115.158582778942801, 36.116736890251786 ], [ -115.158634170065184, 36.116749352562898 ], [ -115.158692638738202, 36.116749559692053 ], [ -115.158818652658724, 36.116735322907047 ], [ -115.159230096124446, 36.116679317664087 ], [ -115.159409880286304, 36.116636842526951 ], [ -115.159416188923231, 36.11668848777532 ], [ -115.159470612543842, 36.116675549160028 ], [ -115.159524765668991, 36.116661884917313 ], [ -115.159560241413615, 36.116652948647712 ], [ -115.159580296836268, 36.116647896546297 ], [ -115.159636121460721, 36.116634695121462 ], [ -115.159692221732314, 36.116622287789944 ], [ -115.15974858098555, 36.116610675393737 ], [ -115.159805180304431, 36.116599864174759 ], [ -115.159862003023562, 36.116589854975132 ], [ -115.159919032458376, 36.116580652242121 ], [ -115.159976253039787, 36.116572259525633 ], [ -115.16000780854452, 36.116568090682442 ], [ -115.160033643664136, 36.116564676750912 ], [ -115.160091189863692, 36.116557909274441 ], [ -115.160148871650392, 36.116551956124113 ], [ -115.160206673455392, 36.116546820850054 ], [ -115.160264576382161, 36.116542506089267 ], [ -115.160294145118584, 36.116540724015479 ], [ -115.160322562664433, 36.116539010877602 ], [ -115.160380616738195, 36.116536337863984 ], [ -115.160438718610678, 36.116534486977756 ], [ -115.160496851616685, 36.116533459061387 ], [ -115.160554996874367, 36.116533254048228 ], [ -115.160613139935336, 36.116533873689967 ], [ -115.16067125859972, 36.116535315204352 ], [ -115.160729339534811, 36.116537579445797 ], [ -115.16078736163702, 36.116540666339958 ], [ -115.160792315261119, 36.116541000157333 ], [ -115.160845307140079, 36.116544574922976 ], [ -115.160903162730506, 36.116549302444206 ], [ -115.160960906198767, 36.116554847924142 ], [ -115.161018520879665, 36.116561212205617 ], [ -115.161075991247714, 36.116568390727593 ], [ -115.161133298435331, 36.116576380719913 ], [ -115.161190424671361, 36.116585182120275 ], [ -115.161247352208605, 36.116594790359876 ], [ -115.161304065507039, 36.116605203581749 ], [ -115.161360545708632, 36.116616417213265 ], [ -115.161416777263611, 36.11662843120007 ], [ -115.161472739106813, 36.116641238257927 ], [ -115.161524408620394, 36.116653855333944 ], [ -115.161528419040067, 36.11665483473913 ], [ -115.161583797079984, 36.116669218771115 ], [ -115.161638857705569, 36.11668438489194 ], [ -115.161693585395753, 36.116700327639606 ], [ -115.161747960171908, 36.116717044240396 ], [ -115.16180196652725, 36.11673452652856 ], [ -115.161855588921426, 36.116752772647374 ], [ -115.161908811847624, 36.116771774431072 ], [ -115.161961618669011, 36.116791527315264 ], [ -115.162013990541396, 36.116812024023787 ], [ -115.162065914160252, 36.116833260003986 ], [ -115.162066313148287, 36.116833430850761 ], [ -115.16211737290773, 36.116855227086326 ], [ -115.162168352368369, 36.116877920714252 ], [ -115.162218834818233, 36.116901331813061 ], [ -115.162268805851284, 36.116925454023708 ], [ -115.162318252172284, 36.116950280991027 ], [ -115.162398817209336, 36.11699285748378 ], [ -115.162434137624658, 36.117011756512738 ], [ -115.162469859527349, 36.117030153113312 ], [ -115.162505972953355, 36.117048040941036 ], [ -115.162542463490411, 36.117065414537201 ], [ -115.162579324497287, 36.117082269371615 ], [ -115.162616541566436, 36.117098599084258 ], [ -115.162636579457555, 36.117107028076646 ], [ -115.162654103608446, 36.117114400030722 ], [ -115.162692000659035, 36.117129665866564 ], [ -115.162730219407052, 36.117144392939579 ], [ -115.162768750989358, 36.117158576711887 ], [ -115.162807579873103, 36.117172213523439 ], [ -115.162846696093922, 36.117185297029906 ], [ -115.162886088557329, 36.117197824488215 ], [ -115.162925745053286, 36.117209794052648 ], [ -115.162965652289586, 36.117221198465941 ], [ -115.163005798056162, 36.117232035882417 ], [ -115.163046172364432, 36.117242304464213 ], [ -115.163086759690984, 36.117251998748884 ], [ -115.163127551153224, 36.117261117803736 ], [ -115.163168531222908, 36.117269657067681 ], [ -115.163227890195571, 36.117280900639408 ], [ -115.163231370280158, 36.117281559969655 ], [ -115.163898362229276, 36.117505544502237 ], [ -115.163893488038298, 36.117239095535034 ], [ -115.164033606182528, 36.117237813757143 ], [ -115.164033407245967, 36.117223409362779 ], [ -115.164026348990362, 36.116720713509757 ], [ -115.16401991815215, 36.11625757072607 ], [ -115.164010993555806, 36.114481359506158 ], [ -115.164150399962296, 36.11447972989022 ], [ -115.165647090304503, 36.114519105234358 ], [ -115.167499178425984, 36.114572702782453 ], [ -115.167597851258748, 36.114575184703043 ], [ -115.167701864887277, 36.114576602595669 ], [ -115.167889427066925, 36.114581695253342 ], [ -115.172664666621472, 36.114711255696562 ], [ -115.172821811880823, 36.114716858330858 ], [ -115.172847239418743, 36.11471769167818 ], [ -115.175395945445189, 36.114777192592314 ], [ -115.176377131930508, 36.114805694445295 ], [ -115.176882473757942, 36.114801914494954 ], [ -115.177617428580149, 36.114794788955329 ], [ -115.177945317983543, 36.114773920824874 ], [ -115.179303692939897, 36.114617178835644 ], [ -115.179765941464467, 36.114573123610583 ], [ -115.180314464631053, 36.114529238595864 ], [ -115.180459758716779, 36.114518356122126 ], [ -115.180637725052406, 36.114504156473267 ], [ -115.180829325347958, 36.114488642270942 ], [ -115.180827804374417, 36.114744771063371 ], [ -115.180826771010246, 36.115391538492808 ], [ -115.180826585710236, 36.115470756927017 ], [ -115.180827011419026, 36.115472011166396 ], [ -115.180826576166353, 36.115474587429333 ], [ -115.180826299341561, 36.115593085205781 ], [ -115.180824499769173, 36.116362805600744 ], [ -115.180824541325535, 36.117023110415353 ], [ -115.180821451641236, 36.117458007969134 ], [ -115.180818071666764, 36.118537429933767 ], [ -115.180815389706694, 36.119765865335033 ], [ -115.180814588799834, 36.120132924003244 ], [ -115.180814042911095, 36.120330258525932 ], [ -115.180814042589205, 36.120330321615953 ], [ -115.180813934328697, 36.120369390868568 ], [ -115.180812413154911, 36.120919396844471 ], [ -115.180811009869657, 36.121491788786209 ], [ -115.180811011401943, 36.121492359315091 ], [ -115.1808112954254, 36.121496132214716 ], [ -115.180811036944093, 36.121498456704138 ], [ -115.180811070280683, 36.12150694527169 ], [ -115.180813302986166, 36.122056033605425 ], [ -115.1808145447567, 36.122361731198922 ], [ -115.180832950037328, 36.122726240425131 ], [ -115.180840282195803, 36.122871434908909 ], [ -115.180844175349492, 36.12303375337796 ], [ -115.180844496340839, 36.123290667615954 ], [ -115.180845617851574, 36.123633231558216 ], [ -115.180845051924308, 36.123843848370974 ], [ -115.180844860189168, 36.123915167670731 ], [ -115.180843236053789, 36.124518858962141 ], [ -115.180843589460707, 36.125767356371448 ], [ -115.180832784459938, 36.125994805669002 ], [ -115.180827865038609, 36.12612173283555 ], [ -115.180827633558039, 36.126127688753968 ], [ -115.180825480664495, 36.126198188468102 ], [ -115.180824808088119, 36.126220043650349 ], [ -115.180824548408168, 36.126231307233141 ], [ -115.180824391705912, 36.126238066461354 ], [ -115.180823697960548, 36.126277348219119 ], [ -115.180823696283809, 36.126277459073471 ], [ -115.180822171845904, 36.12636369940661 ], [ -115.180822122068392, 36.126366486962084 ], [ -115.180821153065409, 36.126438586851975 ], [ -115.180825428986111, 36.126638243786665 ], [ -115.180825498034721, 36.126641476082206 ], [ -115.180826599563332, 36.126736931111218 ], [ -115.180827812702177, 36.126842081802927 ], [ -115.180828194721443, 36.126855608902261 ], [ -115.18084888971282, 36.127072268106765 ], [ -115.180838434264942, 36.127946504299501 ], [ -115.180835866010597, 36.129050727280358 ], [ -115.18082508394302, 36.129487760351083 ], [ -115.180819344576634, 36.129706272099128 ], [ -115.180813250016556, 36.129777572408486 ], [ -115.180802220147996, 36.129906581706884 ], [ -115.180769662479264, 36.130199158732168 ], [ -115.180768911410809, 36.130205908749275 ], [ -115.180762264834016, 36.130265625491241 ], [ -115.180898517186591, 36.130187523007507 ], [ -115.180956863210071, 36.130154078761208 ], [ -115.18111962610665, 36.130060778964967 ], [ -115.181134208347544, 36.130055097429533 ], [ -115.181117341332623, 36.130215970653616 ], [ -115.181109107814592, 36.130284312037688 ], [ -115.181096945987946, 36.130385268198552 ], [ -115.18107687544591, 36.130551859320001 ], [ -115.18105126149176, 36.130714607613498 ], [ -115.181023939947707, 36.130888209928059 ], [ -115.180929328059378, 36.131386503137406 ], [ -115.180805909409656, 36.131888820234856 ], [ -115.18068385659204, 36.13233070419713 ], [ -115.18057482959621, 36.13266686606223 ], [ -115.180447036879443, 36.133030435441924 ], [ -115.180274633310802, 36.133466656221998 ], [ -115.18106748313275, 36.133481471017255 ], [ -115.181068816452594, 36.133481463775055 ], [ -115.181170193097259, 36.133483766086137 ], [ -115.181204876994812, 36.133484923453572 ], [ -115.183400244344782, 36.133559801174144 ], [ -115.185642528577731, 36.133635826325289 ], [ -115.187988666959185, 36.133715193979349 ], [ -115.18839895627093, 36.133729134077562 ], [ -115.1902123056976, 36.133790729604726 ], [ -115.190246234369496, 36.133791881877578 ], [ -115.190281275038515, 36.133793072036624 ], [ -115.190382604062165, 36.133796153230236 ], [ -115.190550417842971, 36.133790697896025 ], [ -115.192588658717753, 36.133755440203331 ], [ -115.192612654151532, 36.133755524732194 ], [ -115.192684832221104, 36.133754298980669 ], [ -115.193509757933725, 36.133740293462893 ], [ -115.194331384358648, 36.133726337350453 ], [ -115.194825396591099, 36.133717944147243 ], [ -115.194828503412438, 36.133717891126047 ], [ -115.198757321027074, 36.133656629746426 ], [ -115.19914730373182, 36.133650541936724 ], [ -115.199181164011236, 36.133650013238963 ], [ -115.199283643695054, 36.133648429066852 ], [ -115.201194374238767, 36.133643688617987 ], [ -115.201970968327828, 36.133640667576266 ], [ -115.202328258041248, 36.133639056612544 ], [ -115.203270353866927, 36.133639300250692 ], [ -115.205083365809472, 36.133633089199712 ], [ -115.205084167732892, 36.133712581895018 ], [ -115.205090561325747, 36.135115469237185 ], [ -115.205091421876162, 36.135448838445591 ], [ -115.20509245246835, 36.135847736273199 ], [ -115.205092687032447, 36.135938492494908 ], [ -115.205096255978148, 36.13602555309231 ], [ -115.205106621068438, 36.136112255686115 ], [ -115.205123740666338, 36.136198251340282 ], [ -115.205147545348211, 36.136283192832487 ], [ -115.205177940099475, 36.136366740069128 ], [ -115.205214802109296, 36.136448556473077 ], [ -115.205257982975183, 36.136528312596006 ], [ -115.205292530327, 36.13659097356134 ], [ -115.205310524664995, 36.136627384235311 ], [ -115.205323174712419, 36.136654957032519 ], [ -115.205335093744139, 36.136682742933644 ], [ -115.205366530306634, 36.136767608399268 ], [ -115.205391154301438, 36.136853942223581 ], [ -115.205408866325456, 36.136941383577422 ], [ -115.205419589205022, 36.137029569897948 ], [ -115.205423280235578, 36.137118133322112 ], [ -115.205423356817647, 36.137158712776177 ], [ -115.20542335838455, 36.137159313046681 ], [ -115.205423461667976, 36.13721425569517 ], [ -115.205423566109857, 36.137269188432526 ], [ -115.205436090795658, 36.137805520984813 ], [ -115.205427934005669, 36.138642233740725 ], [ -115.205414511942706, 36.13871489563882 ], [ -115.205380381250606, 36.13876257040851 ], [ -115.205310159898943, 36.138795314890181 ], [ -115.205217838879847, 36.138801891592998 ], [ -115.204498979258375, 36.138805116057235 ], [ -115.204087267530099, 36.138806561261724 ], [ -115.204090604648357, 36.139520835274475 ], [ -115.204093578256376, 36.140178790376559 ], [ -115.20416988614943, 36.140201009068633 ], [ -115.204411446710679, 36.140281440602244 ], [ -115.204498856347811, 36.140328419519477 ], [ -115.204639315664664, 36.140438258555655 ], [ -115.204598376733514, 36.140495645605689 ], [ -115.204385748410161, 36.140903944309343 ], [ -115.204261698365855, 36.140904791336375 ], [ -115.204269557530921, 36.141225068455107 ], [ -115.204281181059784, 36.141596488148942 ], [ -115.204292846334823, 36.141959246468886 ], [ -115.204303181271953, 36.142320918099166 ], [ -115.204316279840413, 36.142662024499515 ], [ -115.204316150019281, 36.142690176155639 ], [ -115.204322734078403, 36.142997697570237 ], [ -115.204323857710435, 36.143043177050771 ], [ -115.204332910413541, 36.143394016357234 ], [ -115.204350064552145, 36.14430141599221 ], [ -115.204349620057059, 36.144397779620348 ], [ -115.204314741941857, 36.144507100487225 ], [ -115.202086360462047, 36.144492703628352 ], [ -115.19993800504183, 36.144478489778045 ], [ -115.199839465168196, 36.144478448520289 ], [ -115.197956645601224, 36.144466728475166 ], [ -115.196350888360485, 36.1444558935518 ], [ -115.195034402630455, 36.144446993989945 ], [ -115.194134122324783, 36.144440899532292 ], [ -115.194040724117471, 36.14444041594539 ], [ -115.193958065616528, 36.144439987906701 ], [ -115.190800162782253, 36.144419047186986 ], [ -115.190800155718421, 36.1444197961426 ], [ -115.190799195544898, 36.144526683350499 ], [ -115.190784915713735, 36.146355785682253 ], [ -115.190784991174297, 36.146481409722796 ], [ -115.190777438187538, 36.147808073603706 ], [ -115.190776926545524, 36.147917253318568 ], [ -115.190776250239253, 36.148061495672238 ], [ -115.190769127350293, 36.149011274985398 ], [ -115.190766633084309, 36.149381456703175 ], [ -115.190762538467339, 36.149989210621683 ], [ -115.190759134127788, 36.150477129360503 ], [ -115.19075451985664, 36.151138511348393 ], [ -115.190751146115119, 36.151622039875633 ], [ -115.190750563914207, 36.151705433181505 ], [ -115.190751098972171, 36.152095886713198 ], [ -115.190754397836415, 36.154503981408332 ], [ -115.190754386686308, 36.154504880865829 ], [ -115.190750939873467, 36.154786441842219 ], [ -115.190744109464717, 36.155344440091461 ], [ -115.190743853288168, 36.155403430910006 ], [ -115.190742316093676, 36.155654140413226 ], [ -115.190775477110677, 36.155850272003256 ], [ -115.19083289790818, 36.1560229294575 ], [ -115.190907857428186, 36.156190751174982 ], [ -115.190936185425059, 36.156241666233321 ], [ -115.190996012103867, 36.15634488028487 ], [ -115.191029647367387, 36.156393065543845 ], [ -115.191156909194945, 36.156559685626384 ], [ -115.191288944444409, 36.156702969500337 ], [ -115.191347153660473, 36.156750805138621 ], [ -115.191733649186546, 36.157068421905137 ], [ -115.191946953028676, 36.157261419297356 ], [ -115.192075112820334, 36.157418426292487 ], [ -115.192208600531274, 36.157611162595813 ], [ -115.192319256963643, 36.157839538113599 ], [ -115.192400757698792, 36.158098036170131 ], [ -115.192436883383621, 36.158370122816066 ], [ -115.192462076215065, 36.158882549430679 ], [ -115.192469868539462, 36.159001242181631 ], [ -115.190715460657842, 36.15899086094926 ], [ -115.19064394609083, 36.158990573450822 ], [ -115.190224856283791, 36.158989238173874 ], [ -115.190128761387953, 36.158988500201531 ], [ -115.189162765888284, 36.158984606579963 ], [ -115.188180900789874, 36.158980641120742 ], [ -115.187852000182957, 36.15897931098948 ], [ -115.18719827399525, 36.158975228426939 ], [ -115.186597435789395, 36.158971472423922 ], [ -115.186311958198615, 36.158970697310728 ], [ -115.186219911192623, 36.158970401332979 ], [ -115.186201926750002, 36.158970264223207 ], [ -115.18618433240772, 36.158970129304869 ], [ -115.186109189205368, 36.158969595439338 ], [ -115.18514459007433, 36.158973648695905 ], [ -115.183480385259301, 36.158948870074319 ], [ -115.183379004203388, 36.158946448860156 ], [ -115.182942747364564, 36.158945408442662 ], [ -115.182567201572596, 36.158942761488568 ], [ -115.182389752290945, 36.158944474327043 ], [ -115.182212303008626, 36.158946186001231 ], [ -115.181857420969465, 36.158946363050148 ], [ -115.181711289898942, 36.158945160461919 ], [ -115.181146612019234, 36.158941955249738 ], [ -115.178910393308485, 36.158929298148912 ], [ -115.17779282698082, 36.158924204520723 ], [ -115.176207351086006, 36.158916960997161 ], [ -115.176205906265338, 36.158916954285885 ], [ -115.172768979677059, 36.158895506846243 ], [ -115.169994398385299, 36.158893627805838 ], [ -115.16998684960366, 36.158893622497303 ], [ -115.169954832896138, 36.158893592270687 ], [ -115.169647593998604, 36.158892431968638 ], [ -115.168958171016001, 36.158889807504202 ], [ -115.168381787919515, 36.158887610212844 ], [ -115.167711156708876, 36.158885050849314 ], [ -115.167395512428413, 36.15888384479986 ], [ -115.165932888400221, 36.15887824263428 ], [ -115.165467432553299, 36.158876461811758 ], [ -115.165365805051493, 36.158876215537035 ], [ -115.164976232984841, 36.158875268882376 ], [ -115.164584119136748, 36.158874315683192 ], [ -115.164245360851538, 36.158873491031905 ], [ -115.163861251429424, 36.158872555347692 ], [ -115.163631033628889, 36.158871994394104 ], [ -115.163522775472003, 36.15887173054174 ], [ -115.162124349808991, 36.158868307623344 ], [ -115.16169271261451, 36.158891658160243 ], [ -115.161478954190372, 36.158918647694044 ], [ -115.161289208556695, 36.158957980837712 ], [ -115.161133993883638, 36.158984626142207 ], [ -115.160885686447571, 36.159005367681942 ], [ -115.160430159976485, 36.159016343889583 ], [ -115.160421093059824, 36.159016530003768 ], [ -115.160158026900874, 36.159021921165355 ], [ -115.159966618334977, 36.1590212171199 ], [ -115.158786334700579, 36.158992026745551 ], [ -115.158267974529792, 36.158938544009878 ], [ -115.156883115618285, 36.158860343778123 ], [ -115.156638935272568, 36.158859961237411 ], [ -115.15662877693164, 36.158859944893159 ], [ -115.156410263637696, 36.158859601908212 ], [ -115.15633815607174, 36.158859489191947 ], [ -115.15625271596177, 36.158859355052378 ], [ -115.155202240024906, 36.158857701081061 ], [ -115.154876337325305, 36.158857185169765 ], [ -115.154825556736128, 36.158857104534604 ], [ -115.154819610657171, 36.158857095889452 ], [ -115.154534787008913, 36.158856644825335 ], [ -115.154263430401869, 36.158856213365574 ], [ -115.154222425826703, 36.15885614855187 ], [ -115.153957055309377, 36.158855727018469 ], [ -115.153537771512745, 36.158855059388195 ], [ -115.15342091170956, 36.158854873620044 ], [ -115.15311454331804, 36.158854385141254 ], [ -115.152578400886654, 36.158853527974607 ], [ -115.152501807948141, 36.15885335716721 ], [ -115.152416508657964, 36.158853288393729 ], [ -115.152220435769337, 36.158853434857022 ], [ -115.152208921324572, 36.158853449310676 ], [ -115.152047726868659, 36.158853653376113 ], [ -115.151821410226304, 36.158853939086512 ], [ -115.151494983866257, 36.15885428183573 ], [ -115.150954164628374, 36.158854839008534 ], [ -115.150342840640945, 36.158855466165456 ], [ -115.148902518529255, 36.158853169591126 ], [ -115.147953659548051, 36.158849517584464 ], [ -115.147782618219779, 36.158848858149433 ], [ -115.147459516019651, 36.158843807731053 ], [ -115.147449968384322, 36.158843696391024 ], [ -115.147127698288472, 36.158839922534881 ], [ -115.146147081976835, 36.158828421915324 ], [ -115.145993844286508, 36.158827824879978 ], [ -115.145957571537025, 36.158827878154753 ], [ -115.145868753734803, 36.158827772946864 ], [ -115.144555704024725, 36.158831452355777 ], [ -115.144536456073283, 36.158831506251495 ], [ -115.143618762949671, 36.158834068228089 ], [ -115.143565765481483, 36.158834121593713 ], [ -115.143084459755102, 36.158834912996795 ], [ -115.143018321980307, 36.158835352265271 ], [ -115.14301794074936, 36.158835354469574 ], [ -115.141378777668592, 36.158841443290903 ], [ -115.1409391069609, 36.158843230447069 ], [ -115.140161223627388, 36.158843337485564 ], [ -115.139141127252799, 36.158850202839574 ], [ -115.138381900405392, 36.158854223213687 ], [ -115.138353513902103, 36.158854350336085 ], [ -115.136920423330736, 36.158860766465729 ], [ -115.136903879279203, 36.158861050025017 ], [ -115.136900913708402, 36.158861101165591 ], [ -115.136871503660714, 36.158861606272055 ], [ -115.1353221079886, 36.158872499949567 ], [ -115.134090739034548, 36.158881143216121 ], [ -115.13398142615965, 36.158880523333309 ], [ -115.13284104356724, 36.158874046734724 ], [ -115.132775837170456, 36.158874280154549 ], [ -115.132765005005055, 36.158874318737489 ], [ -115.132616261936235, 36.158875095054917 ], [ -115.132391480863234, 36.158876239393699 ], [ -115.131930344937459, 36.158873378274592 ], [ -115.131834653571531, 36.158872784312507 ], [ -115.131783201906302, 36.158872481374964 ], [ -115.131306178253354, 36.158872520533343 ], [ -115.130535832891539, 36.158872579054176 ], [ -115.130442498790416, 36.158871806319389 ], [ -115.130258691262611, 36.158870284967662 ], [ -115.129981549656804, 36.158867990239806 ], [ -115.128934547558643, 36.158867654767292 ], [ -115.128928879314259, 36.158867651297804 ], [ -115.128802239932398, 36.158866171445204 ], [ -115.128679910363488, 36.158865898421197 ], [ -115.128236620032453, 36.158864909599757 ], [ -115.128057628254368, 36.158865910559882 ], [ -115.127896650600164, 36.158866691309342 ], [ -115.127884391654035, 36.158867064716894 ], [ -115.127883972583305, 36.158867075742108 ], [ -115.12787863914869, 36.158867217702579 ], [ -115.127228435256995, 36.158865796297114 ], [ -115.125090632514713, 36.158861099801001 ], [ -115.125023500217083, 36.158861491978271 ], [ -115.123400904675464, 36.158870968075718 ], [ -115.123115432394542, 36.158867483539701 ], [ -115.12282996125775, 36.158863998327547 ], [ -115.121274541375158, 36.158855999644175 ], [ -115.120595448614623, 36.158852501145624 ], [ -115.118890687649639, 36.158847845039119 ], [ -115.118618754533344, 36.158846147166251 ], [ -115.118347025938149, 36.15884444856821 ], [ -115.118110374770737, 36.158841470519711 ], [ -115.116760568314007, 36.158824466554755 ], [ -115.116681874784035, 36.1588241456842 ], [ -115.116550610475173, 36.158825216167671 ], [ -115.116474113081637, 36.158825839258817 ], [ -115.116442732789153, 36.158826089222515 ], [ -115.116195002340433, 36.158828113264704 ], [ -115.116167789002688, 36.158827949484532 ], [ -115.116124896966681, 36.158827760616553 ], [ -115.114426494311104, 36.158839751394375 ], [ -115.114412659485964, 36.158839722488828 ], [ -115.113916956361933, 36.158838697243148 ], [ -115.113894308060509, 36.158838649972608 ], [ -115.112714952786988, 36.158837472903571 ], [ -115.111643259470057, 36.15883639354044 ], [ -115.11163575192991, 36.158836372998735 ], [ -115.11151617023009, 36.158836060810522 ], [ -115.109892596267073, 36.15883151784417 ], [ -115.108026157095608, 36.158830228486153 ], [ -115.107712440400945, 36.158830013790769 ], [ -115.107673943119593, 36.158829983547186 ], [ -115.107147303432612, 36.158829577165108 ], [ -115.106078212429352, 36.158831979687953 ], [ -115.105465298904633, 36.15883335289648 ], [ -115.105448859952986, 36.158833336002971 ], [ -115.103483416717822, 36.158831324059499 ], [ -115.103361462186527, 36.158831198818049 ], [ -115.103361296583131, 36.158831199055975 ], [ -115.103361132091081, 36.158831199298334 ], [ -115.101090276871986, 36.15882883096539 ], [ -115.101061223363047, 36.158828800552548 ], [ -115.101037313578288, 36.158828760193344 ], [ -115.100985332960917, 36.158828115624864 ], [ -115.100588946677419, 36.158828427298609 ], [ -115.100465025806656, 36.158828525521024 ], [ -115.099456554056644, 36.158829312415683 ], [ -115.098434667451599, 36.158830101421131 ], [ -115.098016677313126, 36.158830421697836 ], [ -115.097922636952958, 36.158828910535348 ], [ -115.097427517182311, 36.158829274976256 ], [ -115.09679017030814, 36.158829740392541 ], [ -115.096470696584959, 36.158831152875656 ], [ -115.095801065936769, 36.15883489954561 ], [ -115.094705987647387, 36.158843776068622 ], [ -115.09358071369644, 36.158852886882649 ], [ -115.092315111443114, 36.158851102241044 ], [ -115.092310403499638, 36.15885109556568 ], [ -115.091775690413854, 36.158857155307601 ], [ -115.091736766757933, 36.158857596777196 ], [ -115.091535885178274, 36.15885987286314 ], [ -115.091520487552486, 36.158860047603042 ], [ -115.090653685616957, 36.158869864405133 ], [ -115.090622978171609, 36.158870212214502 ], [ -115.090496549350846, 36.158871643548366 ], [ -115.089211432153064, 36.15887348889779 ], [ -115.089139556925829, 36.15887359173756 ], [ -115.089000289089626, 36.158874997376671 ], [ -115.087365384969843, 36.158891680053202 ], [ -115.087331894463148, 36.158891857772012 ], [ -115.086907849172448, 36.158894112366504 ], [ -115.086354663384697, 36.158899335904394 ], [ -115.085793325898791, 36.158904632994179 ], [ -115.085232471866163, 36.158907461722656 ], [ -115.084676167020675, 36.158910265297557 ], [ -115.083454143099701, 36.158919397381574 ], [ -115.08208254831122, 36.158929197327502 ], [ -115.08199584168689, 36.158929907997376 ], [ -115.08199365651555, 36.15892992589287 ], [ -115.081909134964249, 36.158930633925998 ], [ -115.080199136470512, 36.158946283462264 ], [ -115.080216942324853, 36.159378835280215 ], [ -115.080266045453286, 36.160543981567265 ], [ -115.080283834229846, 36.160966076399767 ], [ -115.080287136218004, 36.161044426970285 ], [ -115.080298651313456, 36.161317645236927 ], [ -115.080345637728854, 36.162432531607294 ], [ -115.080347759300139, 36.16248287676612 ], [ -115.080351634824396, 36.162574820303867 ], [ -115.080365685885297, 36.162908224794144 ], [ -115.080414785940945, 36.164073223427771 ], [ -115.080415014742186, 36.16407864655892 ], [ -115.080443968525728, 36.164765598276759 ], [ -115.080507045557724, 36.166262496251761 ], [ -115.080508358366956, 36.166293648587995 ], [ -115.080499539981759, 36.167184173885623 ], [ -115.080490644006517, 36.168080882482677 ], [ -115.080487784203299, 36.168369165548604 ], [ -115.080472679964799, 36.16988177475713 ], [ -115.080464325780369, 36.170733867728956 ], [ -115.080463957493535, 36.170771002964145 ], [ -115.080455028049784, 36.171671007802054 ], [ -115.080454949879893, 36.171678897371294 ], [ -115.080446079142661, 36.172572964617387 ], [ -115.080443268745839, 36.172856213966845 ], [ -115.080437903445812, 36.173387390329268 ], [ -115.080437192030885, 36.173469893257305 ], [ -115.082663702336049, 36.173472059214355 ], [ -115.082767391029904, 36.173472159031114 ], [ -115.08308532026642, 36.173472464970359 ], [ -115.084888632523914, 36.173474183497056 ], [ -115.086006374719162, 36.173475234463893 ], [ -115.086567585836249, 36.173475758526735 ], [ -115.087141317207625, 36.173476288554163 ], [ -115.089350602763759, 36.173478279533434 ], [ -115.089349221395295, 36.173564693183792 ], [ -115.089348811749858, 36.17359065497223 ], [ -115.089348434598733, 36.173614449290746 ], [ -115.089341970035065, 36.174023139867849 ], [ -115.089322026167935, 36.175284014288856 ], [ -115.089321673775217, 36.175306693806519 ], [ -115.089321337760808, 36.175327825876145 ], [ -115.089306783931974, 36.176247565899523 ], [ -115.089304819499617, 36.176372138631386 ], [ -115.089292111585507, 36.177178146908602 ], [ -115.094217015825478, 36.177185225059802 ], [ -115.094212237619828, 36.17792072681258 ], [ -115.09420749415851, 36.178650071904926 ], [ -115.094202996991086, 36.179373924552259 ], [ -115.094193152291908, 36.180892209710294 ], [ -115.09463027614261, 36.18089269682563 ], [ -115.095058957505245, 36.180894259223841 ], [ -115.095976321465031, 36.18089759739653 ], [ -115.098273396263707, 36.180905923757464 ], [ -115.098274116632524, 36.180905929378191 ], [ -115.098374366181943, 36.180906278477551 ], [ -115.10140810023924, 36.180958152973041 ], [ -115.101566363968246, 36.180960792220603 ], [ -115.1025043645094, 36.180976449744115 ], [ -115.104840451952512, 36.181015618179259 ], [ -115.10706695614671, 36.181052907513902 ], [ -115.107238416574816, 36.181054265029573 ], [ -115.107409797743699, 36.181057148770208 ], [ -115.10821591424164, 36.181068782877482 ], [ -115.108345351599013, 36.181072451582779 ], [ -115.108779349458558, 36.181079584744538 ], [ -115.110367334209144, 36.181105672463417 ], [ -115.110800130844552, 36.181112779136619 ], [ -115.111640122086868, 36.181126635524812 ], [ -115.111776227841801, 36.18112920376992 ], [ -115.112065278621898, 36.181134010375132 ], [ -115.113399498225519, 36.181156188705081 ], [ -115.116054241038682, 36.18120017694816 ], [ -115.119420477354808, 36.181197520738877 ], [ -115.120584168437148, 36.181197414961858 ], [ -115.120581123749929, 36.181464954886358 ], [ -115.120579806617172, 36.18235771849514 ], [ -115.12058087627365, 36.183040386923274 ], [ -115.120581962038685, 36.183720307302551 ], [ -115.120580871708157, 36.184841643096661 ], [ -115.120581614565523, 36.186650904168786 ], [ -115.120582704611209, 36.188400669219305 ], [ -115.120586116513863, 36.188500186553782 ], [ -115.119514385010476, 36.188504205526876 ], [ -115.118335885657814, 36.188507818524812 ], [ -115.118052933748203, 36.188509570603522 ], [ -115.117769981753483, 36.188511335532297 ], [ -115.117142680217299, 36.188515698790212 ], [ -115.116110338663759, 36.188519183533941 ], [ -115.116031540831969, 36.18851739084014 ], [ -115.116008072766775, 36.188516899115101 ], [ -115.115994276155988, 36.188516484774489 ], [ -115.115974698600112, 36.188515776589817 ], [ -115.115002736942657, 36.188497180431504 ], [ -115.113423891138794, 36.188466376762236 ], [ -115.112709807675799, 36.188452455993406 ], [ -115.111657625485591, 36.188431935716217 ], [ -115.11121559575767, 36.18842187907164 ], [ -115.1108071702796, 36.188412585162105 ], [ -115.110533489300494, 36.188406356194868 ], [ -115.110349192460404, 36.18840254352309 ], [ -115.10950466721701, 36.188385067391479 ], [ -115.109062881623018, 36.18837592307915 ], [ -115.108654688632157, 36.188369463609881 ], [ -115.108219089277981, 36.188362568684163 ], [ -115.107714608930351, 36.188354269383673 ], [ -115.107211766309291, 36.188345991591319 ], [ -115.105981736823964, 36.188319531989514 ], [ -115.103753630844849, 36.188271571266718 ], [ -115.103087308331126, 36.188257220102706 ], [ -115.102994150801621, 36.188255213444826 ], [ -115.102987887543492, 36.188255076569398 ], [ -115.102808285910442, 36.188251223348416 ], [ -115.102780265662417, 36.188250084373344 ], [ -115.102392378396729, 36.188242340288497 ], [ -115.100683345098759, 36.188207018049134 ], [ -115.100013051617438, 36.188191873086801 ], [ -115.098306402316965, 36.188153287303145 ], [ -115.097101275075389, 36.188179093106314 ], [ -115.096687716181904, 36.188187946134455 ], [ -115.096001944500529, 36.188201214575649 ], [ -115.095409163270475, 36.188213770049067 ], [ -115.094406559393391, 36.188235000007033 ], [ -115.09369174089116, 36.188250130295927 ], [ -115.09313638147448, 36.188262464254741 ], [ -115.092291625027357, 36.188281220117346 ], [ -115.092208113359817, 36.188283072379484 ], [ -115.091782428476179, 36.188292522987481 ], [ -115.091734416943439, 36.188291124538495 ], [ -115.091451755861641, 36.188295704459449 ], [ -115.091380192956819, 36.188296865251814 ], [ -115.089199335912298, 36.18834446338537 ], [ -115.089150344658123, 36.188345754710575 ], [ -115.089101155220661, 36.188346912708603 ], [ -115.088490236255467, 36.188358314478258 ], [ -115.087946677678246, 36.188368333358973 ], [ -115.086797088724367, 36.188389514381427 ], [ -115.086802109204868, 36.189153564417026 ], [ -115.08684439491131, 36.191151084939932 ], [ -115.086855657955283, 36.19202561781799 ], [ -115.086923360070131, 36.195660417584733 ], [ -115.086977070497909, 36.199380407152091 ], [ -115.086989396867011, 36.20078424083183 ], [ -115.087009746407816, 36.203098778663247 ], [ -115.087008876047037, 36.203138550613076 ], [ -115.084729261378868, 36.203121979832154 ], [ -115.082451854827241, 36.203111075499812 ], [ -115.080167971386118, 36.203085234811766 ], [ -115.078122370150581, 36.203123071905409 ], [ -115.077917133569841, 36.20312922878896 ], [ -115.076112363400298, 36.203184764644924 ], [ -115.07571227657283, 36.20319649329938 ], [ -115.075670570866279, 36.205020262426657 ], [ -115.075692793435678, 36.206835149426404 ], [ -115.075676399817567, 36.210477692866355 ], [ -115.075659349192591, 36.210478593072253 ], [ -115.071142023594732, 36.210642522292531 ], [ -115.071146121443064, 36.209066469955488 ], [ -115.071150496065016, 36.207383792786736 ], [ -115.071151518472234, 36.206990614333954 ] ] ] } },
{ "type": "Feature", "properties": { "COMMISSION": "F", "NAME": "F - Justin Jones (D)", "Shape_Leng": 993367.00036099995, "Shape_Area": 27011530575.399998 }, "geometry": { "type": "Polygon", "coordinates": [ [ [ -115.424543808105327, 36.280814343418719 ], [ -115.424490054183693, 36.280570876679505 ], [ -115.424286520733418, 36.279648997335791 ], [ -115.42419975807843, 36.279256011641102 ], [ -115.423890901249109, 36.277857026861341 ], [ -115.423842784081742, 36.27763907500033 ], [ -115.423774464699221, 36.277329608122947 ], [ -115.423769803193636, 36.275907438844932 ], [ -115.423769233232534, 36.275733534924413 ], [ -115.423763706457919, 36.27404742649761 ], [ -115.423763125217533, 36.273870319385665 ], [ -115.423757335582962, 36.272103950848418 ], [ -115.423756891246697, 36.271968418670234 ], [ -115.423750809234747, 36.270112782597771 ], [ -115.423750579045546, 36.270042670462161 ], [ -115.423744351867242, 36.268142479152672 ], [ -115.423743927208974, 36.268013147671091 ], [ -115.423738216463917, 36.266270540484449 ], [ -115.423737486912273, 36.26604819982461 ], [ -115.423737210797455, 36.265964015995074 ], [ -115.423731982683066, 36.26436879416908 ], [ -115.423731645621956, 36.264265885368673 ], [ -115.423726942239171, 36.262830703931641 ], [ -115.423725402031849, 36.262360820811274 ], [ -115.423724609698453, 36.26211902952371 ], [ -115.423723605136516, 36.261812530959553 ], [ -115.423723298217539, 36.261718879143146 ], [ -115.423712710683589, 36.258488228556921 ], [ -115.4236794142641, 36.248325217677092 ], [ -115.423646203840164, 36.238172340836734 ], [ -115.423644596740175, 36.237681099406565 ], [ -115.423605932367195, 36.225859510685765 ], [ -115.423586539212522, 36.219929585254825 ], [ -115.423543563844234, 36.206787046966184 ], [ -115.423517920292667, 36.198944385166747 ], [ -115.423483810164811, 36.188510882662648 ], [ -115.423470105430965, 36.188511484484096 ], [ -115.423434503146922, 36.188513046728922 ], [ -115.423403758952119, 36.18851439642777 ], [ -115.42335233255956, 36.188516654072167 ], [ -115.423328700369439, 36.1885176914775 ], [ -115.423323185116374, 36.188517933776978 ], [ -115.423115443539444, 36.188527052393979 ], [ -115.423083663000057, 36.188528447493283 ], [ -115.423005845652995, 36.188531863032516 ], [ -115.422234951737934, 36.188565698252134 ], [ -115.41440888270651, 36.18890890392764 ], [ -115.41444707896477, 36.189971131303288 ], [ -115.414510789415388, 36.191742864231408 ], [ -115.414531864250293, 36.192328904408505 ], [ -115.414626450686882, 36.194531449710773 ], [ -115.414630850440517, 36.19463390413749 ], [ -115.409987526540448, 36.194648112667764 ], [ -115.408528287349782, 36.194652541060101 ], [ -115.407110415588235, 36.194656825903763 ], [ -115.407097026714027, 36.194656866610778 ], [ -115.406081924136345, 36.194659924435179 ], [ -115.406067540073067, 36.194660461069766 ], [ -115.405781147602809, 36.188905275366494 ], [ -115.406021468860331, 36.184837325537288 ], [ -115.406207997277335, 36.181679619528822 ], [ -115.40651208842975, 36.175746156782211 ], [ -115.406578211106265, 36.174455834765233 ], [ -115.405676593474325, 36.166684842146445 ], [ -115.394123993862038, 36.162604629762853 ], [ -115.386683090111845, 36.158868271851375 ], [ -115.386682257596945, 36.158867849579259 ], [ -115.379312859326788, 36.155413405212066 ], [ -115.378769129534106, 36.155417951340674 ], [ -115.374805487990386, 36.155451019283667 ], [ -115.372789779744366, 36.15547619976612 ], [ -115.370837112233474, 36.155500561287049 ], [ -115.370250673602285, 36.155507870871666 ], [ -115.370250646684426, 36.155507140771434 ], [ -115.366998491094904, 36.155486267841574 ], [ -115.366054988587507, 36.155465196118385 ], [ -115.365974665226332, 36.155463402026811 ], [ -115.365826769701442, 36.15546009819569 ], [ -115.363715335608475, 36.155446646082318 ], [ -115.363470008490154, 36.155445080567162 ], [ -115.363138933185752, 36.155449762604718 ], [ -115.362985622409099, 36.155588369300183 ], [ -115.361998262124558, 36.156481015787321 ], [ -115.361461294230665, 36.15696646231585 ], [ -115.361222809198495, 36.157180795705109 ], [ -115.361181234965855, 36.157218160426424 ], [ -115.360786033788742, 36.157573338598525 ], [ -115.360766588020851, 36.157590814732515 ], [ -115.360583193750344, 36.157747209957826 ], [ -115.360429544945461, 36.157866239187079 ], [ -115.360255904914155, 36.15798987811182 ], [ -115.360047439339539, 36.158124037671357 ], [ -115.359903771088128, 36.158208479441029 ], [ -115.359681672788824, 36.158327387307011 ], [ -115.359452202391211, 36.158436701986545 ], [ -115.359215988754599, 36.158536124481103 ], [ -115.359055085166958, 36.158596772963193 ], [ -115.358809079863548, 36.15867911384521 ], [ -115.358558096131901, 36.158750896986447 ], [ -115.358388347163938, 36.158792787279339 ], [ -115.35821689690988, 36.158829846780407 ], [ -115.357956993346718, 36.158876279105542 ], [ -115.35766450387797, 36.158919096604173 ], [ -115.357436305606868, 36.158944183442308 ], [ -115.357124954028549, 36.158970985851958 ], [ -115.357112771972965, 36.158972034506341 ], [ -115.356794759224982, 36.158970719191217 ], [ -115.352044136310113, 36.158950964631522 ], [ -115.350253121589887, 36.158952364184955 ], [ -115.34624128618519, 36.158955491746099 ], [ -115.344427677336981, 36.158956864925599 ], [ -115.342881644493062, 36.158958014056196 ], [ -115.34277334418698, 36.158958536714671 ], [ -115.341198979043128, 36.158966110123089 ], [ -115.338386498509109, 36.158965207554452 ], [ -115.337840226405916, 36.158965024584447 ], [ -115.337443333485751, 36.158964889697053 ], [ -115.337399920404962, 36.158964752858743 ], [ -115.33709640036588, 36.158964763307722 ], [ -115.337082120722954, 36.158964766417661 ], [ -115.336427587865117, 36.158964540198966 ], [ -115.336418765357749, 36.158964536445275 ], [ -115.33394147422257, 36.158963646285088 ], [ -115.33384723042289, 36.158963368133236 ], [ -115.333576990491437, 36.158962496171888 ], [ -115.33214714489668, 36.158957874996645 ], [ -115.332143782860186, 36.158957864345517 ], [ -115.331364327386027, 36.158955349498569 ], [ -115.330653986546295, 36.158953052816386 ], [ -115.328619099713478, 36.158946450888486 ], [ -115.326865220527566, 36.158940732375129 ], [ -115.324782950628432, 36.158933909777772 ], [ -115.323095113913709, 36.158936711041449 ], [ -115.318497366925868, 36.158944222131119 ], [ -115.315838298422747, 36.158948485272042 ], [ -115.315833737014842, 36.158770292020861 ], [ -115.315813616750305, 36.157987498309602 ], [ -115.315782252605928, 36.156767265667874 ], [ -115.315758582875389, 36.155846346038274 ], [ -115.315756388084907, 36.155760955698213 ], [ -115.315746239753977, 36.155366101074044 ], [ -115.315740619293791, 36.155147448746519 ], [ -115.315672942249435, 36.152514219106962 ], [ -115.315651638205907, 36.151685242033508 ], [ -115.315603716778597, 36.149802848444921 ], [ -115.315575843730301, 36.148707971963887 ], [ -115.3155729292681, 36.148593470630125 ], [ -115.315556268809814, 36.147938996847962 ], [ -115.315545124122025, 36.147505641338142 ], [ -115.315475227069285, 36.144787494470549 ], [ -115.315465224705505, 36.144398473545849 ], [ -115.315405462065414, 36.141642423843159 ], [ -115.315386176559258, 36.140752995870123 ], [ -115.315382327441682, 36.140571404848295 ], [ -115.315342524321466, 36.138693267346518 ], [ -115.315308909056398, 36.137107198147163 ], [ -115.315305534402185, 36.136957692608014 ], [ -115.315305434737738, 36.1369526955691 ], [ -115.315304987733739, 36.136930262073982 ], [ -115.315282234198364, 36.135779280480115 ], [ -115.315237446790761, 36.133468428684587 ], [ -115.315169374258531, 36.129829310346452 ], [ -115.314966163269474, 36.129829373805165 ], [ -115.314227081010813, 36.129829602342106 ], [ -115.313226374857848, 36.129829904026856 ], [ -115.313079269247282, 36.12982994739162 ], [ -115.312548608698293, 36.129830103534076 ], [ -115.311931456437108, 36.129830280538457 ], [ -115.310783643682612, 36.129830604488966 ], [ -115.310692937860381, 36.129830629843717 ], [ -115.309813505160093, 36.129830868748016 ], [ -115.309635830993784, 36.129830916539284 ], [ -115.308489543638942, 36.129831262547988 ], [ -115.308448156114395, 36.12983122893035 ], [ -115.307968178149721, 36.129831350310276 ], [ -115.307742876838603, 36.129831407546618 ], [ -115.307612105466049, 36.129831440291234 ], [ -115.307329417423276, 36.129830669827193 ], [ -115.307307068401428, 36.129830608449396 ], [ -115.307045449153733, 36.12983158118093 ], [ -115.306419187808032, 36.1298317331226 ], [ -115.30620543777799, 36.129831784409596 ], [ -115.306195010870823, 36.129831785538521 ], [ -115.305067939103381, 36.129832001725106 ], [ -115.303927969563375, 36.129832215998242 ], [ -115.303915776227129, 36.12983219208121 ], [ -115.303914133016562, 36.129832196362379 ], [ -115.303624894839444, 36.129832261728716 ], [ -115.303389961081024, 36.129832302720096 ], [ -115.302768480658301, 36.12983240798421 ], [ -115.30215886259964, 36.129832508108016 ], [ -115.301622827308179, 36.129832594225178 ], [ -115.300477176251974, 36.129832768612516 ], [ -115.300347491522814, 36.129832787878506 ], [ -115.299846597792666, 36.129832860680168 ], [ -115.299331523039726, 36.129832932938385 ], [ -115.299229930418562, 36.129832946349509 ], [ -115.298185871008386, 36.129833086309347 ], [ -115.297700102707992, 36.129833156373714 ], [ -115.297325268481032, 36.129833208919095 ], [ -115.297182567111804, 36.12983321893465 ], [ -115.297180296221185, 36.129833210809345 ], [ -115.297040217936527, 36.129833228720102 ], [ -115.29589512753229, 36.129811921339829 ], [ -115.294756948984059, 36.129790732317105 ], [ -115.294502951167445, 36.12978600247542 ], [ -115.294304257137341, 36.129782302261454 ], [ -115.293618771120762, 36.129769532481411 ], [ -115.292678253494159, 36.129752006339736 ], [ -115.292482799157611, 36.129748363236033 ], [ -115.291344085981947, 36.129727158514122 ], [ -115.290814552371344, 36.129717294170248 ], [ -115.290356673348015, 36.129708762629946 ], [ -115.290205892302325, 36.12970595234961 ], [ -115.290018515839705, 36.12970246017516 ], [ -115.289133250205978, 36.129685958020993 ], [ -115.288600348746542, 36.129676049484694 ], [ -115.288185250347183, 36.129668279093302 ], [ -115.288060608719917, 36.12966595408885 ], [ -115.287925169901044, 36.129663427491572 ], [ -115.286801510980695, 36.129650587084427 ], [ -115.285744854891746, 36.129638503680162 ], [ -115.285527652041949, 36.129636018295479 ], [ -115.285264854034892, 36.129633010848309 ], [ -115.284557326267546, 36.129624912201329 ], [ -115.283864467949911, 36.12961695598694 ], [ -115.283435233032549, 36.129612025191854 ], [ -115.282313578981928, 36.12959915581316 ], [ -115.282286463657883, 36.129598843457906 ], [ -115.281572780380529, 36.129590758589075 ], [ -115.281191181155805, 36.129586233497889 ], [ -115.280257469941816, 36.129575475986897 ], [ -115.280068782661729, 36.129573300663928 ], [ -115.278946386826348, 36.129560359122337 ], [ -115.278946040221456, 36.129560351031685 ], [ -115.274458138054953, 36.129461642438123 ], [ -115.274200150329648, 36.129455896673143 ], [ -115.271829806876511, 36.129403078483605 ], [ -115.269974561059314, 36.129361705365056 ], [ -115.269980925055506, 36.129969302382257 ], [ -115.26997634567725, 36.13008327447703 ], [ -115.269960698195874, 36.130212081003158 ], [ -115.269934011853266, 36.13033968786884 ], [ -115.2699068291505, 36.130434232768977 ], [ -115.269861171685235, 36.13055825058845 ], [ -115.269819988912801, 36.130649402399456 ], [ -115.269772981703824, 36.130738680472504 ], [ -115.269701471016631, 36.1308543827707 ], [ -115.269476261195919, 36.131189071236072 ], [ -115.269319035431465, 36.131422725703068 ], [ -115.269224651857016, 36.131573207595096 ], [ -115.26914879618937, 36.131712690722935 ], [ -115.269103270338647, 36.131807386518616 ], [ -115.269061845895237, 36.131903313412487 ], [ -115.269007509302213, 36.132049255714101 ], [ -115.268962661355559, 36.132197305784366 ], [ -115.268934242547175, 36.132316062462955 ], [ -115.268917836104777, 36.132397280785767 ], [ -115.268895564475855, 36.13254865996776 ], [ -115.268883090447389, 36.132700777777103 ], [ -115.268880265464901, 36.132837691603903 ], [ -115.268885405310115, 36.132974973325595 ], [ -115.268898520660343, 36.133111906434472 ], [ -115.268919579447711, 36.133248184401339 ], [ -115.268945004895158, 36.133368838937926 ], [ -115.268972095361747, 36.133467623245764 ], [ -115.268989542066663, 36.133531241407866 ], [ -115.269045369028916, 36.133691131792638 ], [ -115.269112349392302, 36.133848178941506 ], [ -115.269190953576782, 36.13400312493885 ], [ -115.269647449020567, 36.134834187543184 ], [ -115.269695732619979, 36.134922088938893 ], [ -115.269760438074059, 36.135050243937251 ], [ -115.269814717955597, 36.135176545589943 ], [ -115.269857405983529, 36.135295580349172 ], [ -115.26986077521849, 36.135304978016876 ], [ -115.269898483445971, 36.135435190290558 ], [ -115.269927738465256, 36.135566825231052 ], [ -115.269948460563327, 36.135699521214157 ], [ -115.269960593365553, 36.135832914872374 ], [ -115.269964103832663, 36.135966641996191 ], [ -115.269986155286489, 36.136592223364104 ], [ -115.269957754164437, 36.137067531329215 ], [ -115.26995386748888, 36.137749038083072 ], [ -115.269949964218412, 36.138433292781997 ], [ -115.269946004730727, 36.139127464267197 ], [ -115.269942045238821, 36.139821607731456 ], [ -115.269953470715862, 36.140250352937045 ], [ -115.269936682442165, 36.140745631341545 ], [ -115.269934250441281, 36.141158468345282 ], [ -115.269939073221607, 36.141445045804836 ], [ -115.269949295753833, 36.142052519198607 ], [ -115.269949115759658, 36.142134933623097 ], [ -115.26994599141949, 36.143557727768389 ], [ -115.269945736941992, 36.143673670338032 ], [ -115.26994577998795, 36.143879920337383 ], [ -115.271076652149034, 36.143908404194093 ], [ -115.271640634179093, 36.143923154781547 ], [ -115.271916598524513, 36.143929143893956 ], [ -115.27219276948297, 36.143935162649797 ], [ -115.27220214955328, 36.143935367261825 ], [ -115.272303720028958, 36.143937656127626 ], [ -115.273325833576379, 36.143960526883177 ], [ -115.274443577071594, 36.143988704341382 ], [ -115.274454737135827, 36.143988956627133 ], [ -115.275093661164206, 36.14400334239793 ], [ -115.275105601221384, 36.144003616457731 ], [ -115.275218441761538, 36.144006207634057 ], [ -115.275578170735784, 36.144014331513546 ], [ -115.275582441828476, 36.144014439821696 ], [ -115.276006443418652, 36.144025185287347 ], [ -115.276695823077716, 36.144042652656807 ], [ -115.276710149845655, 36.144042976826931 ], [ -115.277298891882651, 36.144056300404323 ], [ -115.277827030331949, 36.14406825076211 ], [ -115.277837872528153, 36.144068524454838 ], [ -115.278965598839861, 36.14409707001326 ], [ -115.278986667237845, 36.144346819686376 ], [ -115.27906999630757, 36.145334632512288 ], [ -115.279126838156543, 36.145952766568918 ], [ -115.279212473414461, 36.146930411018452 ], [ -115.27928960839705, 36.14780526571132 ], [ -115.279447161555751, 36.14966184814655 ], [ -115.279539533810777, 36.150722376091196 ], [ -115.279612273725206, 36.151514268740975 ], [ -115.279728170141809, 36.152834927403916 ], [ -115.279800942145485, 36.153675965758787 ], [ -115.279932453232703, 36.155195818712798 ], [ -115.279935454987893, 36.155220066733435 ], [ -115.280028171337364, 36.156231441002006 ], [ -115.28008659205706, 36.156914400660625 ], [ -115.280117167292076, 36.157271830120834 ], [ -115.280265313778798, 36.158934548971224 ], [ -115.280272369918876, 36.159056484475748 ], [ -115.27793679804617, 36.15906168259194 ], [ -115.277867843763843, 36.159062012473726 ], [ -115.276906573936515, 36.159066601056054 ], [ -115.276809733401336, 36.15906706271192 ], [ -115.27566021050869, 36.159068048335293 ], [ -115.274538642911182, 36.159073404066966 ], [ -115.27344773168835, 36.159073402760129 ], [ -115.273213140427075, 36.159074504752283 ], [ -115.272315506617574, 36.159078716417262 ], [ -115.271277934518892, 36.159075764847593 ], [ -115.271215025951264, 36.159077604598266 ], [ -115.271187992498753, 36.159077651353016 ], [ -115.271155699715337, 36.159077711439714 ], [ -115.270154715738315, 36.15907955652974 ], [ -115.270149945452232, 36.159079565693929 ], [ -115.270124049172964, 36.159079566510357 ], [ -115.2700931170329, 36.159079562269461 ], [ -115.269029952644203, 36.159080681105934 ], [ -115.268984438412062, 36.159080715842947 ], [ -115.268938924172815, 36.159080752365277 ], [ -115.268369744595802, 36.159082004872275 ], [ -115.267903399702405, 36.159083028788515 ], [ -115.267852706419959, 36.159082734909866 ], [ -115.267801973127007, 36.159082440904378 ], [ -115.266780496178157, 36.159083561200362 ], [ -115.266761498449554, 36.159083583117905 ], [ -115.266105944500524, 36.159085317689104 ], [ -115.26590986761164, 36.159085833153256 ], [ -115.265629584703149, 36.159086569416132 ], [ -115.264531053181202, 36.159086954271274 ], [ -115.264517218109361, 36.159086958021973 ], [ -115.264472918912602, 36.159087206983003 ], [ -115.264428620889134, 36.159087440608708 ], [ -115.263399465089776, 36.159090471948439 ], [ -115.262282800621691, 36.159091948635009 ], [ -115.262154119088621, 36.159091227062376 ], [ -115.262025387545265, 36.159090505217414 ], [ -115.261281505168526, 36.15909410266628 ], [ -115.261208826433005, 36.15909443097091 ], [ -115.261197993296847, 36.159094442407714 ], [ -115.261176980621826, 36.159094446305687 ], [ -115.261124121146054, 36.159094435775202 ], [ -115.260364404697214, 36.159096013812203 ], [ -115.259924693341461, 36.159096925213319 ], [ -115.258759073524871, 36.159099538377752 ], [ -115.258574710166968, 36.159099458872255 ], [ -115.257706241495484, 36.159099169620333 ], [ -115.257664964231722, 36.159099154786468 ], [ -115.257626223236926, 36.159099142325637 ], [ -115.257587425519063, 36.159099139612387 ], [ -115.256435305960821, 36.15910180831375 ], [ -115.255312517182304, 36.159102553454247 ], [ -115.255274872986377, 36.159102584694701 ], [ -115.255274289485811, 36.15910258489987 ], [ -115.255248847586188, 36.159102633314546 ], [ -115.255061254504142, 36.159103070420848 ], [ -115.254727793976343, 36.159103846377285 ], [ -115.254150946141365, 36.159105186921103 ], [ -115.254132580728282, 36.159105229301836 ], [ -115.253818509447044, 36.15910511413567 ], [ -115.253109082482553, 36.159104915127514 ], [ -115.253051977506132, 36.159104604523783 ], [ -115.252994873660683, 36.159104289389461 ], [ -115.252973688698162, 36.159104297682006 ], [ -115.25288308272394, 36.159104332663858 ], [ -115.251808675868233, 36.159104742133415 ], [ -115.25118851550404, 36.159106652480297 ], [ -115.250906508131777, 36.159107519845044 ], [ -115.250769433490717, 36.159107260269536 ], [ -115.250632219928704, 36.159106999250113 ], [ -115.249512109829425, 36.159107484124071 ], [ -115.24945887210545, 36.159107507079064 ], [ -115.249137174287355, 36.159107575788717 ], [ -115.248815476467982, 36.159107645436656 ], [ -115.248447264658054, 36.15910888663791 ], [ -115.248348593583444, 36.159109219273148 ], [ -115.248319319139128, 36.159109317708328 ], [ -115.248297369140786, 36.159109391546309 ], [ -115.248060925320416, 36.159109618140015 ], [ -115.248059480452113, 36.159109619505998 ], [ -115.247821592927181, 36.159109835279423 ], [ -115.247329734711727, 36.159109918386406 ], [ -115.247188714922927, 36.159109942062884 ], [ -115.247161265852867, 36.159109946191755 ], [ -115.246607390243213, 36.159110163312334 ], [ -115.246561892612775, 36.159110168870328 ], [ -115.246399351692375, 36.159109781440193 ], [ -115.246026714091087, 36.15911155254733 ], [ -115.246016695445306, 36.159111597356073 ], [ -115.244850105109236, 36.159115626922258 ], [ -115.243703996808961, 36.159119252516525 ], [ -115.243697588710589, 36.158983327744302 ], [ -115.2436024780867, 36.157218533291285 ], [ -115.24350304428377, 36.155347462983627 ], [ -115.243438611397067, 36.154128038730995 ], [ -115.243404468160222, 36.15348184640348 ], [ -115.243304953687812, 36.151616286896022 ], [ -115.243206224024107, 36.149749106624299 ], [ -115.243107655208746, 36.147886851754258 ], [ -115.243009046476445, 36.146028658276187 ], [ -115.242921435690988, 36.144366145865561 ], [ -115.242911777075378, 36.144186562458785 ], [ -115.242910175529431, 36.144156787087475 ], [ -115.242829781827695, 36.144153990038795 ], [ -115.24274501168729, 36.14415104079967 ], [ -115.241748404253414, 36.144138331176975 ], [ -115.240759665503745, 36.144127718653095 ], [ -115.240603607312337, 36.144126043171404 ], [ -115.240489153915007, 36.144124726237898 ], [ -115.239630467453807, 36.144114844029168 ], [ -115.239478288925639, 36.144113091680872 ], [ -115.238355479128572, 36.144100612723001 ], [ -115.237823224841762, 36.14409517706963 ], [ -115.237233476449873, 36.144089151248153 ], [ -115.236110629280518, 36.144077008051802 ], [ -115.235550057322882, 36.144070241877856 ], [ -115.235272308961456, 36.144067212175905 ], [ -115.234994559515528, 36.144064181826693 ], [ -115.233863173507672, 36.144045750346336 ], [ -115.232787021012967, 36.144070587879732 ], [ -115.232636819292509, 36.144073403108209 ], [ -115.232486475316534, 36.144076220435821 ], [ -115.231700808658232, 36.144094032478868 ], [ -115.230631523129446, 36.144118175883264 ], [ -115.229563092990887, 36.144140257301622 ], [ -115.22848016168787, 36.144164127611155 ], [ -115.227410754628011, 36.144187957985451 ], [ -115.227311324261478, 36.144190030406307 ], [ -115.22714989409701, 36.144193395751323 ], [ -115.226812974341243, 36.14420041835271 ], [ -115.22657808260108, 36.14420471445689 ], [ -115.226577590283384, 36.144204724708452 ], [ -115.226342206195582, 36.144209032404035 ], [ -115.225276486288521, 36.144233555909587 ], [ -115.224195736696132, 36.144253153376766 ], [ -115.223624459961442, 36.144263508709763 ], [ -115.223116486924866, 36.144272714051674 ], [ -115.222846596322256, 36.144277365423839 ], [ -115.222037284427543, 36.144291307962412 ], [ -115.220996166023042, 36.144309986550731 ], [ -115.219912715208721, 36.144331293827612 ], [ -115.218852972149136, 36.144347721574434 ], [ -115.218850391703256, 36.144347761496427 ], [ -115.218454813827279, 36.144353052688402 ], [ -115.218233249881237, 36.14435601563909 ], [ -115.217782374788925, 36.144363794088783 ], [ -115.217764250390587, 36.144364106541147 ], [ -115.217763321332825, 36.144364122634819 ], [ -115.216711817550575, 36.144382383494772 ], [ -115.215618883436775, 36.14440138228462 ], [ -115.215445822356187, 36.144404266248571 ], [ -115.214667263509199, 36.144417238501056 ], [ -115.214620670573368, 36.144418037938301 ], [ -115.214615617432059, 36.144418124240374 ], [ -115.21456396691336, 36.144419009042437 ], [ -115.21348423959968, 36.144438065934843 ], [ -115.213470641527437, 36.144438306080822 ], [ -115.213387640615181, 36.144439770504853 ], [ -115.213293939942815, 36.144441423557893 ], [ -115.212658858994985, 36.144452627358291 ], [ -115.212505288311192, 36.144455335713204 ], [ -115.212404460999181, 36.144455640210609 ], [ -115.212373985675583, 36.141700752836179 ], [ -115.212380447126321, 36.140782343562549 ], [ -115.213442110905362, 36.140754158364906 ], [ -115.214549484300932, 36.140726440583109 ], [ -115.214516897079065, 36.138882896331168 ], [ -115.214500767788465, 36.13797050432261 ], [ -115.21448428801277, 36.137038327563509 ], [ -115.214480640963103, 36.13627588871212 ], [ -115.215494907754831, 36.136239170732239 ], [ -115.215558194523283, 36.136239364923647 ], [ -115.21561588978328, 36.136213443885545 ], [ -115.215648902033195, 36.136169590552939 ], [ -115.215658658053528, 36.136120171553614 ], [ -115.215655325214513, 36.135518531813069 ], [ -115.215651286166533, 36.134796013769567 ], [ -115.215647877590115, 36.134210856644223 ], [ -115.215642374784025, 36.134165511569257 ], [ -115.215612318590175, 36.134120091174708 ], [ -115.215565234836291, 36.134095221356439 ], [ -115.215503712425274, 36.134079924089058 ], [ -115.214468948486939, 36.134115204662706 ], [ -115.214467069915926, 36.133340496972998 ], [ -115.212016403921041, 36.13344693799084 ], [ -115.211130853023008, 36.13348539902686 ], [ -115.210713799115254, 36.133503333466429 ], [ -115.209774894501265, 36.133544366674222 ], [ -115.208788778306342, 36.133587991272456 ], [ -115.208088422935461, 36.133620952492201 ], [ -115.207994049423192, 36.133621218532049 ], [ -115.207878689763604, 36.133622229936385 ], [ -115.205623184681528, 36.133631234881001 ], [ -115.205083365809472, 36.133633089199712 ], [ -115.203270353866927, 36.133639300250692 ], [ -115.202328258041248, 36.133639056612544 ], [ -115.201970968327828, 36.133640667576266 ], [ -115.201194374238767, 36.133643688617987 ], [ -115.199283643695054, 36.133648429066852 ], [ -115.199181164011236, 36.133650013238963 ], [ -115.19914730373182, 36.133650541936724 ], [ -115.198757321027074, 36.133656629746426 ], [ -115.194828503412438, 36.133717891126047 ], [ -115.194825396591099, 36.133717944147243 ], [ -115.194331384358648, 36.133726337350453 ], [ -115.193509757933725, 36.133740293462893 ], [ -115.192684832221104, 36.133754298980669 ], [ -115.192612654151532, 36.133755524732194 ], [ -115.192588658717753, 36.133755440203331 ], [ -115.190550417842971, 36.133790697896025 ], [ -115.190382604062165, 36.133796153230236 ], [ -115.190281275038515, 36.133793072036624 ], [ -115.190246234369496, 36.133791881877578 ], [ -115.1902123056976, 36.133790729604726 ], [ -115.18839895627093, 36.133729134077562 ], [ -115.187988666959185, 36.133715193979349 ], [ -115.185642528577731, 36.133635826325289 ], [ -115.183400244344782, 36.133559801174144 ], [ -115.181204876994812, 36.133484923453572 ], [ -115.181170193097259, 36.133483766086137 ], [ -115.181068816452594, 36.133481463775055 ], [ -115.18106748313275, 36.133481471017255 ], [ -115.180274633310802, 36.133466656221998 ], [ -115.180447036879443, 36.133030435441924 ], [ -115.18057482959621, 36.13266686606223 ], [ -115.18068385659204, 36.13233070419713 ], [ -115.180805909409656, 36.131888820234856 ], [ -115.180929328059378, 36.131386503137406 ], [ -115.181023939947707, 36.130888209928059 ], [ -115.18105126149176, 36.130714607613498 ], [ -115.18107687544591, 36.130551859320001 ], [ -115.181096945987946, 36.130385268198552 ], [ -115.181109107814592, 36.130284312037688 ], [ -115.181117341332623, 36.130215970653616 ], [ -115.181134208347544, 36.130055097429533 ], [ -115.18111962610665, 36.130060778964967 ], [ -115.180956863210071, 36.130154078761208 ], [ -115.180898517186591, 36.130187523007507 ], [ -115.180762264834016, 36.130265625491241 ], [ -115.180768911410809, 36.130205908749275 ], [ -115.180769662479264, 36.130199158732168 ], [ -115.180802220147996, 36.129906581706884 ], [ -115.180813250016556, 36.129777572408486 ], [ -115.180819344576634, 36.129706272099128 ], [ -115.18082508394302, 36.129487760351083 ], [ -115.180835866010597, 36.129050727280358 ], [ -115.180838434264942, 36.127946504299501 ], [ -115.18084888971282, 36.127072268106765 ], [ -115.180828194721443, 36.126855608902261 ], [ -115.180827812702177, 36.126842081802927 ], [ -115.180826599563332, 36.126736931111218 ], [ -115.180825498034721, 36.126641476082206 ], [ -115.180825428986111, 36.126638243786665 ], [ -115.180821153065409, 36.126438586851975 ], [ -115.180822122068392, 36.126366486962084 ], [ -115.180822171845904, 36.12636369940661 ], [ -115.180823696283809, 36.126277459073471 ], [ -115.180823697960548, 36.126277348219119 ], [ -115.180824391705912, 36.126238066461354 ], [ -115.180824548408168, 36.126231307233141 ], [ -115.180824808088119, 36.126220043650349 ], [ -115.180825480664495, 36.126198188468102 ], [ -115.180827633558039, 36.126127688753968 ], [ -115.180827865038609, 36.12612173283555 ], [ -115.180832784459938, 36.125994805669002 ], [ -115.180843589460707, 36.125767356371448 ], [ -115.180843236053789, 36.124518858962141 ], [ -115.180844860189168, 36.123915167670731 ], [ -115.180845051924308, 36.123843848370974 ], [ -115.180845617851574, 36.123633231558216 ], [ -115.180844496340839, 36.123290667615954 ], [ -115.180844175349492, 36.12303375337796 ], [ -115.180840282195803, 36.122871434908909 ], [ -115.180832950037328, 36.122726240425131 ], [ -115.1808145447567, 36.122361731198922 ], [ -115.180813302986166, 36.122056033605425 ], [ -115.180811070280683, 36.12150694527169 ], [ -115.180811036944093, 36.121498456704138 ], [ -115.1808112954254, 36.121496132214716 ], [ -115.180811011401943, 36.121492359315091 ], [ -115.180811009869657, 36.121491788786209 ], [ -115.180812413154911, 36.120919396844471 ], [ -115.180813934328697, 36.120369390868568 ], [ -115.180814042589205, 36.120330321615953 ], [ -115.180814042911095, 36.120330258525932 ], [ -115.180814588799834, 36.120132924003244 ], [ -115.180815389706694, 36.119765865335033 ], [ -115.180818071666764, 36.118537429933767 ], [ -115.180821451641236, 36.117458007969134 ], [ -115.180824541325535, 36.117023110415353 ], [ -115.180824499769173, 36.116362805600744 ], [ -115.180826299341561, 36.115593085205781 ], [ -115.180826576166353, 36.115474587429333 ], [ -115.180827011419026, 36.115472011166396 ], [ -115.180826585710236, 36.115470756927017 ], [ -115.180826771010246, 36.115391538492808 ], [ -115.180827804374417, 36.114744771063371 ], [ -115.180829325347958, 36.114488642270942 ], [ -115.180914622389679, 36.11448173532844 ], [ -115.181762855987273, 36.114377440020135 ], [ -115.182411095206618, 36.114319171919412 ], [ -115.182805560505543, 36.114313622539107 ], [ -115.182958501752097, 36.114323748507218 ], [ -115.183394492300749, 36.1143499283152 ], [ -115.183441332217029, 36.114356781243501 ], [ -115.184122624585882, 36.114477351417669 ], [ -115.184497983420187, 36.114567884687361 ], [ -115.18521339867381, 36.114741960743565 ], [ -115.187104977539775, 36.11520000717158 ], [ -115.187394335723795, 36.115270072346554 ], [ -115.188127737423031, 36.115448011933886 ], [ -115.188286954923385, 36.115470891703964 ], [ -115.188431924763719, 36.115485200714232 ], [ -115.188745728881131, 36.115501703939806 ], [ -115.189186576271084, 36.115503946385807 ], [ -115.189452848873543, 36.115505301016931 ], [ -115.190080983976472, 36.11550852489566 ], [ -115.19008133802464, 36.115508585542997 ], [ -115.190240796798506, 36.115507704275096 ], [ -115.192551913844198, 36.115496302893035 ], [ -115.194683561639962, 36.115485747973757 ], [ -115.194741963135755, 36.115485456894163 ], [ -115.194743734930626, 36.115485448216333 ], [ -115.199402939280731, 36.115462155254811 ], [ -115.199403476916203, 36.115462155173958 ], [ -115.199532946934724, 36.115461482754341 ], [ -115.200582511570033, 36.115455785517156 ], [ -115.201728775235424, 36.11544955231377 ], [ -115.202877682626152, 36.115443294900629 ], [ -115.203727703718371, 36.115438650977062 ], [ -115.204049942130823, 36.115436897555952 ], [ -115.205205538869407, 36.115430580394808 ], [ -115.20522729477149, 36.115430461540363 ], [ -115.205871411583075, 36.115426954544517 ], [ -115.206399178635792, 36.115424043627229 ], [ -115.207854332308756, 36.115416063735417 ], [ -115.208054403316524, 36.11541495426281 ], [ -115.208262470660827, 36.11540295199022 ], [ -115.210913819876197, 36.115249858017989 ], [ -115.21111605085477, 36.115238178757309 ], [ -115.212258437546495, 36.115172195333933 ], [ -115.212258582162022, 36.115172150716376 ], [ -115.212260980592148, 36.115172111272067 ], [ -115.212260975330665, 36.115172049065883 ], [ -115.213227866882562, 36.115114472039856 ], [ -115.21448632735239, 36.115039520576865 ], [ -115.214959581173446, 36.115013222697954 ], [ -115.2149688063067, 36.115012302871662 ], [ -115.216467555247732, 36.114929416123907 ], [ -115.216598178343915, 36.114922554860129 ], [ -115.216998751714328, 36.114901511007609 ], [ -115.21751603961242, 36.11486996219341 ], [ -115.217519598539468, 36.114869745022773 ], [ -115.217522890725789, 36.114869559485093 ], [ -115.218564062494167, 36.114811003309548 ], [ -115.218569330243611, 36.11481069847256 ], [ -115.219601726024379, 36.114750982648651 ], [ -115.219605021566963, 36.11475078985346 ], [ -115.21964113695131, 36.114748683110072 ], [ -115.220524965474823, 36.114697133126818 ], [ -115.2206503458181, 36.114689818951923 ], [ -115.220657751310355, 36.114689390702189 ], [ -115.220662061369168, 36.114689362280139 ], [ -115.220663621258751, 36.114689051542577 ], [ -115.220671143412858, 36.114688617335787 ], [ -115.220694890980894, 36.114687245279512 ], [ -115.220751660486044, 36.114683963182465 ], [ -115.221708278115784, 36.114628657938013 ], [ -115.221723415741479, 36.114627782463728 ], [ -115.222767056399846, 36.114567487417766 ], [ -115.223813970010113, 36.11450697948159 ], [ -115.224727005630044, 36.114453852900347 ], [ -115.224879498158074, 36.114445703268714 ], [ -115.225723526136477, 36.114448178678003 ], [ -115.226017599566404, 36.114449039233065 ], [ -115.229391384450054, 36.114458865348539 ], [ -115.233908455516058, 36.114471870813169 ], [ -115.235032858416446, 36.114472453909599 ], [ -115.236184496054406, 36.114473038614946 ], [ -115.237301770041853, 36.114473596899657 ], [ -115.237509225533032, 36.114473699735555 ], [ -115.238426899724047, 36.114474147534473 ], [ -115.239553514690613, 36.114473149730202 ], [ -115.240677960315239, 36.114472141440444 ], [ -115.242771134170681, 36.114470237745245 ], [ -115.242949185653501, 36.114470071883161 ], [ -115.243118402460496, 36.114472844175495 ], [ -115.243635949960577, 36.114478642377058 ], [ -115.245090305996797, 36.114494922543415 ], [ -115.245919051620348, 36.114504530244851 ], [ -115.247004440314299, 36.114518756844085 ], [ -115.249090609232169, 36.114535083551367 ], [ -115.251964398688443, 36.114560177786551 ], [ -115.253081532700818, 36.114586528148614 ], [ -115.254193375861632, 36.114607233033219 ], [ -115.25431929746027, 36.114609647237415 ], [ -115.255311843109922, 36.114617579828497 ], [ -115.256481254934542, 36.114620809528056 ], [ -115.257036694872966, 36.114626784312094 ], [ -115.257626359411418, 36.11463394190568 ], [ -115.258747864467836, 36.114647545624791 ], [ -115.259878981293085, 36.114661255815015 ], [ -115.260828819982919, 36.11467275974708 ], [ -115.261000372337321, 36.114673067077739 ], [ -115.263254953995087, 36.114664239965549 ], [ -115.265508258911382, 36.114668113282605 ], [ -115.265508303339402, 36.114668114301715 ], [ -115.265508795423784, 36.114668114705189 ], [ -115.267014238594172, 36.11467064405948 ], [ -115.269881680715585, 36.114675407989367 ], [ -115.270017112369857, 36.114675631380273 ], [ -115.271142203154341, 36.11470348532356 ], [ -115.272263671714754, 36.114731239986632 ], [ -115.272267295920699, 36.114731328706689 ], [ -115.272327173560242, 36.114732810800781 ], [ -115.27339238844678, 36.114759161523814 ], [ -115.2744902241988, 36.114786310577493 ], [ -115.274517481842821, 36.114786983777847 ], [ -115.274631451689316, 36.114789800999574 ], [ -115.275565031576519, 36.114812873097748 ], [ -115.275645545030898, 36.114814862575841 ], [ -115.275646138142619, 36.11481487761786 ], [ -115.276774795320065, 36.114842759926368 ], [ -115.277903453367472, 36.114870632505955 ], [ -115.279032111180527, 36.114898493551188 ], [ -115.280155782763416, 36.114900227772104 ], [ -115.281279453367986, 36.11490194964842 ], [ -115.282403124090735, 36.114903662788166 ], [ -115.283425224396083, 36.114905210448519 ], [ -115.283526794944706, 36.114905363586175 ], [ -115.284650568526871, 36.114907238868099 ], [ -115.285774340026094, 36.114909100899546 ], [ -115.286898113868006, 36.114910954198045 ], [ -115.287886455647609, 36.114912575890664 ], [ -115.288021885615649, 36.114912796949994 ], [ -115.288026564325847, 36.114494843780193 ], [ -115.288035818100511, 36.11414192017093 ], [ -115.288060922953889, 36.113051708761496 ], [ -115.288084718817942, 36.111917209201849 ], [ -115.288099114570258, 36.111201438967022 ], [ -115.288104461403876, 36.109458761250949 ], [ -115.28810533500581, 36.10930904755871 ], [ -115.288123930731331, 36.108442795462807 ], [ -115.288144822820357, 36.107449241264959 ], [ -115.288147527765545, 36.107368110582215 ], [ -115.288147284163031, 36.107219802827174 ], [ -115.288140007915359, 36.107147100909629 ], [ -115.288129231099546, 36.107074011821908 ], [ -115.288115163835371, 36.107001969156727 ], [ -115.288097744927157, 36.106930410347445 ], [ -115.288068720543535, 36.106841009542052 ], [ -115.288044738474071, 36.10677334802719 ], [ -115.288003428459717, 36.106681675392387 ], [ -115.287938016962855, 36.106554299411727 ], [ -115.287880804565546, 36.106461972853488 ], [ -115.287797934365926, 36.106345615488095 ], [ -115.287705974640133, 36.106229235647888 ], [ -115.287638857833258, 36.106152863796233 ], [ -115.287551319003512, 36.106069681724108 ], [ -115.287385994665115, 36.105927922781142 ], [ -115.287300717250687, 36.105847818658269 ], [ -115.28722905510287, 36.105772050038887 ], [ -115.287137087649043, 36.105658127594943 ], [ -115.287053457288891, 36.10554299720436 ], [ -115.286995468398302, 36.105456199605605 ], [ -115.286950392495825, 36.105359601557325 ], [ -115.28689705379692, 36.105244545942121 ], [ -115.286855106221964, 36.105121528396133 ], [ -115.286827464199334, 36.105020670577737 ], [ -115.286805862397145, 36.104924745218625 ], [ -115.286791120635684, 36.104817159502524 ], [ -115.286783138442274, 36.104724340379171 ], [ -115.286784267843686, 36.104625397787942 ], [ -115.286787681184123, 36.104523388292385 ], [ -115.286803111214851, 36.104398502725807 ], [ -115.286827303782204, 36.1042826176405 ], [ -115.286883781094559, 36.104089820111653 ], [ -115.286965250919749, 36.103897085241776 ], [ -115.287021346737177, 36.103805695362475 ], [ -115.287096753524693, 36.103691471715443 ], [ -115.287161816874146, 36.103601144935595 ], [ -115.287309662582686, 36.103432572868726 ], [ -115.287394342284003, 36.103351859059558 ], [ -115.287540527710533, 36.103233946833171 ], [ -115.287663653747771, 36.103128428199554 ], [ -115.287758653226035, 36.103029527783995 ], [ -115.287877707741771, 36.102895650097174 ], [ -115.287977584740872, 36.102749242847956 ], [ -115.288062072538509, 36.102604878723973 ], [ -115.288106665420585, 36.102504619967242 ], [ -115.288171885863335, 36.102345310612911 ], [ -115.288209499418102, 36.102180283868293 ], [ -115.288231193209569, 36.101968310321546 ], [ -115.28827245955101, 36.100039757999312 ], [ -115.287420118817693, 36.100038688194253 ], [ -115.287152775589007, 36.100038351550801 ], [ -115.287148875184727, 36.100038346420746 ], [ -115.287146747290123, 36.100038342965988 ], [ -115.286021424961206, 36.10003691832371 ], [ -115.284896119407051, 36.100035483154457 ], [ -115.284895721813015, 36.100035483065959 ], [ -115.283770390835258, 36.100034036359695 ], [ -115.282638599619645, 36.100039574145626 ], [ -115.282637657816792, 36.100039578092442 ], [ -115.281506420720604, 36.100045102067249 ], [ -115.281505973139744, 36.100045104545565 ], [ -115.28150489916996, 36.1000451099533 ], [ -115.280373192217738, 36.100050621144632 ], [ -115.280372590244355, 36.100050628636367 ], [ -115.280372287046887, 36.100050629672722 ], [ -115.279240225709231, 36.100056136477725 ], [ -115.279239584917292, 36.100056130345713 ], [ -115.279241374812145, 36.098183815924635 ], [ -115.279242219617231, 36.096344255632729 ], [ -115.27924221549155, 36.096340138450664 ], [ -115.279239943608431, 36.092633163822612 ], [ -115.27923471742217, 36.090779529627184 ], [ -115.279234677377715, 36.090765134733942 ], [ -115.279235201772309, 36.088943870617385 ], [ -115.279235207048856, 36.088926358209008 ], [ -115.279227083782374, 36.087195453026943 ], [ -115.279226481575137, 36.087066979865995 ], [ -115.279227432455187, 36.085218761163333 ], [ -115.279229681109896, 36.085067671435304 ], [ -115.279242968748818, 36.084174908076086 ], [ -115.279252167933166, 36.083556837936342 ], [ -115.279255056213259, 36.083362743819116 ], [ -115.279282678365817, 36.081506724085827 ], [ -115.279308400476836, 36.079652092376911 ], [ -115.279308418956845, 36.079650753077445 ], [ -115.279334121066171, 36.077797460083609 ], [ -115.279335848712364, 36.077687556011426 ], [ -115.279363313996654, 36.075940268180091 ], [ -115.279363509641399, 36.07592780175159 ], [ -115.279392505247316, 36.074083073885774 ], [ -115.279417478279612, 36.072229619571289 ], [ -115.279417532474582, 36.072225633210586 ], [ -115.279440413150013, 36.070527250807466 ], [ -115.279442449833795, 36.070376162870993 ], [ -115.279416935408975, 36.069076219881431 ], [ -115.279406253386924, 36.068531993596757 ], [ -115.279405921035291, 36.068515076039745 ], [ -115.279381111160973, 36.067250978689202 ], [ -115.279370058318534, 36.066687821947482 ], [ -115.279364210174805, 36.066369844166452 ], [ -115.279359724372512, 36.066125972975399 ], [ -115.279343440721959, 36.065240581151158 ], [ -115.279335533425396, 36.064810675852009 ], [ -115.279328926303137, 36.064451411447124 ], [ -115.279301012063272, 36.062933529170074 ], [ -115.279266149340046, 36.061082258612167 ], [ -115.279231053668283, 36.059232153182798 ], [ -115.279229736863513, 36.059148580116009 ], [ -115.27919643230949, 36.057379705864804 ], [ -115.279161576881137, 36.055528426376441 ], [ -115.279142681095877, 36.053715351120914 ], [ -115.279132451764625, 36.052733890946001 ], [ -115.279132381291674, 36.052727111084707 ], [ -115.279123264130234, 36.05185211136569 ], [ -115.279104414318823, 36.050014117378822 ], [ -115.279090669885932, 36.048674067856396 ], [ -115.279085563966774, 36.048176121022927 ], [ -115.279079340024992, 36.047812392372357 ], [ -115.279077417273371, 36.04770003683096 ], [ -115.27907556517394, 36.047591818500635 ], [ -115.27905442377309, 36.046356284154221 ], [ -115.279029342138998, 36.044497507265163 ], [ -115.27900384817498, 36.04265813947692 ], [ -115.278980270520364, 36.040956898993791 ], [ -115.27897836651799, 36.040819548086098 ], [ -115.27897077426428, 36.040819632468214 ], [ -115.277863793477835, 36.040831896808044 ], [ -115.277857151227437, 36.040831970019802 ], [ -115.276749220166678, 36.040844235167889 ], [ -115.276743531245813, 36.040844298136768 ], [ -115.276021453321803, 36.040852285944119 ], [ -115.275634646585061, 36.040856563165555 ], [ -115.275629912103994, 36.040856615912148 ], [ -115.275626607072198, 36.040856651596172 ], [ -115.274520072733608, 36.040868880801071 ], [ -115.274516297138845, 36.040868921551954 ], [ -115.27340549972611, 36.040881187176026 ], [ -115.273402709645339, 36.040881217820385 ], [ -115.272675956644591, 36.040889237389649 ], [ -115.272290925333095, 36.040893484988516 ], [ -115.272289342736144, 36.04089350161388 ], [ -115.271176350679028, 36.040905770636208 ], [ -115.271175537183396, 36.040905779334423 ], [ -115.2707608902506, 36.040910347812968 ], [ -115.270061811266089, 36.040918046915777 ], [ -115.269452849140137, 36.040924546561207 ], [ -115.268949041000738, 36.040929922696385 ], [ -115.268948802395471, 36.040929923873492 ], [ -115.268933774359652, 36.040930084566682 ], [ -115.26820524039131, 36.040937848840485 ], [ -115.267836270512532, 36.040941780036619 ], [ -115.267805591805427, 36.040942113023668 ], [ -115.267080530275834, 36.040949836336509 ], [ -115.266723533022969, 36.0409536370504 ], [ -115.266677405660261, 36.040954130855106 ], [ -115.2656117430205, 36.040965484444513 ], [ -115.265549212508446, 36.040966159683421 ], [ -115.264498617554494, 36.040976809636277 ], [ -115.264496838422303, 36.040976851774424 ], [ -115.264495053843092, 36.040976868661204 ], [ -115.264420988030608, 36.040977625305793 ], [ -115.263385499486859, 36.040988156960573 ], [ -115.263381933547549, 36.040988217749096 ], [ -115.262636179002044, 36.040995811202841 ], [ -115.262272376693559, 36.04099950565486 ], [ -115.262267029550031, 36.040999571555872 ], [ -115.261152125280276, 36.041010923106029 ], [ -115.260044797086806, 36.041030975195127 ], [ -115.259966178923889, 36.041031999827965 ], [ -115.259941855879461, 36.041032317296292 ], [ -115.258938993013047, 36.041045389761706 ], [ -115.258935522570908, 36.041045435353958 ], [ -115.258847278823254, 36.041046584635076 ], [ -115.258767822711903, 36.041047619734449 ], [ -115.257826246624447, 36.041059884344186 ], [ -115.257752699231659, 36.041060841973774 ], [ -115.257743959310602, 36.041060956145735 ], [ -115.256718324345997, 36.041074306027689 ], [ -115.256716970354148, 36.041074323070163 ], [ -115.256658121544206, 36.041075089324423 ], [ -115.256313143765652, 36.041079577682851 ], [ -115.255563541322431, 36.041089326674886 ], [ -115.254468963005891, 36.041103554037306 ], [ -115.253374383269602, 36.041117770501245 ], [ -115.252279803208793, 36.04113197967493 ], [ -115.252144460229303, 36.041133734869625 ], [ -115.251170852729075, 36.041146362577656 ], [ -115.251166359017134, 36.041146420433002 ], [ -115.250064619908969, 36.041160700413897 ], [ -115.250061899705685, 36.041160736117185 ], [ -115.249622009805975, 36.0411664354137 ], [ -115.249516291292579, 36.041167805144177 ], [ -115.249075902892898, 36.041173509241155 ], [ -115.248955209354108, 36.041175071097385 ], [ -115.248952946396798, 36.041175100843077 ], [ -115.248839100535974, 36.041176575311709 ], [ -115.248602295944934, 36.04117964090829 ], [ -115.24831474963311, 36.041183362924265 ], [ -115.248241381697497, 36.041184312617339 ], [ -115.247843991542069, 36.041189454485028 ], [ -115.246735037473954, 36.041203798772784 ], [ -115.245626083087117, 36.04121813280198 ], [ -115.244517126162535, 36.041232456566249 ], [ -115.243577394721314, 36.041244586030167 ], [ -115.243409114499912, 36.041246758329926 ], [ -115.243408171139848, 36.041246770078175 ], [ -115.243238792167944, 36.041254894013605 ], [ -115.242300433430458, 36.041299894623343 ], [ -115.242297964777251, 36.041300012888897 ], [ -115.241192692102857, 36.041353008019009 ], [ -115.24119207937683, 36.041353037817672 ], [ -115.241190327783826, 36.041353122052705 ], [ -115.240454564514252, 36.041388394583599 ], [ -115.240084951588813, 36.041406112080324 ], [ -115.240084005858435, 36.041406158045589 ], [ -115.24008269049834, 36.041406220979603 ], [ -115.239328334741018, 36.041442377980061 ], [ -115.239078695693536, 36.041454342526222 ], [ -115.238977208559618, 36.041459206797732 ], [ -115.23855833338547, 36.041479638955416 ], [ -115.237877667452821, 36.041512837656683 ], [ -115.237867407575408, 36.041513338086929 ], [ -115.237672335572142, 36.041522852017266 ], [ -115.236846196743286, 36.041563140809863 ], [ -115.236762122926095, 36.04156723960719 ], [ -115.236759760806635, 36.041567355362481 ], [ -115.235938590658719, 36.041607394476188 ], [ -115.235654579076112, 36.041621241558559 ], [ -115.235652114843148, 36.041621359700031 ], [ -115.235129656580895, 36.041646831655889 ], [ -115.234679788880015, 36.041668761940244 ], [ -115.234547032691012, 36.041675233268037 ], [ -115.234544467434304, 36.041675358303571 ], [ -115.233436818612319, 36.041729343962615 ], [ -115.232331012111572, 36.041783230137185 ], [ -115.23211053041959, 36.041793972986113 ], [ -115.231221518911056, 36.041837285466485 ], [ -115.230114986942553, 36.041891186020074 ], [ -115.229007199757845, 36.04194600911633 ], [ -115.228100391409313, 36.04199087816373 ], [ -115.227898556399836, 36.042000864502569 ], [ -115.227432060576618, 36.04202394320459 ], [ -115.226858278597661, 36.04205232736107 ], [ -115.226791622161855, 36.042055623680362 ], [ -115.225683830633756, 36.04211041694731 ], [ -115.225036515854512, 36.042124427020063 ], [ -115.224571211725703, 36.042134494883918 ], [ -115.224569287167327, 36.042134535997015 ], [ -115.224568814346966, 36.042134547201506 ], [ -115.224140239929383, 36.042143819206117 ], [ -115.224137835891511, 36.042143871495135 ], [ -115.224053279509263, 36.042145700337812 ], [ -115.224051149617893, 36.042145746235597 ], [ -115.223456459008759, 36.042158608369455 ], [ -115.22345513045893, 36.042158637732832 ], [ -115.223454335775429, 36.042158654276598 ], [ -115.22255535324679, 36.042178093191289 ], [ -115.222340780044831, 36.042182732135934 ], [ -115.222340162941066, 36.042182745601423 ], [ -115.221672027199517, 36.042197289550607 ], [ -115.221669216932369, 36.042197351381262 ], [ -115.221225555675559, 36.042207050588161 ], [ -115.220111419833188, 36.042231025770832 ], [ -115.218997285401898, 36.042255039274046 ], [ -115.217883152496768, 36.042279065861365 ], [ -115.217540358780568, 36.042286445739194 ], [ -115.217415910382627, 36.042289068502498 ], [ -115.21698495592257, 36.04229838247597 ], [ -115.216769666230263, 36.042303035398838 ], [ -115.216769015827467, 36.042303049635194 ], [ -115.215655605556549, 36.042326769307287 ], [ -115.215654030602536, 36.042326804138227 ], [ -115.215100965169015, 36.042338582481321 ], [ -115.214541544306471, 36.042350492860635 ], [ -115.214539045914222, 36.042350547371058 ], [ -115.21356850317494, 36.042371205885289 ], [ -115.213427483590308, 36.042374206062263 ], [ -115.213424058429581, 36.042374280224735 ], [ -115.213018824470623, 36.042382461397196 ], [ -115.212308794158929, 36.042396792288372 ], [ -115.211199079647059, 36.042421603232967 ], [ -115.21119408617983, 36.042421713026073 ], [ -115.211096975281265, 36.042423777699234 ], [ -115.21008473749238, 36.042445295311964 ], [ -115.210079096964037, 36.042445415663842 ], [ -115.209106329085458, 36.042466085207323 ], [ -115.208970394780792, 36.04246897342535 ], [ -115.208964109397527, 36.042469107034798 ], [ -115.207849120147316, 36.042492788029826 ], [ -115.207149283016506, 36.042502128788172 ], [ -115.207148870497136, 36.042502060797396 ], [ -115.207113308631293, 36.04250246122605 ], [ -115.206716232165689, 36.04250794633878 ], [ -115.206587698838987, 36.04250968608482 ], [ -115.206514565313071, 36.042510709219592 ], [ -115.206180609894304, 36.042515143387639 ], [ -115.206026529887836, 36.042517188879174 ], [ -115.205987092013672, 36.042517715585639 ], [ -115.204943061452553, 36.042531651233922 ], [ -115.204497055031183, 36.042537609179959 ], [ -115.203784946515071, 36.042547118677803 ], [ -115.20377065923762, 36.042547309619273 ], [ -115.203295165811738, 36.042553657406906 ], [ -115.202821251663693, 36.042559982179675 ], [ -115.201709172147602, 36.042574815770763 ], [ -115.200949433977755, 36.042585027570468 ], [ -115.200350649061136, 36.042592922877404 ], [ -115.19929929506506, 36.042606932008646 ], [ -115.194629511950879, 36.042674137012902 ], [ -115.193622537664808, 36.042688637627592 ], [ -115.193423390216338, 36.042693676006984 ], [ -115.193326471137908, 36.04269765301499 ], [ -115.193227804941856, 36.042698763494386 ], [ -115.193129117573591, 36.042704165878369 ], [ -115.193033924387265, 36.042715302889782 ], [ -115.192942192281109, 36.042739328153949 ], [ -115.192831010553093, 36.042777599289956 ], [ -115.1923418198337, 36.042984759099426 ], [ -115.192116714882005, 36.043080606353485 ], [ -115.192049038679457, 36.043109002333551 ], [ -115.19198284836331, 36.043133826711092 ], [ -115.191907848554038, 36.043158621406683 ], [ -115.191837277027787, 36.043178661657798 ], [ -115.191762312544796, 36.043196301751898 ], [ -115.191684423343844, 36.043211548276815 ], [ -115.19160067405231, 36.043224391641679 ], [ -115.191493450551732, 36.043233580061887 ], [ -115.19139213064858, 36.043236826387975 ], [ -115.191241852626689, 36.04324013524694 ], [ -115.191158480007104, 36.043239211972704 ], [ -115.190330139535732, 36.043230032442246 ], [ -115.19031903758696, 36.043229930275558 ], [ -115.190319206541687, 36.042884742245171 ], [ -115.190319213752204, 36.042871004450625 ], [ -115.190319280360811, 36.042733615669661 ], [ -115.190258631033743, 36.041837087781332 ], [ -115.190197819578813, 36.040920737510966 ], [ -115.190186140790644, 36.040748245488125 ], [ -115.190170099100484, 36.040509968497517 ], [ -115.18817530975322, 36.04140859283676 ], [ -115.188064488441697, 36.041459051012424 ], [ -115.186158762960929, 36.042311259553962 ], [ -115.185002988040168, 36.042832307227037 ], [ -115.184829156739667, 36.042896545138547 ], [ -115.184020428290623, 36.043138529972317 ], [ -115.183461867088681, 36.043267829401422 ], [ -115.182951141092204, 36.043373438943 ], [ -115.182667407827054, 36.043421390563189 ], [ -115.182536024377896, 36.043443594464208 ], [ -115.182267964620522, 36.043466545506178 ], [ -115.181735591489968, 36.04349755422043 ], [ -115.181416965774247, 36.043504021202907 ], [ -115.181056881194678, 36.043502814242878 ], [ -115.180992314942074, 36.043502597710258 ], [ -115.18099227268047, 36.043499342025946 ], [ -115.180980588741065, 36.042796695964434 ], [ -115.180980438319509, 36.042787648980266 ], [ -115.180977430031305, 36.042606682255084 ], [ -115.180962259553766, 36.04130611028625 ], [ -115.180957123599512, 36.041046866327449 ], [ -115.180957685433228, 36.040054176908711 ], [ -115.180957806472009, 36.039841187012456 ], [ -115.180958283618793, 36.03923805118724 ], [ -115.180958670718425, 36.038748192107995 ], [ -115.180965792845271, 36.037443451590619 ], [ -115.180967520942971, 36.035416205578159 ], [ -115.180968649377817, 36.034092352592658 ], [ -115.180980974118853, 36.029846704927138 ], [ -115.180977741815909, 36.028393395502732 ], [ -115.180977364396412, 36.028224037997603 ], [ -115.180972435525021, 36.027955781919871 ], [ -115.180926344263654, 36.026370781294418 ], [ -115.180896658212475, 36.025067732591346 ], [ -115.180881041562657, 36.024299008336229 ], [ -115.180837019510534, 36.02277488584901 ], [ -115.18079718999347, 36.021028935135156 ], [ -115.180790733790587, 36.020745916354187 ], [ -115.180783896277404, 36.020651159651941 ], [ -115.180775609963845, 36.020310657761563 ], [ -115.180774686553178, 36.020272751601823 ], [ -115.1807617849514, 36.019742610724293 ], [ -115.180704857831543, 36.017249827365852 ], [ -115.180704694904222, 36.017242813672112 ], [ -115.180699229598005, 36.017003499289089 ], [ -115.180599498704112, 36.013132981324333 ], [ -115.180598920266277, 36.01311103590605 ], [ -115.180598929700338, 36.013110925976967 ], [ -115.180598440614872, 36.013091916449731 ], [ -115.180547219189762, 36.011096673299924 ], [ -115.180533068706879, 36.010053025830686 ], [ -115.180535325442236, 36.009532469961101 ], [ -115.180543229968251, 36.009007493110531 ], [ -115.180572335264216, 36.007982530585089 ], [ -115.180575918886774, 36.007855443209579 ], [ -115.180587327158889, 36.00745090041584 ], [ -115.180622705096908, 36.006331045311413 ], [ -115.180668734363849, 36.004873975681548 ], [ -115.180689832398926, 36.004076508186138 ], [ -115.180707827453034, 36.003489220465717 ], [ -115.180786868817449, 36.000909365721796 ], [ -115.180842196360004, 35.999080711156196 ], [ -115.180842172335943, 35.999080418145418 ], [ -115.180842528065014, 35.999068461475382 ], [ -115.180842578835311, 35.999068074076405 ], [ -115.180855975973572, 35.998625219282729 ], [ -115.180906005837542, 35.996899682352826 ], [ -115.180967517058676, 35.994864792965458 ], [ -115.181122322138023, 35.98974311432702 ], [ -115.181160770034396, 35.988430905374507 ], [ -115.18117994297242, 35.987776549635747 ], [ -115.181186924253154, 35.987623407172556 ], [ -115.181285969471745, 35.984323075788609 ], [ -115.181387292534168, 35.980946614153531 ], [ -115.181393372934764, 35.980758523151309 ], [ -115.18147568267689, 35.978212016090339 ], [ -115.18156115196652, 35.975211441428627 ], [ -115.181729078267097, 35.969733090053964 ], [ -115.181732922335755, 35.969595674688641 ], [ -115.18173757205598, 35.969436640951741 ], [ -115.181739670361765, 35.969364866184655 ], [ -115.181790571669197, 35.967624073688171 ], [ -115.181800370373182, 35.967288949223807 ], [ -115.181869717525984, 35.965110710910849 ], [ -115.181945229649344, 35.962481832215083 ], [ -115.181959590229368, 35.962006527216282 ], [ -115.181963143813476, 35.961911927446621 ], [ -115.181963961118086, 35.961887536598873 ], [ -115.181964591472806, 35.961868766717778 ], [ -115.181965334317766, 35.961846604608631 ], [ -115.181965695626914, 35.96183083435379 ], [ -115.181965622783821, 35.961803789720307 ], [ -115.181965971806449, 35.961740439143789 ], [ -115.181788607537143, 35.961813378401523 ], [ -115.181716139874439, 35.961843628912995 ], [ -115.181602676951783, 35.961894955918645 ], [ -115.177718923658006, 35.963634640924496 ], [ -115.177605215643652, 35.963683022251232 ], [ -115.176895073752732, 35.963998345265423 ], [ -115.176462760666382, 35.964199510638394 ], [ -115.17276368343687, 35.965920671130199 ], [ -115.172760267413182, 35.965532189586355 ], [ -115.172875510264987, 35.962415968233884 ], [ -115.172735898896931, 35.962415739664785 ], [ -115.172445648328761, 35.962415263230163 ], [ -115.172237589081476, 35.962422263735789 ], [ -115.170208921811096, 35.962490501472736 ], [ -115.167997388856477, 35.962564732405021 ], [ -115.166872132082261, 35.962602486944895 ], [ -115.165755250735941, 35.96263994909873 ], [ -115.163539946760025, 35.962714224440049 ], [ -115.162937508813513, 35.962734602089682 ], [ -115.161303103305812, 35.962789870352509 ], [ -115.160972856305563, 35.962801034777279 ], [ -115.159121361755197, 35.96288121715714 ], [ -115.159075732181435, 35.962881804938924 ], [ -115.158889022791158, 35.962884211380576 ], [ -115.158722430145872, 35.962879807033204 ], [ -115.158553512024696, 35.962871578003686 ], [ -115.158344740968914, 35.962855577036329 ], [ -115.15810319900163, 35.962824196557541 ], [ -115.157878103479803, 35.962789058548907 ], [ -115.157629603791918, 35.962742390272545 ], [ -115.157369463653467, 35.962678509883531 ], [ -115.157050841840771, 35.962580080710978 ], [ -115.156591749451465, 35.962420100956344 ], [ -115.155516747823, 35.96202517289116 ], [ -115.155057724636166, 35.961853741557185 ], [ -115.154626467460432, 35.961696499879068 ], [ -115.154418343105206, 35.961620613758271 ], [ -115.153535392586392, 35.961298851306488 ], [ -115.152966273211902, 35.961092676331887 ], [ -115.15265469166971, 35.960996167952871 ], [ -115.15233375632728, 35.960893902657567 ], [ -115.151790196997723, 35.960735509450053 ], [ -115.15105904650386, 35.960551636723913 ], [ -115.150337110364859, 35.960400226175899 ], [ -115.150207641210272, 35.960378461733647 ], [ -115.149970584376618, 35.96033533137922 ], [ -115.149640009198251, 35.960280718785988 ], [ -115.149297669607677, 35.960231786192075 ], [ -115.148969378557155, 35.960188626879209 ], [ -115.148636363769697, 35.96015117390354 ], [ -115.148345535264411, 35.960123410697463 ], [ -115.14815085308507, 35.960107443064885 ], [ -115.147998686226515, 35.960095288661805 ], [ -115.147925675719435, 35.96008945642587 ], [ -115.147721597728903, 35.960075361236051 ], [ -115.147440083162792, 35.96006098460731 ], [ -115.14709286341207, 35.960046369518999 ], [ -115.146675258483526, 35.960029588467123 ], [ -115.146285790394842, 35.960016724604685 ], [ -115.145985472669949, 35.960008000457016 ], [ -115.145798523497305, 35.960002987583472 ], [ -115.145784081228683, 35.960002600562753 ], [ -115.145738947624039, 35.960001389641647 ], [ -115.145429387828898, 35.959991370363383 ], [ -115.144692690052395, 35.959967521758138 ], [ -115.144194923748813, 35.959951405431568 ], [ -115.14321452637391, 35.95991965740712 ], [ -115.14212115723106, 35.959884241522282 ], [ -115.141747998783714, 35.959872152042792 ], [ -115.141335227298441, 35.959858778112554 ], [ -115.141098335341709, 35.959851101719529 ], [ -115.1403673730359, 35.959838780185862 ], [ -115.139269129638294, 35.959842002629337 ], [ -115.139010783464812, 35.959687959065143 ], [ -115.138605805483607, 35.959093129143248 ], [ -115.138345185027688, 35.958701062050231 ], [ -115.138149713626703, 35.958408441508958 ], [ -115.137898440115634, 35.958024038717213 ], [ -115.137584286084788, 35.957555458581929 ], [ -115.137177004171846, 35.956956799841656 ], [ -115.136539309091589, 35.956023414347619 ], [ -115.136104511883488, 35.955385905896989 ], [ -115.135838801385887, 35.954996309139837 ], [ -115.135147599616644, 35.953986404785084 ], [ -115.134882288168953, 35.953600035005451 ], [ -115.134749676507738, 35.953399219407274 ], [ -115.134614761902824, 35.953190763503692 ], [ -115.134475219251939, 35.95297084327126 ], [ -115.134340447404142, 35.95273758572344 ], [ -115.134215049060856, 35.952506270288268 ], [ -115.134087370592141, 35.952263500212588 ], [ -115.133864713996289, 35.951804791111051 ], [ -115.133774330672679, 35.951606039662337 ], [ -115.133609967116186, 35.951212414204967 ], [ -115.133535977096827, 35.951019448295256 ], [ -115.13345739137371, 35.950809293901372 ], [ -115.133381163520838, 35.950597240171895 ], [ -115.133316634641162, 35.950390954570693 ], [ -115.133173586798009, 35.949963067698533 ], [ -115.133052826461352, 35.949587223121043 ], [ -115.133002970658495, 35.949432054437104 ], [ -115.132627036787028, 35.948284046131846 ], [ -115.132244173703228, 35.94711884012294 ], [ -115.131932848114033, 35.946165669005651 ], [ -115.131861343381843, 35.945949816608056 ], [ -115.131829114680002, 35.945840950032078 ], [ -115.131773945956908, 35.945640421203457 ], [ -115.131698389015256, 35.945311992708028 ], [ -115.131577146385752, 35.944765900543779 ], [ -115.131471721863377, 35.944326705957039 ], [ -115.131417190664024, 35.944103292754363 ], [ -115.131405820068949, 35.944040054127733 ], [ -115.131385936009963, 35.943926701970689 ], [ -115.131367525176515, 35.943812163794703 ], [ -115.13134803466113, 35.943629654968625 ], [ -115.131341558539063, 35.943479390619785 ], [ -115.131337966619327, 35.943337482535725 ], [ -115.131344903918716, 35.943149111759737 ], [ -115.131359334745866, 35.942932151951773 ], [ -115.131388441667426, 35.942712861542539 ], [ -115.131430786413517, 35.942486467974042 ], [ -115.131486333859073, 35.942258930693399 ], [ -115.131543225295033, 35.942052861807305 ], [ -115.131625104376184, 35.941836155633403 ], [ -115.131711326732841, 35.941629004503987 ], [ -115.131803353043168, 35.941432606362206 ], [ -115.131905621871894, 35.94123982402099 ], [ -115.132034357725416, 35.941034024883351 ], [ -115.132171836763021, 35.940837798122374 ], [ -115.132306280930351, 35.940659444896191 ], [ -115.132387478652319, 35.940561973478289 ], [ -115.132431764115552, 35.94050967510961 ], [ -115.132606286143371, 35.940302859257081 ], [ -115.132554644998436, 35.940259379048939 ], [ -115.132476186204698, 35.940203768091827 ], [ -115.132381736664342, 35.940157441136186 ], [ -115.132324344343132, 35.940133511625277 ], [ -115.132154211552546, 35.940085899783455 ], [ -115.132001950362095, 35.940045263559774 ], [ -115.13186837650828, 35.940019006011411 ], [ -115.131724197101789, 35.940001293608525 ], [ -115.131609293164843, 35.939992276318485 ], [ -115.131523671179252, 35.939991000641989 ], [ -115.131401648003745, 35.939996264991954 ], [ -115.131312451698449, 35.940004514494795 ], [ -115.13078297912341, 35.940082648855686 ], [ -115.129990521276753, 35.940200807126011 ], [ -115.129299425142349, 35.940306128080778 ], [ -115.129023996656599, 35.94034785194529 ], [ -115.127759151136203, 35.940534670902544 ], [ -115.127752812591297, 35.940535606775207 ], [ -115.127254168128189, 35.940611155605374 ], [ -115.126838052410335, 35.940674198259636 ], [ -115.126430844642698, 35.940734617137345 ], [ -115.12630690346387, 35.940754173112524 ], [ -115.126038851321454, 35.940801299120807 ], [ -115.125138476514394, 35.940988844868215 ], [ -115.124912507524414, 35.941034072063239 ], [ -115.123937921772409, 35.941234693111156 ], [ -115.123908089419558, 35.941240536785038 ], [ -115.123663384150035, 35.941287306931251 ], [ -115.123538316836999, 35.941311391220879 ], [ -115.123505705095539, 35.941315430507174 ], [ -115.12341506058327, 35.941326658296084 ], [ -115.12325700616536, 35.94133344202443 ], [ -115.123119026061801, 35.94133839976309 ], [ -115.122965348967185, 35.941336696735306 ], [ -115.122850355072075, 35.941332719963157 ], [ -115.120383547327847, 35.941247384964214 ], [ -115.119973841685308, 35.941237798439168 ], [ -115.119856569898076, 35.941232576992483 ], [ -115.119755467420688, 35.941220262189262 ], [ -115.11965996278056, 35.94120367768253 ], [ -115.119575620977841, 35.941183796779058 ], [ -115.11948133639136, 35.9411591075785 ], [ -115.119371819963277, 35.941131498641298 ], [ -115.119277567997884, 35.941103902618835 ], [ -115.11918532411147, 35.941043353558044 ], [ -115.118961603194236, 35.941060244924259 ], [ -115.117524202921572, 35.941051213769548 ], [ -115.117330404380326, 35.941061661874429 ], [ -115.117137678316894, 35.94108124069264 ], [ -115.116843300826048, 35.941129424684014 ], [ -115.116623860229282, 35.941173588125885 ], [ -115.116512104955575, 35.941201031907276 ], [ -115.11629246904532, 35.941265346808486 ], [ -115.116184853746816, 35.941302139650325 ], [ -115.115974685887736, 35.941384771558987 ], [ -115.115772118567932, 35.941479123831513 ], [ -115.115578137563446, 35.941584736160344 ], [ -115.115484663639066, 35.941641607380575 ], [ -115.11530531958374, 35.94176312976365 ], [ -115.115240937278088, 35.941821438212685 ], [ -115.114679694434159, 35.942260488842081 ], [ -115.114879106897604, 35.942305678948586 ], [ -115.115089182488717, 35.942487741097516 ], [ -115.115320057625837, 35.942723302114601 ], [ -115.1155134205477, 35.942954902139093 ], [ -115.115671884643163, 35.943136761300842 ], [ -115.115774404419938, 35.943257353629853 ], [ -115.115881548914814, 35.943389409850603 ], [ -115.115995552400122, 35.943552017980402 ], [ -115.116156017443672, 35.943793026794928 ], [ -115.116265138489723, 35.943988049095822 ], [ -115.1163416731778, 35.94413906427819 ], [ -115.116445913843975, 35.944366499953055 ], [ -115.116552321110603, 35.944624468361347 ], [ -115.116623883802859, 35.944823159653858 ], [ -115.11668812946732, 35.945069517190312 ], [ -115.116733919581534, 35.945262384818292 ], [ -115.116763422248241, 35.94543229539142 ], [ -115.116788289176782, 35.945592648278648 ], [ -115.116812841380735, 35.945806419893181 ], [ -115.116759165912995, 35.94593579901904 ], [ -115.116813735104259, 35.946063809532006 ], [ -115.116812651120668, 35.946248386644264 ], [ -115.116808172840237, 35.946411487222811 ], [ -115.116801583639202, 35.946634676590911 ], [ -115.116797274482394, 35.946769160628875 ], [ -115.116780655783742, 35.946902166432182 ], [ -115.116758759807283, 35.947035151726503 ], [ -115.116718727315899, 35.947259641533726 ], [ -115.116615399760775, 35.947360501565839 ], [ -115.116652310102182, 35.947482597475819 ], [ -115.116612883484763, 35.947604067727703 ], [ -115.116575333541263, 35.947705513230744 ], [ -115.116530601979576, 35.94783125495713 ], [ -115.116484129107747, 35.947954128176036 ], [ -115.116409029561922, 35.948157019074401 ], [ -115.11634121951451, 35.948317011595989 ], [ -115.116262877581264, 35.948472670984884 ], [ -115.116113526023867, 35.948733937612602 ], [ -115.115912612002845, 35.949085147897748 ], [ -115.115715249250115, 35.949430647311701 ], [ -115.115484063547711, 35.949841835897537 ], [ -115.115270538772009, 35.950241644170575 ], [ -115.114977032432293, 35.950775642581348 ], [ -115.114854237321126, 35.951008393917697 ], [ -115.114740542203862, 35.951094810375722 ], [ -115.114742336347888, 35.951223788394216 ], [ -115.114654374820674, 35.951418041810577 ], [ -115.114611387081823, 35.951545697639503 ], [ -115.114556520543559, 35.95169810891614 ], [ -115.114438701487217, 35.952180325282001 ], [ -115.114400090955911, 35.952361417100768 ], [ -115.114375827491685, 35.952496777484043 ], [ -115.114356030929429, 35.95267031121103 ], [ -115.114340938965015, 35.952841955193584 ], [ -115.114249933820929, 35.952965655755492 ], [ -115.113628549723799, 35.952939684043827 ], [ -115.113609589042042, 35.953660740440057 ], [ -115.113595077905401, 35.953796100922375 ], [ -115.113556746318281, 35.953929760240861 ], [ -115.113496124514711, 35.954056378586671 ], [ -115.113413524008948, 35.954175564166405 ], [ -115.113164021981859, 35.954487553589161 ], [ -115.113130487807169, 35.954544529478888 ], [ -115.113103532771277, 35.954603769119203 ], [ -115.113083385994699, 35.954664772273837 ], [ -115.113070216840768, 35.954727021346329 ], [ -115.113064137073351, 35.954789991302839 ], [ -115.113065198639177, 35.954853149663549 ], [ -115.113073280777442, 35.954915363888247 ], [ -115.11310638759214, 35.955092531350068 ], [ -115.113179874725191, 35.955486977635985 ], [ -115.113226777526492, 35.955677926281176 ], [ -115.113295177721881, 35.955857130040513 ], [ -115.112763724901583, 35.956018331066055 ], [ -115.112655208130079, 35.956044386727612 ], [ -115.112545796433793, 35.956061693204802 ], [ -115.112430304405351, 35.956070729494478 ], [ -115.112306519416947, 35.956070177271286 ], [ -115.11218348304979, 35.956059106666686 ], [ -115.112082499296079, 35.956041932173648 ], [ -115.111964322029863, 35.956011977783277 ], [ -115.111869222956472, 35.955979451374787 ], [ -115.11177797341621, 35.955940310748431 ], [ -115.111674529045288, 35.955885031659605 ], [ -115.111578758910042, 35.955821265092062 ], [ -115.111505571803562, 35.955762142497413 ], [ -115.111439000319535, 35.955698058814981 ], [ -115.11136855794993, 35.955615299705016 ], [ -115.111309142316387, 35.955527006488843 ], [ -115.111268524847262, 35.955449897807902 ], [ -115.111230921338318, 35.955354009192909 ], [ -115.111209145451355, 35.955272016368717 ], [ -115.11119556372482, 35.955180768484524 ], [ -115.111192762669091, 35.955088799564258 ], [ -115.111200584525719, 35.954998398359237 ], [ -115.111235118351814, 35.95479666117852 ], [ -115.111228178620721, 35.954709978489234 ], [ -115.111224563740691, 35.954685902443956 ], [ -115.111187489182242, 35.954577561344493 ], [ -115.111126169909213, 35.95447828688183 ], [ -115.110832254634971, 35.954098676861349 ], [ -115.110583680996811, 35.953786215056951 ], [ -115.110246335742815, 35.953426561029708 ], [ -115.109695528755822, 35.953769041914335 ], [ -115.109663446093919, 35.953784136075242 ], [ -115.109486237907092, 35.953888252255439 ], [ -115.109368508609606, 35.954192379442496 ], [ -115.109331509339341, 35.954180720739693 ], [ -115.109321582086395, 35.954177592702713 ], [ -115.10930158127168, 35.954169662284031 ], [ -115.109277559290121, 35.954160136861276 ], [ -115.109267242964364, 35.954155147845668 ], [ -115.109235463871144, 35.954139779129335 ], [ -115.109194252468981, 35.954115813255079 ], [ -115.109165715464826, 35.954096064253228 ], [ -115.109156955318596, 35.95409000158331 ], [ -115.109121272804032, 35.954060754107815 ], [ -115.109088801560645, 35.954029130787582 ], [ -115.109075600408516, 35.954013815572694 ], [ -115.109060689513939, 35.953996519696538 ], [ -115.109035982050216, 35.953965173089145 ], [ -115.108999349424849, 35.953918696559029 ], [ -115.108731216122422, 35.953578505459731 ], [ -115.108724621514114, 35.953570139412875 ], [ -115.108599278311047, 35.95344056033197 ], [ -115.10557246732904, 35.95344379142891 ], [ -115.105556799334479, 35.953438058838721 ], [ -115.10548417665666, 35.953409125678185 ], [ -115.105464715220052, 35.953401371625489 ], [ -115.105457416420037, 35.953398268151233 ], [ -115.105419277120546, 35.953382052906932 ], [ -115.105352571118956, 35.953351965181049 ], [ -115.105337368858955, 35.953345108658546 ], [ -115.105270596590017, 35.953312780825371 ], [ -115.105263342392632, 35.953309268314392 ], [ -115.105255499123814, 35.953305644397005 ], [ -115.105231136923379, 35.953294385362128 ], [ -115.10521608272488, 35.953287428465195 ], [ -115.105207718249574, 35.953284021491889 ], [ -115.10519177775997, 35.953277527950291 ], [ -115.105170877716603, 35.953269922248495 ], [ -115.105154561418956, 35.95326398422565 ], [ -115.105116525102318, 35.953252042487549 ], [ -115.10509076192227, 35.953244987943904 ], [ -115.105027734532129, 35.953231056557271 ], [ -115.104992551382566, 35.953225596772789 ], [ -115.104974338504846, 35.953222769762199 ], [ -115.104938778549325, 35.953219319321775 ], [ -115.104920360980245, 35.953217532520391 ], [ -115.104879654800072, 35.953215619953269 ], [ -115.104843636696828, 35.953215719789497 ], [ -115.104825294526748, 35.953215770178737 ], [ -115.104784606076322, 35.953217906411638 ], [ -115.104748394355695, 35.953221622473528 ], [ -115.104730673394712, 35.953223441024129 ], [ -115.10469448222382, 35.953229264454521 ], [ -115.104677347560695, 35.953232021813179 ], [ -115.104629966289309, 35.953242343305725 ], [ -115.104594110641429, 35.95325226998321 ], [ -115.104578507422843, 35.953256589124159 ], [ -115.104543006474813, 35.953268725451963 ], [ -115.104528395754031, 35.953273720032541 ], [ -115.104491844017062, 35.953288410121523 ], [ -115.104457302497721, 35.95330449626001 ], [ -115.104444672914639, 35.953310378426501 ], [ -115.104399502412889, 35.953334967639684 ], [ -115.104377351959798, 35.953348689422938 ], [ -115.10436706953034, 35.953355058646771 ], [ -115.104350708054156, 35.953366542987851 ], [ -115.104325920359983, 35.953383941570735 ], [ -115.104309419693607, 35.953397181136005 ], [ -115.104290789191367, 35.953412128328836 ], [ -115.101054973956721, 35.953409956232086 ], [ -115.100077444665459, 35.953357793346918 ], [ -115.099868755328586, 35.953344338304703 ], [ -115.099450668641879, 35.953326322178206 ], [ -115.0990320641164, 35.953320178390065 ], [ -115.098613450332707, 35.953325915296361 ], [ -115.098195337073207, 35.953343525942557 ], [ -115.097986627889043, 35.953356777467214 ], [ -115.097570221451207, 35.953392154378449 ], [ -115.097155587064989, 35.953439323667816 ], [ -115.096949091855606, 35.953467312733018 ], [ -115.096538061472884, 35.953532059538176 ], [ -115.096130058603933, 35.953608429007524 ], [ -115.095725582501927, 35.953696326756209 ], [ -115.095524820388491, 35.953744566921522 ], [ -115.095126554358572, 35.953849554490631 ], [ -115.094733035894166, 35.953965777960384 ], [ -115.094344745720164, 35.954093096023001 ], [ -115.093962154683609, 35.954231352914711 ], [ -115.093262668559703, 35.954513385896618 ], [ -115.093082133006973, 35.954418508078838 ], [ -115.092982381008596, 35.954233043123359 ], [ -115.09286410633807, 35.954007438462305 ], [ -115.09280411352006, 35.953843121333342 ], [ -115.092753424241252, 35.953692198038105 ], [ -115.092710543564976, 35.953542735227174 ], [ -115.09266158638475, 35.953365586757364 ], [ -115.092613809157811, 35.953123098712844 ], [ -115.092506632615098, 35.952620906565457 ], [ -115.092424488113735, 35.952244731966502 ], [ -115.092475121115712, 35.952109493891996 ], [ -115.092383752275808, 35.95200227347992 ], [ -115.092317324581913, 35.95174063153204 ], [ -115.092237257167398, 35.951408344544319 ], [ -115.092184565973497, 35.951202085726521 ], [ -115.092143689782048, 35.950982519349004 ], [ -115.092126005495615, 35.950806928923555 ], [ -115.092120311853165, 35.950589414550279 ], [ -115.092128294608457, 35.950436822812833 ], [ -115.092143068328582, 35.950324321931724 ], [ -115.092226376979198, 35.950174169016741 ], [ -115.092194298189256, 35.950007834920541 ], [ -115.09221114700496, 35.949939222714249 ], [ -115.092263766369385, 35.949777272956226 ], [ -115.092297251437984, 35.949674388206539 ], [ -115.092340156007211, 35.949565818533735 ], [ -115.092418690261042, 35.949386805274514 ], [ -115.092501890167526, 35.949240010939903 ], [ -115.092565736980859, 35.949131759317929 ], [ -115.092634425365048, 35.949027110219333 ], [ -115.092743318169909, 35.948871114489506 ], [ -115.092859143148189, 35.948732317253231 ], [ -115.092944195727569, 35.948637274452821 ], [ -115.093038656854404, 35.948538453785282 ], [ -115.093175537781136, 35.948409280947189 ], [ -115.093279370633624, 35.948312406447272 ], [ -115.093431263820648, 35.948256021773958 ], [ -115.093526958021556, 35.948113095682338 ], [ -115.093647107906179, 35.948033457696432 ], [ -115.093797805413615, 35.94794631258393 ], [ -115.093943785966189, 35.947862964276382 ], [ -115.094063842151854, 35.947798587661985 ], [ -115.094233260853969, 35.947719149810773 ], [ -115.094419067619569, 35.94764550187115 ], [ -115.094600182055856, 35.947571834544185 ], [ -115.095409119802142, 35.947273688641978 ], [ -115.095658988208925, 35.947243433877702 ], [ -115.095738298682562, 35.947158649880521 ], [ -115.095980540571929, 35.947064242127965 ], [ -115.096251016599794, 35.946956594336157 ], [ -115.096563874720999, 35.946824315899029 ], [ -115.097001604279328, 35.946606690946652 ], [ -115.097220520149406, 35.946489292473842 ], [ -115.097601973694083, 35.946265714052885 ], [ -115.097777008304377, 35.946224783267532 ], [ -115.097317299740808, 35.94572964129587 ], [ -115.097109446692784, 35.945497447050911 ], [ -115.096911687967406, 35.945259495988786 ], [ -115.096724263384601, 35.945016076653879 ], [ -115.096547401615183, 35.944767486557517 ], [ -115.096381316872638, 35.944514029460372 ], [ -115.09622621226076, 35.944256011780226 ], [ -115.096082277507534, 35.943993750694673 ], [ -115.095899873954096, 35.943620087771365 ], [ -115.095792512781188, 35.943371236003195 ], [ -115.095633204136504, 35.942965820676186 ], [ -115.095535192418083, 35.94276432996562 ], [ -115.095420136918264, 35.942568889945221 ], [ -115.095288596061678, 35.942380451935094 ], [ -115.095141212687452, 35.942199935146178 ], [ -115.094978703019095, 35.942028217623402 ], [ -115.094930123741463, 35.941983693641916 ], [ -115.094801859988138, 35.941866136260593 ], [ -115.094611545507732, 35.941714481362496 ], [ -115.094408687175033, 35.941573992126202 ], [ -115.094194271654288, 35.941445351207719 ], [ -115.093969343563657, 35.941329185620233 ], [ -115.093734999961939, 35.941226062206489 ], [ -115.093492381511481, 35.941136483097452 ], [ -115.093242671377197, 35.941060884807762 ], [ -115.093194662788719, 35.94104825325396 ], [ -115.093200563427757, 35.940969792362658 ], [ -115.09320064621734, 35.940944335580966 ], [ -115.093200176032781, 35.940719261137652 ], [ -115.093200132147928, 35.940698168070242 ], [ -115.093199931116459, 35.94060175845425 ], [ -115.093199728425489, 35.940504360072609 ], [ -115.093199701050835, 35.940491729644933 ], [ -115.093199472092365, 35.940381700838145 ], [ -115.09319932971799, 35.940313870780805 ], [ -115.09319918451142, 35.940244164145163 ], [ -115.093199042330767, 35.940176302540614 ], [ -115.09319889803696, 35.940106627453602 ], [ -115.093198756061142, 35.940038732499161 ], [ -115.093198610446834, 35.939969091655676 ], [ -115.093198468675837, 35.939901163351372 ], [ -115.093198322860417, 35.939831554953308 ], [ -115.093198181294255, 35.939763593299119 ], [ -115.093198036380528, 35.939694018252325 ], [ -115.093197893905312, 35.939626024145063 ], [ -115.093197747676584, 35.939556482440459 ], [ -115.093197606514508, 35.939488454987831 ], [ -115.093197461198613, 35.939418944831878 ], [ -115.093196974895619, 35.939185697918887 ], [ -115.093196945035857, 35.939171493758423 ], [ -115.093196700806345, 35.939054775203722 ], [ -115.092795057996852, 35.939076952083468 ], [ -115.092724166592546, 35.939080866304977 ], [ -115.092534099216138, 35.939083626529694 ], [ -115.092229565825363, 35.939131752798389 ], [ -115.09203867714929, 35.939161918282849 ], [ -115.091381245480477, 35.939224831172943 ], [ -115.090834517648773, 35.93927714780218 ], [ -115.090687817979187, 35.939291185501126 ], [ -115.090096614964665, 35.939347754458474 ], [ -115.089561376034879, 35.939639165496608 ], [ -115.089460638880553, 35.939501787213558 ], [ -115.089407658053972, 35.939429534259581 ], [ -115.089113934053941, 35.939216878749221 ], [ -115.088624641185476, 35.939256048636445 ], [ -115.088438281361249, 35.939490549177442 ], [ -115.088292356948799, 35.939615016088133 ], [ -115.08804902093523, 35.93965548292239 ], [ -115.087815470461948, 35.939694321278758 ], [ -115.087143620612565, 35.939415929261614 ], [ -115.086637949407631, 35.939483350315122 ], [ -115.086426390624382, 35.939525545136405 ], [ -115.086109810090335, 35.939721138114891 ], [ -115.085988064636808, 35.939612964935854 ], [ -115.08557874417653, 35.939495183484432 ], [ -115.085088874893657, 35.939519687264422 ], [ -115.084866640628064, 35.939530805917791 ], [ -115.084680658462148, 35.939501952964442 ], [ -115.084496275326302, 35.939473347921194 ], [ -115.084329812308809, 35.939447522842201 ], [ -115.084163351619011, 35.939421697542407 ], [ -115.083950279655269, 35.939388641533938 ], [ -115.083737208987387, 35.939355584251921 ], [ -115.08352413850146, 35.939322526593067 ], [ -115.083311068197489, 35.939289468557327 ], [ -115.083202966340409, 35.939272696274855 ], [ -115.083097998069718, 35.939256411046074 ], [ -115.082884928135272, 35.939223351355331 ], [ -115.082649684741085, 35.939186274465044 ], [ -115.082458787686804, 35.939157233542616 ], [ -115.082245718292484, 35.939124173622645 ], [ -115.082032647971801, 35.939091113321204 ], [ -115.081856740607861, 35.939063819494592 ], [ -115.081823913331817, 35.939040369564722 ], [ -115.081699368007449, 35.9389514038889 ], [ -115.081462721855971, 35.93878235987372 ], [ -115.081232482764207, 35.93861789298434 ], [ -115.080988820204396, 35.938443836158285 ], [ -115.080912499562714, 35.938389314629745 ], [ -115.080654210318684, 35.938204808126464 ], [ -115.080524897423558, 35.938221091900857 ], [ -115.080209441004826, 35.938260815460758 ], [ -115.079957256003894, 35.938292571571814 ], [ -115.079496285657527, 35.938350616558687 ], [ -115.079313782111569, 35.938373597165203 ], [ -115.078831651461385, 35.938433776166939 ], [ -115.078846398227995, 35.938142381063415 ], [ -115.081600922316511, 35.937807051233534 ], [ -115.081695498197405, 35.937795544262634 ], [ -115.083299331052771, 35.937600392687294 ], [ -115.087228775828834, 35.937122029562182 ], [ -115.086936856443288, 35.93699766491244 ], [ -115.086370450794732, 35.936756373085771 ], [ -115.083433016421338, 35.935504941174898 ], [ -115.083420607842655, 35.935495631979045 ], [ -115.082392905112641, 35.9347244958063 ], [ -115.081544333679716, 35.934576090145796 ], [ -115.081261305665805, 35.93452658980349 ], [ -115.079992835014394, 35.934463184459318 ], [ -115.079062876160506, 35.933865760372413 ], [ -115.079084189359421, 35.933444649905823 ], [ -115.079109116017634, 35.932952149498711 ], [ -115.081337022197459, 35.932969537083892 ], [ -115.082487013903119, 35.932294811636957 ], [ -115.082526240403936, 35.931531008562388 ], [ -115.082535429261142, 35.931352072623859 ], [ -115.081538491852925, 35.930318663954203 ], [ -115.080472177383939, 35.93032453544776 ], [ -115.079264362440426, 35.929841673501436 ], [ -115.078731292383907, 35.929628556575956 ], [ -115.078202074368519, 35.929340402496159 ], [ -115.078030198647227, 35.929246816486071 ], [ -115.077092516005777, 35.928676332979116 ], [ -115.077145957676592, 35.927596422062379 ], [ -115.077550890238783, 35.927577135878686 ], [ -115.078040526058359, 35.92767448972409 ], [ -115.079353586030237, 35.928136745142204 ], [ -115.07979572480582, 35.928292393344648 ], [ -115.081753328987773, 35.928607173979856 ], [ -115.082710399845112, 35.927988900422164 ], [ -115.082743916179709, 35.92734606203301 ], [ -115.08282607146441, 35.925770299044494 ], [ -115.082831349860527, 35.925669059299452 ], [ -115.082830892040306, 35.925061538298984 ], [ -115.083982227430567, 35.925085548210028 ], [ -115.08519344658356, 35.925110795913014 ], [ -115.086227183970522, 35.924502529702679 ], [ -115.086825418929209, 35.922914575338766 ], [ -115.090791984710023, 35.922884415084233 ], [ -115.091500451656444, 35.922879013931592 ], [ -115.092888499958732, 35.922868420953471 ], [ -115.095122502024154, 35.921944685640192 ], [ -115.100545075571063, 35.921906381507746 ], [ -115.100531136103271, 35.923720982480809 ], [ -115.100525969053308, 35.924393701877925 ], [ -115.101811584237439, 35.92550635945701 ], [ -115.110509196420111, 35.925743478665048 ], [ -115.110547603264934, 35.925744523956148 ], [ -115.110483410165259, 35.918457907173448 ], [ -115.119158227845546, 35.918626775616339 ], [ -115.11912708097654, 35.916787942812995 ], [ -115.126022691383085, 35.916811840821296 ], [ -115.132155322523218, 35.91683276204342 ], [ -115.132228848104134, 35.918679080607887 ], [ -115.136585729149743, 35.918696199431636 ], [ -115.154060579777621, 35.919138099052518 ], [ -115.162501697879094, 35.911459050159657 ], [ -115.162908112038281, 35.904158191821772 ], [ -115.167324912713084, 35.904075919766157 ], [ -115.169533309675842, 35.904034722790612 ], [ -115.171823039783462, 35.902205728577414 ], [ -115.171904382936887, 35.90041797229933 ], [ -115.172059323586595, 35.897012733981946 ], [ -115.172067011869771, 35.89684391611312 ], [ -115.176432381685316, 35.896839201720979 ], [ -115.180807229427927, 35.896834317122583 ], [ -115.185182079274298, 35.896829274056564 ], [ -115.189556827067435, 35.896824071280264 ], [ -115.189556928983649, 35.896824070712853 ], [ -115.193895942432519, 35.896818753219726 ], [ -115.198234958984386, 35.896813278059973 ], [ -115.202573975273737, 35.896807647025476 ], [ -115.206489450648974, 35.896802430216759 ], [ -115.20691299349123, 35.8968018583206 ], [ -115.211386833206447, 35.896788265844421 ], [ -115.212079607565087, 35.896786146179089 ], [ -115.212505293959424, 35.896784841910787 ], [ -115.21283654289789, 35.896783825526263 ], [ -115.213623752493575, 35.896781407553298 ], [ -115.214931790480648, 35.896777377673239 ], [ -115.215334837362349, 35.896776132786783 ], [ -115.215729382103007, 35.896774912822217 ], [ -115.215860671769121, 35.896774506692893 ], [ -115.216140922261886, 35.8967736389286 ], [ -115.216275297069132, 35.89677322284296 ], [ -115.216629933256641, 35.896772124101908 ], [ -115.217052764920936, 35.896770812129553 ], [ -115.217288212285922, 35.896442750073284 ], [ -115.220042519342613, 35.892526111309387 ], [ -115.220834225281408, 35.891399724492523 ], [ -115.221106512798343, 35.891020628921538 ], [ -115.221388488056732, 35.890641676341417 ], [ -115.221682126331245, 35.890267402770263 ], [ -115.221984759850045, 35.889893261847192 ], [ -115.22229500512492, 35.889519232223051 ], [ -115.222614144137125, 35.889149841521032 ], [ -115.222940792361243, 35.888785068394483 ], [ -115.223273567510773, 35.88842489241835 ], [ -115.223782458213151, 35.887898292168856 ], [ -115.224299195186916, 35.887392089774458 ], [ -115.224825955367436, 35.886901808354942 ], [ -115.225261866375561, 35.88651223319571 ], [ -115.225364274414233, 35.886420710313558 ], [ -115.226285006982138, 35.885618471142216 ], [ -115.226837842490028, 35.885137579800386 ], [ -115.230245152401167, 35.882201675890379 ], [ -115.230774700909976, 35.881738452258389 ], [ -115.231304884473701, 35.881277490466623 ], [ -115.231418479809562, 35.881177833386566 ], [ -115.231837981087253, 35.880809807166081 ], [ -115.235358447792635, 35.877749207946977 ], [ -115.23877694432305, 35.874779407168319 ], [ -115.239552649095231, 35.874105649527252 ], [ -115.239940942308579, 35.873764267824058 ], [ -115.240525401506119, 35.87325447631477 ], [ -115.241494522932967, 35.872410002438158 ], [ -115.244155286952491, 35.870098299492071 ], [ -115.244350699557614, 35.869932126803114 ], [ -115.24641456432353, 35.868125492603333 ], [ -115.247746034361015, 35.866945942790643 ], [ -115.251422008974231, 35.863745144148325 ], [ -115.252460690498467, 35.862843001297051 ], [ -115.253815681662815, 35.86166383554 ], [ -115.254386353527224, 35.861167199101288 ], [ -115.257447173128924, 35.858504936341774 ], [ -115.25845270650413, 35.857624795191192 ], [ -115.259470720905824, 35.856742573676463 ], [ -115.262604727159811, 35.854009115763233 ], [ -115.267456007801357, 35.849790361900645 ], [ -115.272440924102511, 35.845449097877371 ], [ -115.272613718197292, 35.845298603190457 ], [ -115.277763830828633, 35.840811012914486 ], [ -115.278593212848179, 35.840088185463479 ], [ -115.279425395540343, 35.83936313928811 ], [ -115.282236717613756, 35.836917003235534 ], [ -115.283138198999879, 35.836132576267389 ], [ -115.287345058883531, 35.832467918722351 ], [ -115.287412040444522, 35.832409565686305 ], [ -115.287823139652019, 35.832050320667555 ], [ -115.288440077572275, 35.831513708163662 ], [ -115.290909324442694, 35.829358232427211 ], [ -115.291526912564251, 35.828821613572238 ], [ -115.292348244403186, 35.828107587434708 ], [ -115.293798522769279, 35.826841310372679 ], [ -115.294208373216435, 35.826473009567295 ], [ -115.294612831352055, 35.826097870217538 ], [ -115.295010561735253, 35.825713618657637 ], [ -115.295401421521191, 35.825327013850092 ], [ -115.295780614667905, 35.8249357359906 ], [ -115.296148095552397, 35.824542035756131 ], [ -115.296502430782581, 35.824148148782278 ], [ -115.296847820789793, 35.823751879616914 ], [ -115.297182928023872, 35.823350955537201 ], [ -115.297507706879927, 35.822947630802197 ], [ -115.297822156377563, 35.822541905492713 ], [ -115.297974538235678, 35.82233897375275 ], [ -115.298570869538835, 35.8215293108914 ], [ -115.299316009686919, 35.820521169209208 ], [ -115.300350013211144, 35.819104673003295 ], [ -115.301242035765213, 35.817888997491785 ], [ -115.301989969050112, 35.816876369140999 ], [ -115.30274725748481, 35.815845838079113 ], [ -115.306252071324764, 35.811074527586548 ], [ -115.307114704643737, 35.80989997424448 ], [ -115.310080532335178, 35.805861416410004 ], [ -115.311046860182131, 35.804552049193482 ], [ -115.312646535713483, 35.80236809816541 ], [ -115.316559396380043, 35.797047769954226 ], [ -115.316715328516636, 35.796835846795865 ], [ -115.316868540255825, 35.796621632439333 ], [ -115.317181138065592, 35.796195542337784 ], [ -115.317653257756845, 35.795550816237395 ], [ -115.317817526440223, 35.795336755849803 ], [ -115.31797354651502, 35.795120324418747 ], [ -115.318294617853866, 35.794685335681898 ], [ -115.320286729161694, 35.79196853425433 ], [ -115.320830096496252, 35.791227462345489 ], [ -115.32432980752769, 35.786462274552719 ], [ -115.325911351043288, 35.784316194339141 ], [ -115.326779062056914, 35.783133782475296 ], [ -115.328350794249118, 35.780987531847536 ], [ -115.328459765517181, 35.780835791152676 ], [ -115.329582174893673, 35.779307565768747 ], [ -115.331273915143285, 35.777002923222838 ], [ -115.331924384002363, 35.776117206277107 ], [ -115.332704261394127, 35.775059741200366 ], [ -115.333779711040151, 35.773587165816679 ], [ -115.335648380428708, 35.771041503744392 ], [ -115.339809400734765, 35.765372208374508 ], [ -115.341996321637012, 35.7623958561148 ], [ -115.342149995223593, 35.762186120721246 ], [ -115.342610321096913, 35.761556903815226 ], [ -115.34276744721052, 35.761347215111208 ], [ -115.343379861953736, 35.760517251159591 ], [ -115.347908899264581, 35.754339336444303 ], [ -115.350823774994637, 35.750362648076845 ], [ -115.352449478423708, 35.748149180438588 ], [ -115.352916964003839, 35.747499732607608 ], [ -115.353207656429063, 35.7470777488114 ], [ -115.353483787977694, 35.746657817559736 ], [ -115.353751810481739, 35.746228759972432 ], [ -115.354142623134805, 35.745576003389786 ], [ -115.354393641660977, 35.745133188402001 ], [ -115.354515050600497, 35.744909470766856 ], [ -115.354751788264508, 35.744455190226041 ], [ -115.354982395533128, 35.74399631763491 ], [ -115.355202683583755, 35.743535049786395 ], [ -115.355515768332225, 35.74282938679228 ], [ -115.355713525724482, 35.742354286801174 ], [ -115.355808258722362, 35.742116679210099 ], [ -115.355986758573394, 35.741636807211705 ], [ -115.356082192846401, 35.741366506328696 ], [ -115.357237922992709, 35.738092906497421 ], [ -115.358222922014804, 35.735289109604309 ], [ -115.35872456058695, 35.733878316896536 ], [ -115.359217199545995, 35.73246739847378 ], [ -115.360537798334278, 35.72872381263322 ], [ -115.361123041029401, 35.727072990126146 ], [ -115.361568576352965, 35.725801099011292 ], [ -115.361623559057833, 35.725644135419323 ], [ -115.363652288326406, 35.719899755961393 ], [ -115.3647079119132, 35.716896262171126 ], [ -115.365763957120166, 35.713901778032501 ], [ -115.367009878693125, 35.710366690914341 ], [ -115.367431452165363, 35.709173385031676 ], [ -115.367513674458209, 35.708935596186734 ], [ -115.367679500059594, 35.708460037905411 ], [ -115.367760385311087, 35.708219977695926 ], [ -115.368097460203629, 35.70727344064094 ], [ -115.368931549442266, 35.704920500463665 ], [ -115.369592880810103, 35.70304302160136 ], [ -115.370000102706058, 35.701872046880666 ], [ -115.370672152208044, 35.699974420759574 ], [ -115.371489828800222, 35.69765515596513 ], [ -115.372798589656512, 35.693942676952013 ], [ -115.374997940163297, 35.68770451862077 ], [ -115.375331012180538, 35.686742124856913 ], [ -115.375674522617643, 35.685775363771114 ], [ -115.375841855401006, 35.685288542692327 ], [ -115.376001636293992, 35.684799364692019 ], [ -115.376077728852252, 35.684554724860078 ], [ -115.376218910352236, 35.684063041863539 ], [ -115.376409944329353, 35.683326364069991 ], [ -115.376577545306489, 35.682587115289202 ], [ -115.376675177245346, 35.682097097907814 ], [ -115.376806135221088, 35.6813596089467 ], [ -115.377012669084124, 35.680129549089244 ], [ -115.377799765139429, 35.675497269840548 ], [ -115.378832082699375, 35.669427875052492 ], [ -115.379747162024856, 35.66404697641056 ], [ -115.380423390168687, 35.660066784269638 ], [ -115.380913994692449, 35.657138885794346 ], [ -115.381693238560942, 35.652562797845 ], [ -115.382032053523233, 35.65055016359554 ], [ -115.382246092474276, 35.649315679931931 ], [ -115.382827690018601, 35.645872858642974 ], [ -115.383668055769419, 35.640931465740266 ], [ -115.384180676638366, 35.637916915737378 ], [ -115.385128336987137, 35.632324305866952 ], [ -115.386426690410218, 35.624692136007226 ], [ -115.386699396320651, 35.623067939307724 ], [ -115.386313660826843, 35.623081937538466 ], [ -115.386100770109408, 35.623089662727558 ], [ -115.382268644355676, 35.623228657922894 ], [ -115.379713317463413, 35.623291849757088 ], [ -115.379089326078798, 35.623382831699736 ], [ -115.378337401804473, 35.623541088778147 ], [ -115.377139918371668, 35.623796649641648 ], [ -115.373834451133888, 35.624984136772504 ], [ -115.371402767725087, 35.625863153363007 ], [ -115.365519960752337, 35.628027712928279 ], [ -115.36303923162734, 35.628917240171667 ], [ -115.363145971945954, 35.628384507053553 ], [ -115.363556144751001, 35.626920615416054 ], [ -115.364001651685044, 35.624904090845575 ], [ -115.365063470675935, 35.62026337761197 ], [ -115.366083667405434, 35.615356901984256 ], [ -115.366195012678773, 35.614821367992953 ], [ -115.367735724465774, 35.608164142454811 ], [ -115.36934539360459, 35.600926677734194 ], [ -115.369961540435568, 35.598247187257293 ], [ -115.370474830044586, 35.59606493824802 ], [ -115.370748854518411, 35.594794216228628 ], [ -115.370956368365668, 35.593081216259002 ], [ -115.370919956099357, 35.591113781210488 ], [ -115.371256125184772, 35.591379293046295 ], [ -115.374014448322413, 35.59355776292265 ], [ -115.375243155410317, 35.594528113514151 ], [ -115.378620511727362, 35.597195138119027 ], [ -115.379782524898232, 35.598112690341786 ], [ -115.38321270586043, 35.600822290493134 ], [ -115.384189436260144, 35.601593786487548 ], [ -115.388133639600866, 35.604708988290987 ], [ -115.388665575404161, 35.60512921779258 ], [ -115.390850995311439, 35.606855631068342 ], [ -115.391108504842123, 35.607059048637211 ], [ -115.39145360423467, 35.607331654631814 ], [ -115.39171406055118, 35.607537396685899 ], [ -115.392906974524593, 35.608479691172995 ], [ -115.392972568766609, 35.608531504169939 ], [ -115.393186992994188, 35.608700809884553 ], [ -115.394165935176261, 35.609473754439932 ], [ -115.397783645133842, 35.61232999565653 ], [ -115.397839908842258, 35.612374413724162 ], [ -115.40241147684641, 35.615987508657589 ], [ -115.407069442927138, 35.619668374377412 ], [ -115.411104179412305, 35.622862895386241 ], [ -115.411643937509865, 35.62329022214805 ], [ -115.415463978513117, 35.626314348356281 ], [ -115.419914164892532, 35.629833279314234 ], [ -115.420817361265563, 35.63054741274118 ], [ -115.425664436105336, 35.634379536326151 ], [ -115.426029310987914, 35.634380015381218 ], [ -115.433867404739701, 35.640580164957797 ], [ -115.445127120817205, 35.649484338738205 ], [ -115.451909292888061, 35.654846210756141 ], [ -115.463644028150625, 35.664120894663178 ], [ -115.466734391781984, 35.666562851499137 ], [ -115.469689615296346, 35.668893734762889 ], [ -115.481702186139913, 35.678366304199308 ], [ -115.487568114921373, 35.682990657882485 ], [ -115.500101449188747, 35.692868449957849 ], [ -115.50531976075591, 35.69697998658841 ], [ -115.518238780839525, 35.707156155083418 ], [ -115.528241850809508, 35.715032725099022 ], [ -115.528904564165344, 35.715553712824239 ], [ -115.531249835611675, 35.717398976002656 ], [ -115.533361963087088, 35.719060689438386 ], [ -115.53503207094289, 35.720374569094623 ], [ -115.535883704684068, 35.721044527227924 ], [ -115.537739391275096, 35.72250415852055 ], [ -115.540523101124109, 35.724693594087171 ], [ -115.541431768615254, 35.725408236381213 ], [ -115.542210934345945, 35.726021013363386 ], [ -115.545142012194319, 35.728326039379013 ], [ -115.546654026224218, 35.729515019110984 ], [ -115.547831235512916, 35.730441524146777 ], [ -115.549773837557026, 35.731970347887618 ], [ -115.551154919316332, 35.733057202175459 ], [ -115.55422958863889, 35.735476673879191 ], [ -115.554397556071308, 35.735608841857051 ], [ -115.555660856172551, 35.736601369831888 ], [ -115.559013306872288, 35.739235081939597 ], [ -115.560140724606867, 35.740120729812702 ], [ -115.560634301271349, 35.74050845183973 ], [ -115.563672088850652, 35.742894612241052 ], [ -115.564661770281745, 35.743671953072052 ], [ -115.567040980364951, 35.745541127113896 ], [ -115.568300414067821, 35.746530518594618 ], [ -115.569173194037987, 35.747216139004777 ], [ -115.572942217071954, 35.750176720332234 ], [ -115.573387888102644, 35.750526301395283 ], [ -115.573450416778073, 35.750575347954083 ], [ -115.573605923967847, 35.750697324636242 ], [ -115.579863468961648, 35.755605161305766 ], [ -115.582229057131414, 35.757460265551927 ], [ -115.582719140220277, 35.75784457537636 ], [ -115.582784882785319, 35.757896127320663 ], [ -115.591516224764234, 35.76477315244022 ], [ -115.591675825242632, 35.76489832224442 ], [ -115.596429412538512, 35.768626158959506 ], [ -115.596505683086235, 35.768685966651489 ], [ -115.596511914901953, 35.768690853967875 ], [ -115.596590113523703, 35.768752173853194 ], [ -115.601336959646545, 35.772474169171979 ], [ -115.605983979374955, 35.776119231712848 ], [ -115.611310678003875, 35.780296793750516 ], [ -115.614608748743748, 35.782881918236271 ], [ -115.615842487089566, 35.783848892645828 ], [ -115.619088330158945, 35.786392732321168 ], [ -115.621294057808015, 35.788121155846106 ], [ -115.623602310281285, 35.789929795189259 ], [ -115.629366159337636, 35.794445525631637 ], [ -115.636803829316335, 35.800271303286401 ], [ -115.639978225426773, 35.802757532892876 ], [ -115.641099137723998, 35.80363538824713 ], [ -115.643473959373154, 35.805495159218431 ], [ -115.645650638072127, 35.807199642070607 ], [ -115.648465672532353, 35.809403834851473 ], [ -115.649467720155045, 35.810188418529911 ], [ -115.653321025290552, 35.813205262930886 ], [ -115.653828627843794, 35.813602650301902 ], [ -115.657848525604422, 35.816750681741446 ], [ -115.657965359892998, 35.816842170293846 ], [ -115.658244841215705, 35.817061019870174 ], [ -115.662695618109353, 35.820545988332064 ], [ -115.664268183370666, 35.821777197386567 ], [ -115.66720004450535, 35.824078744428427 ], [ -115.671463424069344, 35.827411700655745 ], [ -115.675934259029162, 35.830911224552224 ], [ -115.676491244949503, 35.831347170194377 ], [ -115.680481297497309, 35.834469910397914 ], [ -115.68121603846798, 35.835044899503302 ], [ -115.685887174596928, 35.838700114487807 ], [ -115.689434380645892, 35.841498664486345 ], [ -115.693926611131573, 35.845001998689867 ], [ -115.695215704272229, 35.846007230370162 ], [ -115.698413994784701, 35.848501077067461 ], [ -115.69989292031012, 35.849654177980739 ], [ -115.702495487636554, 35.851683243654612 ], [ -115.704648773039608, 35.853367447352021 ], [ -115.707479749582149, 35.855580121363943 ], [ -115.708893719279004, 35.856735973363456 ], [ -115.709065751159457, 35.856870006387155 ], [ -115.713961425586419, 35.860684035583432 ], [ -115.715330587101221, 35.861750594292381 ], [ -115.721768266661087, 35.866764867418063 ], [ -115.723366545671922, 35.868009606510384 ], [ -115.725449010948893, 35.869632170785657 ], [ -115.727995436772588, 35.87161865068942 ], [ -115.728203815752323, 35.871781200920445 ], [ -115.729923083818917, 35.873122316826397 ], [ -115.732639488279773, 35.875241103626365 ], [ -115.73444715330767, 35.876650980368439 ], [ -115.734637097478782, 35.876799122043707 ], [ -115.737301626600612, 35.878877150832047 ], [ -115.738895135787175, 35.880119825499037 ], [ -115.74107119256837, 35.881816693629034 ], [ -115.742050854596897, 35.882580588095522 ], [ -115.743314222358407, 35.883565268643522 ], [ -115.746872531671471, 35.886334583387288 ], [ -115.747512187649022, 35.886832373026458 ], [ -115.747820789882368, 35.887072529058649 ], [ -115.751535743585279, 35.88996333463357 ], [ -115.752423601628806, 35.890654170051214 ], [ -115.756149694419477, 35.89355321272226 ], [ -115.756674090603326, 35.893961187069841 ], [ -115.758198925666875, 35.895147452980382 ], [ -115.760788983079848, 35.897162296814393 ], [ -115.761332718793966, 35.89759057778469 ], [ -115.765845044226538, 35.901144496480939 ], [ -115.766030227257502, 35.901290335539962 ], [ -115.770629861336616, 35.904912493870832 ], [ -115.771160970829897, 35.905330704110945 ], [ -115.775385618125753, 35.908657062335877 ], [ -115.775769951520246, 35.908959652696332 ], [ -115.779407031177143, 35.911823000847519 ], [ -115.780191674679472, 35.912436120123907 ], [ -115.784176884162093, 35.915544387803877 ], [ -115.785062064139339, 35.916234733737454 ], [ -115.788612857260759, 35.919003784708522 ], [ -115.790232063369402, 35.920266406933521 ], [ -115.793082967191765, 35.922489329835109 ], [ -115.794703410203937, 35.92375274508683 ], [ -115.79757459537187, 35.925991175858364 ], [ -115.799096252293495, 35.927177398380984 ], [ -115.801598407598448, 35.929127396281501 ], [ -115.803757025728189, 35.930809546695322 ], [ -115.80597613982934, 35.932538723899505 ], [ -115.808537974099977, 35.934534810942615 ], [ -115.810529001823966, 35.936086038610135 ], [ -115.813405069257186, 35.938326641763759 ], [ -115.815083142439278, 35.939633856406537 ], [ -115.818102795713713, 35.941985988890117 ], [ -115.819158600848553, 35.94280838126447 ], [ -115.822742588620443, 35.945599840174737 ], [ -115.823755979069645, 35.94638908386753 ], [ -115.827169411982723, 35.949047335817909 ], [ -115.828384655808023, 35.94999365552831 ], [ -115.831682520037191, 35.952561549800869 ], [ -115.833075753037988, 35.953646317651007 ], [ -115.835913027712039, 35.955856222698223 ], [ -115.837687678930862, 35.95723837192272 ], [ -115.840522726295305, 35.959446230674068 ], [ -115.842216128997023, 35.960764917406294 ], [ -115.845199926650807, 35.963088293311301 ], [ -115.846789871318066, 35.964326240075692 ], [ -115.849879106998642, 35.966731376329214 ], [ -115.851324870900584, 35.967856904128539 ], [ -115.851316187967839, 35.970397481529865 ], [ -115.851302546117068, 35.974389291206215 ], [ -115.851290699511793, 35.977855716209035 ], [ -115.851288898200977, 35.978382935153505 ], [ -115.850918535048109, 35.981305532159631 ], [ -115.850858209143865, 35.981781559033728 ], [ -115.85042748520074, 35.985180178645805 ], [ -115.850425860321693, 35.988899529151048 ], [ -115.850424236410362, 35.992618877348413 ], [ -115.850422613463863, 35.996338222336462 ], [ -115.850420991244903, 36.000057565400176 ], [ -115.850419386347298, 36.00370533397718 ], [ -115.850417782383545, 36.007353101235402 ], [ -115.85041617934759, 36.01100086537209 ], [ -115.850414577242518, 36.014648627288452 ], [ -115.850412986951909, 36.018271640004244 ], [ -115.850411396467194, 36.021894649630738 ], [ -115.850409808013495, 36.025517657965544 ], [ -115.850408220475273, 36.029140663208395 ], [ -115.85040663328634, 36.032766129594663 ], [ -115.850405045904679, 36.036391592888315 ], [ -115.850403459442944, 36.040017053988088 ], [ -115.850401875010974, 36.043642512891431 ], [ -115.850400302936407, 36.047241757180991 ], [ -115.850398730655812, 36.050840998409207 ], [ -115.850397159285222, 36.054440238376124 ], [ -115.850395589931551, 36.058039476177854 ], [ -115.850393958129601, 36.061782703119029 ], [ -115.850392327311795, 36.065525928622115 ], [ -115.850390697472193, 36.069269150884423 ], [ -115.850389068616906, 36.073012371708458 ], [ -115.850409905523264, 36.0766689787649 ], [ -115.850430744336265, 36.080325583579288 ], [ -115.850451587280205, 36.08398218704783 ], [ -115.850472432128868, 36.087638787372832 ], [ -115.850465168111498, 36.091324287854064 ], [ -115.850457904516134, 36.095009786068452 ], [ -115.850450642453339, 36.098695282013367 ], [ -115.850443379701886, 36.102380775693696 ], [ -115.850435722611607, 36.105997165722492 ], [ -115.850428066992365, 36.109613554467217 ], [ -115.850420411727356, 36.113229940127638 ], [ -115.850412755711773, 36.116846324508771 ], [ -115.850497132683103, 36.120479624114125 ], [ -115.850550298165501, 36.122768778165479 ], [ -115.850552598701853, 36.122867814096381 ], [ -115.850558213019539, 36.123109541614959 ], [ -115.850560329002803, 36.123200655388274 ], [ -115.850390508771795, 36.123098961170399 ], [ -115.850252811028085, 36.123016502920322 ], [ -115.850033897778758, 36.122883680081209 ], [ -115.849817035938599, 36.122753130787643 ], [ -115.84960159701906, 36.122620340859932 ], [ -115.849387514014794, 36.122489817033738 ], [ -115.849313797875197, 36.122444728835383 ], [ -115.849049700091584, 36.122600338409043 ], [ -115.84872650516246, 36.122639213209006 ], [ -115.84690723898872, 36.122358115514693 ], [ -115.845302960662977, 36.121927139247262 ], [ -115.841826352291861, 36.122081863335161 ], [ -115.838701563584948, 36.122579598616525 ], [ -115.837356455499531, 36.122755731483373 ], [ -115.83517818234732, 36.122751572928458 ], [ -115.832628833262817, 36.12258459529891 ], [ -115.830473112817216, 36.122248841482467 ], [ -115.830040141590743, 36.122182656223963 ], [ -115.829935960515655, 36.122186857913498 ], [ -115.829275957568541, 36.122213474711778 ], [ -115.828037830701646, 36.122333738100522 ], [ -115.826727007926792, 36.12240788944402 ], [ -115.825117306692107, 36.12250604363971 ], [ -115.82160461441228, 36.123030081166924 ], [ -115.820890220462388, 36.123047170287052 ], [ -115.819480460531338, 36.122987303452689 ], [ -115.817120689446156, 36.122797060740744 ], [ -115.81573252621719, 36.123009985524909 ], [ -115.814730901147854, 36.123168927524446 ], [ -115.813437645399659, 36.123275096252421 ], [ -115.807727703319301, 36.123525609002755 ], [ -115.805484220843624, 36.123655933091783 ], [ -115.803691538003463, 36.123772771796467 ], [ -115.801479471144134, 36.124024887577782 ], [ -115.799905493852179, 36.124532268928178 ], [ -115.799252579032739, 36.124546064716711 ], [ -115.796153306954366, 36.12442129751377 ], [ -115.793754426853113, 36.12459372172853 ], [ -115.790858995019491, 36.124740244586896 ], [ -115.788638790022333, 36.124900743959984 ], [ -115.786930416379889, 36.124946105396248 ], [ -115.785235835036431, 36.124944779615141 ], [ -115.784038957043236, 36.125026680379221 ], [ -115.783339394781407, 36.125040467882556 ], [ -115.783017940314849, 36.124977941079884 ], [ -115.782660275142774, 36.124940700849272 ], [ -115.782199103682814, 36.124958287014579 ], [ -115.781877978022038, 36.125026090577769 ], [ -115.781147911465993, 36.125275356126977 ], [ -115.780081531523194, 36.125739591775698 ], [ -115.778823228665857, 36.126136863639161 ], [ -115.777597402313518, 36.126454493986174 ], [ -115.77526504262427, 36.126975089572994 ], [ -115.772271147050475, 36.127857318417384 ], [ -115.769630754721263, 36.128707780407538 ], [ -115.769102927936387, 36.129040742073521 ], [ -115.766966857953747, 36.130885528804697 ], [ -115.766366527586925, 36.131252224308305 ], [ -115.765714297655293, 36.131589566386452 ], [ -115.76447161616791, 36.13209177033184 ], [ -115.763166708962103, 36.13258564681734 ], [ -115.762285732614899, 36.132957471086236 ], [ -115.761919413041213, 36.133224341740679 ], [ -115.760725136358744, 36.134662016766121 ], [ -115.760016688609596, 36.135377797851604 ], [ -115.759706007374092, 36.13550859057657 ], [ -115.75912597517619, 36.13571125230267 ], [ -115.758489113092693, 36.13599808108863 ], [ -115.756350165243859, 36.136728544835734 ], [ -115.750979991285163, 36.138688726045856 ], [ -115.749664183904272, 36.13921437893864 ], [ -115.748022649473555, 36.139768038196642 ], [ -115.745997158580138, 36.140472277746461 ], [ -115.744059947624891, 36.141105527755244 ], [ -115.739067638818611, 36.142975830999802 ], [ -115.737418038908615, 36.143507546269525 ], [ -115.736800443106219, 36.143743325334576 ], [ -115.734232946741429, 36.144791413723233 ], [ -115.731704623288849, 36.145786870654092 ], [ -115.73133796766345, 36.145959646583087 ], [ -115.729816859238596, 36.146879393624488 ], [ -115.728482452169331, 36.1475761390614 ], [ -115.728132284679006, 36.147116389932549 ], [ -115.728101790520427, 36.147032008818769 ], [ -115.728075721593996, 36.146918582072907 ], [ -115.728099841444944, 36.146288291169462 ], [ -115.728235694306122, 36.146021379434821 ], [ -115.728245477006197, 36.145908279919141 ], [ -115.728191671125558, 36.145784840583261 ], [ -115.728025732552936, 36.145689303009995 ], [ -115.726801198109342, 36.145362679507706 ], [ -115.726268922159491, 36.145243859973277 ], [ -115.725958515416181, 36.145211474997275 ], [ -115.725862749253878, 36.145216911749522 ], [ -115.725490133064127, 36.145333010383382 ], [ -115.723837610863953, 36.145706226643306 ], [ -115.72284745978871, 36.145799110103873 ], [ -115.722619016789011, 36.145874276799134 ], [ -115.722491397389319, 36.145876168642395 ], [ -115.722349004215914, 36.145806765582805 ], [ -115.72231788922933, 36.145761114926756 ], [ -115.722232095094, 36.145520936762907 ], [ -115.721893858239966, 36.144867406738335 ], [ -115.721809929021205, 36.144633702928573 ], [ -115.72166257007332, 36.144379940340627 ], [ -115.721508568317404, 36.14428777526426 ], [ -115.721258766268861, 36.144207505516896 ], [ -115.720795700953559, 36.143875976991161 ], [ -115.720545898712771, 36.143795705759374 ], [ -115.719425733852461, 36.143670574556353 ], [ -115.719115007142975, 36.143654340881078 ], [ -115.71835326397246, 36.143675273817188 ], [ -115.717912234823217, 36.143709354877252 ], [ -115.7177122646372, 36.143749223716803 ], [ -115.717010435747611, 36.14400686045969 ], [ -115.716650787125573, 36.144061235838528 ], [ -115.716205848122698, 36.144088758789344 ], [ -115.715027728020118, 36.144095551289702 ], [ -115.714482365668417, 36.144050897037744 ], [ -115.713273817726659, 36.143721043627387 ], [ -115.712737142468583, 36.143631209083438 ], [ -115.712374867269858, 36.143601432419835 ], [ -115.710181496908419, 36.143652175888008 ], [ -115.70971459082584, 36.143682747036507 ], [ -115.708484888199962, 36.143918470833952 ], [ -115.708261880645665, 36.143906346635411 ], [ -115.707337009916387, 36.14378317339429 ], [ -115.705858054097916, 36.143906285369674 ], [ -115.705346518503688, 36.143981558472184 ], [ -115.705032503427788, 36.144049311016126 ], [ -115.70436302592654, 36.144278085257184 ], [ -115.704107089793297, 36.144323826350004 ], [ -115.703160077095433, 36.144581927802889 ], [ -115.702880417367695, 36.144617708769893 ], [ -115.702393948495072, 36.144745014895221 ], [ -115.701752498556615, 36.144964414533831 ], [ -115.70079154072765, 36.145342003199147 ], [ -115.699795275177195, 36.145680355344098 ], [ -115.699674027021643, 36.145782522770133 ], [ -115.699555602006029, 36.145952623702314 ], [ -115.6994735334236, 36.146097218353169 ], [ -115.699325126923839, 36.146512718320118 ], [ -115.69919526658974, 36.146650337615235 ], [ -115.698757256595471, 36.146862221622058 ], [ -115.698344568837214, 36.146987049182883 ], [ -115.69766637365656, 36.147377412663737 ], [ -115.697281426387804, 36.147512256183759 ], [ -115.697004056927852, 36.147651479096787 ], [ -115.696640318025601, 36.148071131944441 ], [ -115.696340279013327, 36.148614289071524 ], [ -115.696186514846246, 36.148751655271084 ], [ -115.696106297333671, 36.148783119530719 ], [ -115.695722517449596, 36.148846832626568 ], [ -115.694885730571173, 36.148941198838138 ], [ -115.694510442716577, 36.148972653969821 ], [ -115.693734806389571, 36.14898683269098 ], [ -115.693273162976709, 36.148939785049272 ], [ -115.6924377787509, 36.148707524864832 ], [ -115.692301607001113, 36.148744838117679 ], [ -115.692159644216133, 36.148892036150627 ], [ -115.692027109272516, 36.148952018272219 ], [ -115.691899848635629, 36.148931254268319 ], [ -115.691532864109774, 36.148704147978066 ], [ -115.691421543275865, 36.148686758065153 ], [ -115.69123390591426, 36.148704081072566 ], [ -115.690750724669712, 36.148630906814894 ], [ -115.690141619467553, 36.148578988969369 ], [ -115.690041621144502, 36.148597268816687 ], [ -115.689876952706356, 36.14866986835046 ], [ -115.689146657921384, 36.149075723780129 ], [ -115.688733094262432, 36.14925229011412 ], [ -115.68843479600055, 36.149449482767793 ], [ -115.688084073364209, 36.149562052989104 ], [ -115.688032444746739, 36.149548514251229 ], [ -115.687962398635577, 36.149447516612213 ], [ -115.687990599245609, 36.149192383366938 ], [ -115.687956283986097, 36.149095031998101 ], [ -115.687754991181876, 36.148976423052204 ], [ -115.68626514907541, 36.148785499824001 ], [ -115.685955329830833, 36.148714163304625 ], [ -115.685843632772077, 36.148719392327557 ], [ -115.685583728464522, 36.148765058321409 ], [ -115.684691972782275, 36.149049500720999 ], [ -115.683834006608564, 36.149217914109343 ], [ -115.683369505854387, 36.149342128325955 ], [ -115.682426107975772, 36.149613077003671 ], [ -115.681615767665903, 36.149911309524263 ], [ -115.681325528098583, 36.150102119044995 ], [ -115.68061239664101, 36.150669830273706 ], [ -115.680334293421794, 36.150851061941225 ], [ -115.679900428017291, 36.151046746954869 ], [ -115.679609812620185, 36.151137317880114 ], [ -115.679187666286282, 36.151352495264888 ], [ -115.679110137007683, 36.151455132296583 ], [ -115.679022703565565, 36.151916524555446 ], [ -115.678812706472456, 36.152434800024096 ], [ -115.678587878296582, 36.152762109217186 ], [ -115.67848234347386, 36.152874146074517 ], [ -115.677996545886785, 36.153195309314704 ], [ -115.677781960888098, 36.153390208331096 ], [ -115.677576266352006, 36.153533421622122 ], [ -115.676744988825291, 36.154009230201737 ], [ -115.676441166036795, 36.154293659865033 ], [ -115.676331179813445, 36.154431474757786 ], [ -115.67618674352515, 36.154724120448954 ], [ -115.67521247050567, 36.155757721346866 ], [ -115.674880750779536, 36.156045038848248 ], [ -115.674354462421675, 36.156278481642396 ], [ -115.674269565131226, 36.156348680164719 ], [ -115.673714725072685, 36.157215543556717 ], [ -115.673445240926682, 36.157710514146736 ], [ -115.67335696476988, 36.157981097040192 ], [ -115.67325396868911, 36.158180476647452 ], [ -115.672841674504141, 36.158631754016717 ], [ -115.671526034366664, 36.159923443742827 ], [ -115.671174984352078, 36.160168524979611 ], [ -115.670811184033866, 36.160342326358673 ], [ -115.670666316793955, 36.160424774847584 ], [ -115.670589324498323, 36.160498320524901 ], [ -115.670482665081778, 36.160671712858566 ], [ -115.670407339041972, 36.160884308297284 ], [ -115.670301083130354, 36.161038339167533 ], [ -115.670175913263648, 36.161130669202869 ], [ -115.670000934591087, 36.161219299883058 ], [ -115.669776411888179, 36.161294406543988 ], [ -115.669569018026522, 36.161298557696213 ], [ -115.669412809436096, 36.161338821629251 ], [ -115.669080430969643, 36.161658506163512 ], [ -115.66887579285158, 36.161737042685331 ], [ -115.668539659971444, 36.161924054048932 ], [ -115.668364120621334, 36.161928610528385 ], [ -115.668090857506968, 36.161818831557277 ], [ -115.667903731557757, 36.16180383081614 ], [ -115.667447473360156, 36.161905446830779 ], [ -115.666742506848948, 36.161975198101999 ], [ -115.666449869763625, 36.162068968375273 ], [ -115.666080015947273, 36.162245887851505 ], [ -115.665445687167548, 36.162384312210563 ], [ -115.66532127627876, 36.162431435130365 ], [ -115.664967016908932, 36.16263120671416 ], [ -115.663831709325009, 36.163152040689667 ], [ -115.663417302490728, 36.163370510197318 ], [ -115.663171402262407, 36.163529431130144 ], [ -115.662789608848456, 36.163822608743807 ], [ -115.662558754185184, 36.164033460819859 ], [ -115.662405516694292, 36.164135187253748 ], [ -115.662132742472664, 36.164229167314652 ], [ -115.661801320042173, 36.164257800461343 ], [ -115.661604834875334, 36.164320241650415 ], [ -115.660234394193665, 36.16506802434121 ], [ -115.660134711272477, 36.165070109402038 ], [ -115.660075272785406, 36.165046816857242 ], [ -115.659996783907587, 36.16497159045965 ], [ -115.659672567015051, 36.164460288861711 ], [ -115.659573805969529, 36.164404263819037 ], [ -115.659474388437218, 36.164390177819605 ], [ -115.659327128255484, 36.164372356189297 ], [ -115.659103687199575, 36.164382825544607 ], [ -115.658911277998953, 36.164442098861684 ], [ -115.658754177667504, 36.164534059152224 ], [ -115.65855406791934, 36.16469353677855 ], [ -115.658220201019361, 36.165097175426069 ], [ -115.658002303743928, 36.165249944789565 ], [ -115.65773259750118, 36.165398869145186 ], [ -115.65756825071982, 36.16544874489891 ], [ -115.655785665703362, 36.165693891718888 ], [ -115.655037014173487, 36.165636963759724 ], [ -115.654304380352229, 36.165690157761354 ], [ -115.653938503656406, 36.165631079591414 ], [ -115.653311358018172, 36.165462415075183 ], [ -115.65309714550807, 36.165398521798323 ], [ -115.652893432348719, 36.165302500438663 ], [ -115.652088970695416, 36.164776119086 ], [ -115.651907182249062, 36.164683497728483 ], [ -115.651037454913379, 36.164360085385432 ], [ -115.650895694354404, 36.164255004749002 ], [ -115.650829296112818, 36.164173445655472 ], [ -115.650723070473063, 36.163858590215767 ], [ -115.650277310624375, 36.163226290979487 ], [ -115.650061597213536, 36.163016928537814 ], [ -115.649784798995071, 36.162884486155853 ], [ -115.649641340450501, 36.162760011545423 ], [ -115.649500868662656, 36.16258058786898 ], [ -115.649362339632333, 36.162288047171863 ], [ -115.649245368611474, 36.162134725714196 ], [ -115.648557767380041, 36.161774496562799 ], [ -115.648397175477513, 36.161720964339658 ], [ -115.648230161019484, 36.161696451116221 ], [ -115.647887705826832, 36.161669955730055 ], [ -115.647575942492679, 36.161711690009312 ], [ -115.647044558218084, 36.161890033242969 ], [ -115.646453463768964, 36.162180792796974 ], [ -115.645868199291016, 36.162361722188727 ], [ -115.645618765551049, 36.162371819310671 ], [ -115.645236728255171, 36.162331950503727 ], [ -115.645018296124476, 36.162280958883976 ], [ -115.644498968241507, 36.162106959414032 ], [ -115.644067539434531, 36.16203418170609 ], [ -115.64209194098207, 36.161798358492632 ], [ -115.641464656682558, 36.16175569515211 ], [ -115.640754853184163, 36.161757356982434 ], [ -115.640360784114975, 36.161720535574673 ], [ -115.639774767454767, 36.161597477165614 ], [ -115.639607196408818, 36.161605282044185 ], [ -115.639217746209027, 36.161529718390973 ], [ -115.638527090416261, 36.161463638541093 ], [ -115.636991659660296, 36.161481758660287 ], [ -115.635916364159769, 36.161574400259056 ], [ -115.635748949762672, 36.161572492601877 ], [ -115.635255481341233, 36.161646380440317 ], [ -115.634746250302399, 36.161802852387339 ], [ -115.634186078827142, 36.161836191781838 ], [ -115.633713402677287, 36.161890478246704 ], [ -115.633570568192283, 36.161882176982886 ], [ -115.633383517614845, 36.16183370457054 ], [ -115.632856600500915, 36.161599113524986 ], [ -115.632579435553637, 36.161562835234477 ], [ -115.632431785675962, 36.16159757012629 ], [ -115.632264577620816, 36.161701675426855 ], [ -115.631977353013923, 36.16200973560251 ], [ -115.631724375297566, 36.162232110491473 ], [ -115.631496474950751, 36.162414979662529 ], [ -115.63131487747971, 36.162525483182115 ], [ -115.631158666518729, 36.162580013447375 ], [ -115.630951827465708, 36.162614077602299 ], [ -115.630540039869274, 36.162804812318583 ], [ -115.630137551194167, 36.162929373568375 ], [ -115.62985114943308, 36.162959217703381 ], [ -115.629683966023237, 36.162940770619777 ], [ -115.629503606155126, 36.162859193658669 ], [ -115.62940684746188, 36.162788543712473 ], [ -115.629211804708191, 36.162726686140076 ], [ -115.627578326180512, 36.162823912031406 ], [ -115.627328373510935, 36.162867383519078 ], [ -115.626279471950937, 36.163285933727266 ], [ -115.626135838133536, 36.163324069037941 ], [ -115.625680573146383, 36.163379964268195 ], [ -115.625127465332838, 36.163503915638735 ], [ -115.624011507791195, 36.163649351763205 ], [ -115.623654325196483, 36.163728994590748 ], [ -115.62330920860667, 36.163771570718851 ], [ -115.62312545538839, 36.163778761150184 ], [ -115.622644781065389, 36.163698775961194 ], [ -115.622302160148379, 36.163601736217643 ], [ -115.622084114088253, 36.163599226261852 ], [ -115.621901110085346, 36.163559924358886 ], [ -115.621821757766199, 36.163503154620962 ], [ -115.62176637923929, 36.163390821721556 ], [ -115.621586796801822, 36.163156050412574 ], [ -115.621417284354251, 36.163005198910191 ], [ -115.621166783803744, 36.162890609321757 ], [ -115.620871831841683, 36.162691757275645 ], [ -115.620567693168368, 36.162362507374795 ], [ -115.62019175620911, 36.162199917153671 ], [ -115.619747373667167, 36.162104427667373 ], [ -115.619201285639889, 36.162223681731092 ], [ -115.619008801163943, 36.16224212392877 ], [ -115.61866096865829, 36.162442921510667 ], [ -115.618345904965921, 36.162737085672056 ], [ -115.618320133237305, 36.162895037760038 ], [ -115.618249219744854, 36.163015217356538 ], [ -115.617948876787523, 36.163123400950148 ], [ -115.617613095880301, 36.163287076272269 ], [ -115.616869362122102, 36.163808987843474 ], [ -115.616171328660698, 36.16434078145943 ], [ -115.615881698312663, 36.164495627384099 ], [ -115.615686241172455, 36.164512019034696 ], [ -115.615560378426423, 36.164491912633444 ], [ -115.615116563039606, 36.164272726990028 ], [ -115.61500226684538, 36.164243512918119 ], [ -115.614876064142294, 36.164242052077761 ], [ -115.614266039861647, 36.164337339682952 ], [ -115.614138636059977, 36.164401015650228 ], [ -115.614023412185503, 36.164427627683764 ], [ -115.613897482195853, 36.164407517751087 ], [ -115.613644694329025, 36.164423242593408 ], [ -115.613091736788746, 36.164537845738394 ], [ -115.612609265783732, 36.164560146733415 ], [ -115.612101009690619, 36.16474041355125 ], [ -115.612042856394055, 36.164786284655591 ], [ -115.612041709265313, 36.164851422193152 ], [ -115.612140717597612, 36.165094575387648 ], [ -115.612105003403556, 36.165168607002691 ], [ -115.611917736371751, 36.165371192827848 ], [ -115.611720376082062, 36.165499196856224 ], [ -115.611639554777838, 36.165526160032584 ], [ -115.611571350790825, 36.165488174066276 ], [ -115.611586923630256, 36.16525565109702 ], [ -115.611564964806647, 36.165199549060297 ], [ -115.611519200273435, 36.165189715543036 ], [ -115.611069824926531, 36.165286902888219 ], [ -115.610871807080684, 36.165452102489056 ], [ -115.61078950693927, 36.165562851564708 ], [ -115.61072015398527, 36.165590001727026 ], [ -115.610595208849546, 36.165514043291708 ], [ -115.610458298969846, 36.165465955697279 ], [ -115.610136646996764, 36.165480819452867 ], [ -115.609500706639423, 36.165743340648362 ], [ -115.609397116131859, 36.165760789380926 ], [ -115.60922565105534, 36.165721548597084 ], [ -115.609075968446277, 36.165747701634125 ], [ -115.608868060932465, 36.165819793441166 ], [ -115.608578564563274, 36.165965329097737 ], [ -115.608276565232188, 36.166166564464405 ], [ -115.608195738743078, 36.166193581186398 ], [ -115.607852073567358, 36.166152335258168 ], [ -115.607702126330366, 36.166197135502877 ], [ -115.607539587556516, 36.166297600763109 ], [ -115.607008444285796, 36.166477569996268 ], [ -115.606915597249596, 36.166532336600113 ], [ -115.606682122255634, 36.166753019323323 ], [ -115.606545279287545, 36.166704881286513 ], [ -115.606208859514595, 36.166254212005846 ], [ -115.605903617289528, 36.165990053698039 ], [ -115.605846119323289, 36.165998687877334 ], [ -115.605471615891304, 36.166403819586733 ], [ -115.605238960484527, 36.166577963220476 ], [ -115.605109896849257, 36.166734708339575 ], [ -115.605073351938415, 36.166855290286314 ], [ -115.604921027849826, 36.167030315916861 ], [ -115.604951308533842, 36.167263362516628 ], [ -115.604903785806215, 36.167355913972401 ], [ -115.604835583468244, 36.167317869208823 ], [ -115.604440518647593, 36.166940956202168 ], [ -115.604406224005757, 36.166931262219286 ], [ -115.604370619074572, 36.166952284878477 ], [ -115.604367534091622, 36.167172808268369 ], [ -115.604499166847688, 36.167518694426008 ], [ -115.604498176619799, 36.167574530352439 ], [ -115.604451752160372, 36.167601945125178 ], [ -115.604371253719179, 36.167610310317862 ], [ -115.604119939381718, 36.167542228655527 ], [ -115.603949134936514, 36.167465728432802 ], [ -115.603563727406112, 36.167191335135513 ], [ -115.603335851826017, 36.167095623948491 ], [ -115.602822196551102, 36.166931381889604 ], [ -115.602467798027192, 36.166852791103686 ], [ -115.602215604908508, 36.166831248005359 ], [ -115.602030855070694, 36.166894241924872 ], [ -115.601775743270423, 36.16704016143597 ], [ -115.601692107181805, 36.167225334001643 ], [ -115.601541261132979, 36.167316677150794 ], [ -115.601426470451898, 36.167315336538856 ], [ -115.601266467123025, 36.1672762178979 ], [ -115.601050219937761, 36.167171290277793 ], [ -115.60095826154442, 36.167179564676857 ], [ -115.60075008222006, 36.167270183069199 ], [ -115.600668591891306, 36.167334380756579 ], [ -115.600620005507778, 36.167482712301855 ], [ -115.600539353138672, 36.167500421454484 ], [ -115.600301663749931, 36.167311484055851 ], [ -115.60014133025021, 36.16729096595958 ], [ -115.59961158607409, 36.167387170069389 ], [ -115.599324163932792, 36.167411700089282 ], [ -115.599058413384654, 36.167510990707079 ], [ -115.598862694223172, 36.167545957767786 ], [ -115.598668553610082, 36.167487828699443 ], [ -115.598542456535185, 36.167477059072802 ], [ -115.598322635177624, 36.167576830975015 ], [ -115.597976993859831, 36.167647237427218 ], [ -115.597792045302882, 36.167659846453276 ], [ -115.597759570232057, 36.167666020507596 ], [ -115.5976744339943, 36.167670142897542 ], [ -115.597404696899218, 36.167556775005636 ], [ -115.59709747932871, 36.167404276024442 ], [ -115.596938649869827, 36.167300014298867 ], [ -115.596835871642043, 36.167270907849911 ], [ -115.596687342951867, 36.167231917066523 ], [ -115.59644634642541, 36.167229092418047 ], [ -115.596215991356132, 36.167272943790756 ], [ -115.595986300576499, 36.167279553707004 ], [ -115.595665912262433, 36.167219938881729 ], [ -115.595209573584199, 36.167065684742738 ], [ -115.594969574606026, 36.167007021301245 ], [ -115.594901045404782, 36.166987618892726 ], [ -115.594868901462419, 36.166856940065088 ], [ -115.594871724963866, 36.166698725048853 ], [ -115.594849955322275, 36.166633318548101 ], [ -115.594769624518918, 36.166632375822537 ], [ -115.594654225355143, 36.166668270625415 ], [ -115.594456945837806, 36.166786952679395 ], [ -115.594306757555316, 36.16684099160527 ], [ -115.594134290071139, 36.166857617332184 ], [ -115.593881503695243, 36.16687324630994 ], [ -115.593742773737532, 36.166927463840175 ], [ -115.593627818172735, 36.166935417216017 ], [ -115.593490650567745, 36.166905904172026 ], [ -115.593216527983017, 36.166828183670113 ], [ -115.592781465028921, 36.166767267522779 ], [ -115.592574541888411, 36.166783432956443 ], [ -115.592056597829298, 36.166861090913393 ], [ -115.591732608703296, 36.167006177869929 ], [ -115.591570790083537, 36.167069479495019 ], [ -115.591433058795943, 36.167067858557644 ], [ -115.59123899043297, 36.167009727379622 ], [ -115.591033397896595, 36.166951451454693 ], [ -115.590884371633379, 36.166940402920581 ], [ -115.590666542139616, 36.166928481079026 ], [ -115.590585477292109, 36.166964785534297 ], [ -115.590630418341476, 36.167021162258671 ], [ -115.590709584666186, 36.167087244088037 ], [ -115.590754347724797, 36.167152922221391 ], [ -115.590718712812233, 36.167217653092941 ], [ -115.590637548445244, 36.167263241906888 ], [ -115.590396053029082, 36.167288299530952 ], [ -115.59005229308049, 36.167256349959082 ], [ -115.589766379462006, 36.167197134026608 ], [ -115.589640285180963, 36.167186345117678 ], [ -115.589525050039327, 36.167212889342046 ], [ -115.589271417776416, 36.16727505008906 ], [ -115.589076295972745, 36.167272750265788 ], [ -115.588801897519275, 36.167213669445232 ], [ -115.588230727785927, 36.167058035049841 ], [ -115.587910969518774, 36.166970514976505 ], [ -115.587574964517955, 36.166929093468696 ], [ -115.587441552873784, 36.166899825758556 ], [ -115.587280389678099, 36.166925824743451 ], [ -115.586980671324312, 36.166996732635177 ], [ -115.586808369447667, 36.167004002188364 ], [ -115.586682676493822, 36.166974616283738 ], [ -115.586569044813899, 36.16690812425923 ], [ -115.586455158272486, 36.166860226908412 ], [ -115.586352328920768, 36.166831111480676 ], [ -115.586111335102245, 36.166828265136289 ], [ -115.585605914662167, 36.166850195332941 ], [ -115.585250967288204, 36.16679945710586 ], [ -115.585090137870054, 36.166806904328858 ], [ -115.584975069465443, 36.166824142726526 ], [ -115.584871573126321, 36.166832221893181 ], [ -115.584642886992825, 36.166782964432485 ], [ -115.584415103418834, 36.166687220047898 ], [ -115.584220810017712, 36.166638369951059 ], [ -115.583921924761285, 36.166662789104102 ], [ -115.583771562729041, 36.166726160389011 ], [ -115.583575995488985, 36.166751747824208 ], [ -115.583357934135549, 36.166749168213386 ], [ -115.583026154301322, 36.166689384359422 ], [ -115.582635634677317, 36.166703368738794 ], [ -115.581918057412949, 36.166587842035085 ], [ -115.580929263735968, 36.166617515919384 ], [ -115.58011443000413, 36.16651355851964 ], [ -115.579784838609569, 36.166417037696867 ], [ -115.578640402885625, 36.166461534252846 ], [ -115.578429837146075, 36.166305624566078 ], [ -115.5782925260296, 36.166030936287306 ], [ -115.578200975547304, 36.165978964594302 ], [ -115.577706589548683, 36.165897277122234 ], [ -115.577156820794968, 36.165891756224759 ], [ -115.577728996800147, 36.166575333437407 ], [ -115.578281298029637, 36.167464838260393 ], [ -115.578413537618061, 36.167736103115537 ], [ -115.578825835618019, 36.168297564406998 ], [ -115.579533748473906, 36.169458328510935 ], [ -115.579564853481841, 36.169723279989356 ], [ -115.579681542620889, 36.169950384417071 ], [ -115.580062751890438, 36.170316282048503 ], [ -115.580265026480532, 36.17050553853587 ], [ -115.580622897233084, 36.170934516650775 ], [ -115.580910754894091, 36.171231016743263 ], [ -115.581237517266601, 36.171470742259558 ], [ -115.58161096173103, 36.171773550849117 ], [ -115.581937727540236, 36.172051123716528 ], [ -115.58211667024041, 36.17225299397262 ], [ -115.582241152232712, 36.172461170457566 ], [ -115.582427877356182, 36.172637806619207 ], [ -115.582676847233515, 36.172833368750474 ], [ -115.582949159624448, 36.172991080421241 ], [ -115.583268155806422, 36.173161408208962 ], [ -115.583517129495263, 36.173344351273322 ], [ -115.583664956957705, 36.17349575158228 ], [ -115.583999519084969, 36.174202286974761 ], [ -115.584100666623542, 36.174328453866998 ], [ -115.584614185621717, 36.174631252939975 ], [ -115.584886507968847, 36.174776342886993 ], [ -115.585034340525823, 36.17483311656266 ], [ -115.585431150815452, 36.174814188071956 ], [ -115.585695693414692, 36.174896193283097 ], [ -115.585913553948942, 36.17498450684883 ], [ -115.586139198257243, 36.17521160318163 ], [ -115.586294818372608, 36.175445009517567 ], [ -115.586427092875837, 36.175558556543521 ], [ -115.586598271781114, 36.175646869775136 ], [ -115.586753889794565, 36.175760416846707 ], [ -115.587034000805247, 36.175911809953227 ], [ -115.587244088520436, 36.176107363539224 ], [ -115.587679825292511, 36.176435385251857 ], [ -115.587921032734101, 36.176517385359311 ], [ -115.588177806798456, 36.176668777441954 ], [ -115.588271182523656, 36.176776016448329 ], [ -115.588372352742169, 36.17712297059856 ], [ -115.588341259111587, 36.177659181040887 ], [ -115.588341282547063, 36.178075531697893 ], [ -115.588310167931937, 36.178226932456752 ], [ -115.588302402986372, 36.178510808317981 ], [ -115.588302416009469, 36.178744216443135 ], [ -115.588473611257072, 36.178977619325316 ], [ -115.588963831556029, 36.179229933135161 ], [ -115.589360672700678, 36.179349774962986 ], [ -115.58967192534891, 36.179488544108764 ], [ -115.589858682583298, 36.179633627605163 ], [ -115.589975408384021, 36.179759788748221 ], [ -115.590037678598065, 36.18003735211623 ], [ -115.590224489447579, 36.180825884531004 ], [ -115.590278971125983, 36.180989898652697 ], [ -115.590426837547824, 36.181267458233819 ], [ -115.590691434802224, 36.181671177146413 ], [ -115.590963817090525, 36.182100128729566 ], [ -115.591049428187148, 36.182276757100247 ], [ -115.591080584513364, 36.182611097260413 ], [ -115.591080642588082, 36.183248239223637 ], [ -115.591166272706602, 36.1836267335473 ], [ -115.59123631796146, 36.183746587947006 ], [ -115.591469811432972, 36.1842575489975 ], [ -115.591664404513409, 36.184806362120327 ], [ -115.591851197966506, 36.185159616676486 ], [ -115.59205355134327, 36.185456095199029 ], [ -115.592139161285033, 36.185563330717372 ], [ -115.592302587109657, 36.185664253598517 ], [ -115.592481571602107, 36.185721015971993 ], [ -115.592668341104002, 36.185796703026028 ], [ -115.59307041535854, 36.185973306938912 ], [ -115.593319462752547, 36.186242443391109 ], [ -115.593589273149448, 36.18659568881656 ], [ -115.59385907426649, 36.186856411566104 ], [ -115.594128868429564, 36.187049845345534 ], [ -115.594471290625918, 36.187218038583765 ], [ -115.594886335059059, 36.187310524165532 ], [ -115.595467403134037, 36.187470281104382 ], [ -115.595778700623455, 36.187621651684189 ], [ -115.595955120402749, 36.187823501314654 ], [ -115.596152324974909, 36.188227214572677 ], [ -115.596349510281911, 36.188496349884701 ], [ -115.596422188381865, 36.188790731369863 ], [ -115.596287344802576, 36.189068312121577 ], [ -115.596266627762319, 36.189295413844803 ], [ -115.596121392521454, 36.189480472496115 ], [ -115.596084206706436, 36.189503923516341 ], [ -115.595841264320171, 36.189657133254222 ], [ -115.595498874434909, 36.18980015463265 ], [ -115.595270618378763, 36.189934754472752 ], [ -115.59518765692485, 36.190262794656107 ], [ -115.595135832418933, 36.190658121140835 ], [ -115.595177359306874, 36.190809517637675 ], [ -115.595301905694456, 36.191028194756434 ], [ -115.595343436767635, 36.191204823969734 ], [ -115.595260484095704, 36.191608565170995 ], [ -115.595219017119433, 36.19187772404797 ], [ -115.595322814009421, 36.192096403023804 ], [ -115.595530372487858, 36.192298249371127 ], [ -115.595748310828952, 36.192516918009076 ], [ -115.595789874357592, 36.192903823761455 ], [ -115.595789901050054, 36.193080457686683 ], [ -115.595841808115722, 36.193240262921528 ], [ -115.595914457708446, 36.193324366882422 ], [ -115.595976731252932, 36.19341688274411 ], [ -115.596049382639336, 36.193517809371635 ], [ -115.596163534411275, 36.193576675391959 ], [ -115.596298437640897, 36.193618717360522 ], [ -115.596474837268687, 36.1936018775599 ], [ -115.596661617067667, 36.193601858267947 ], [ -115.596848424827087, 36.193778471698742 ], [ -115.597149376350743, 36.193946661625674 ], [ -115.597325846873105, 36.19434196395413 ], [ -115.597429637304614, 36.194476530019081 ], [ -115.597740969292133, 36.194644717310815 ], [ -115.597907016836075, 36.194754042236667 ], [ -115.59814570197868, 36.194863359401396 ], [ -115.59836363881179, 36.194989500392296 ], [ -115.598488183534812, 36.195115652159195 ], [ -115.598519354006868, 36.195334336944612 ], [ -115.598446783326295, 36.195696022476561 ], [ -115.598498692841545, 36.19583059375617 ], [ -115.598581733807933, 36.195965161280419 ], [ -115.598716707870935, 36.196360467351511 ], [ -115.598799776859835, 36.196638023079814 ], [ -115.59879981669684, 36.196848300608131 ], [ -115.598810215858379, 36.196966054937413 ], [ -115.598965923544185, 36.197235190737068 ], [ -115.599007477449575, 36.197470695889805 ], [ -115.598945249110471, 36.197655748300818 ], [ -115.59897643587675, 36.197941721140388 ], [ -115.599069861760782, 36.198101520672815 ], [ -115.599339713973961, 36.198328586256238 ], [ -115.599827526284002, 36.198732256849446 ], [ -115.599941710769372, 36.198900463906853 ], [ -115.600076706487158, 36.199337822893668 ], [ -115.600222037284112, 36.199564902876567 ], [ -115.600585318986646, 36.19990970868178 ], [ -115.600658017471616, 36.200170442584607 ], [ -115.600678804330798, 36.200321838945086 ], [ -115.600647729773684, 36.200590998850998 ], [ -115.600585542098329, 36.200961094878473 ], [ -115.600627113570866, 36.201247066648456 ], [ -115.600741328648866, 36.20153302841257 ], [ -115.600948947872382, 36.201835798904433 ], [ -115.601083908289084, 36.202062879224393 ], [ -115.601198146574276, 36.202441362383702 ], [ -115.60131233193728, 36.202575923510452 ], [ -115.601519937268307, 36.202794582043119 ], [ -115.601717181353933, 36.203080529934162 ], [ -115.602018311587244, 36.203829073171235 ], [ -115.602267436425578, 36.204056135138551 ], [ -115.602682617173713, 36.20430840481125 ], [ -115.603274281371284, 36.204779333397788 ], [ -115.603315856349198, 36.205031659558067 ], [ -115.603388544594011, 36.205199869817143 ], [ -115.603575404598587, 36.205410116243783 ], [ -115.603980305693241, 36.206007237622572 ], [ -115.604219084606754, 36.206309997200606 ], [ -115.604613566086584, 36.206713663594243 ], [ -115.604748538791, 36.206915506052809 ], [ -115.604810887228751, 36.207209883528819 ], [ -115.604883616624605, 36.207512670084618 ], [ -115.604987462239208, 36.207739752132333 ], [ -115.605184685814834, 36.207857472417551 ], [ -115.605288493841215, 36.207941565154762 ], [ -115.605423466976376, 36.208134996821492 ], [ -115.605558462751091, 36.208404127402986 ], [ -115.605641555924748, 36.208639622552099 ], [ -115.605610443977881, 36.208723738971372 ], [ -115.605589741769336, 36.208925608938728 ], [ -115.605600202604194, 36.209219995137197 ], [ -115.6056002676373, 36.209455505021033 ], [ -115.605704112116101, 36.209665763680938 ], [ -115.605859845113429, 36.209850780201727 ], [ -115.606150501325388, 36.210027360181172 ], [ -115.606389275650415, 36.210246004461908 ], [ -115.606347816487315, 36.210439466533984 ], [ -115.606358245601584, 36.210616097234322 ], [ -115.606420562038267, 36.210767485647459 ], [ -115.606430974477817, 36.210885238198607 ], [ -115.606379113596404, 36.211003003135978 ], [ -115.606368773371003, 36.21113758221933 ], [ -115.606451854973301, 36.211314199493252 ], [ -115.606545295016787, 36.211415115744757 ], [ -115.606856723502446, 36.211616922852933 ], [ -115.607251228823785, 36.211961702247429 ], [ -115.607479688767484, 36.212365390682159 ], [ -115.607573154190987, 36.212542005151171 ], [ -115.60759398303216, 36.212777510898668 ], [ -115.607594056590784, 36.21302143247118 ], [ -115.607666784302211, 36.213265339899699 ], [ -115.607884800335867, 36.213433518872314 ], [ -115.608102803235866, 36.213559642038554 ], [ -115.60834156757511, 36.213694171550294 ], [ -115.608518030784012, 36.213744602360698 ], [ -115.608611489603732, 36.213887571489217 ], [ -115.608621908392266, 36.214013735607132 ], [ -115.608559688094132, 36.21419038074486 ], [ -115.608466305279507, 36.214291332212824 ], [ -115.608321117961296, 36.214686682727368 ], [ -115.608404228702071, 36.214930586676836 ], [ -115.608476956551428, 36.21515767085365 ], [ -115.608549702183652, 36.215443633076227 ], [ -115.608715885808493, 36.215796864363966 ], [ -115.608861269394851, 36.216015523481005 ], [ -115.608861314828459, 36.216158511456321 ], [ -115.608902916481256, 36.216419246199663 ], [ -115.609141693592363, 36.216562184993073 ], [ -115.609328579717086, 36.216721956840225 ], [ -115.609951527066116, 36.217226490024444 ], [ -115.610273389509658, 36.217495574946213 ], [ -115.610335755761426, 36.217756304663688 ], [ -115.610387720103873, 36.217949747621752 ], [ -115.61052272127877, 36.218134761547404 ], [ -115.611052228253897, 36.218521554085712 ], [ -115.612287790795904, 36.219496957115361 ], [ -115.6126823749876, 36.21988377380476 ], [ -115.613419528493168, 36.220329383770483 ], [ -115.61400104620067, 36.22092642750512 ], [ -115.614509901129665, 36.221498253111093 ], [ -115.614613773369896, 36.221674860217696 ], [ -115.61452044847961, 36.221927215952782 ], [ -115.614437559887904, 36.222322556867645 ], [ -115.614448139675545, 36.222835629470161 ], [ -115.614603985191437, 36.223188854932282 ], [ -115.614749494703076, 36.223651426185057 ], [ -115.61487415436234, 36.22388690488561 ], [ -115.615216831951273, 36.224181204689998 ], [ -115.615549094331456, 36.224382983720723 ], [ -115.615943677978436, 36.224668857041557 ], [ -115.616120243217708, 36.224895908957144 ], [ -115.616182638244908, 36.225165047204207 ], [ -115.616213857243935, 36.225350082093627 ], [ -115.616234729288237, 36.225619230413706 ], [ -115.616348995006632, 36.225804243160546 ], [ -115.616546294998628, 36.225955589991074 ], [ -115.616816261783256, 36.226106915957025 ], [ -115.618727149554431, 36.227906351678548 ], [ -115.6192776537452, 36.228579078113242 ], [ -115.619464589122416, 36.228738834020753 ], [ -115.619464787261251, 36.229176209046031 ], [ -115.618966788360339, 36.229857648874329 ], [ -115.618842248076078, 36.229941795360375 ], [ -115.618759253308141, 36.230067985138255 ], [ -115.618748928088678, 36.230194154059895 ], [ -115.618655580322496, 36.230387635595207 ], [ -115.618427306337438, 36.230656854259934 ], [ -115.618240460482411, 36.23070737332943 ], [ -115.618105574510381, 36.230875632575035 ], [ -115.617960374830901, 36.231203704914194 ], [ -115.61791902681658, 36.23161585779431 ], [ -115.61789854698678, 36.232271925752293 ], [ -115.617865513349727, 36.232305086386916 ], [ -115.617680624762912, 36.23249067379794 ], [ -115.617381164110043, 36.232678638531738 ], [ -115.61735887616716, 36.232692628239391 ], [ -115.617109738850942, 36.232751574376152 ], [ -115.616974778493969, 36.232760021971004 ], [ -115.616933321840904, 36.232928254408733 ], [ -115.616954149916182, 36.233079647286431 ], [ -115.616995715426143, 36.233172157473206 ], [ -115.61692307823651, 36.233256287771617 ], [ -115.616622094914447, 36.233475056309608 ], [ -115.616175864093037, 36.233937783472676 ], [ -115.615843812920545, 36.234358423774481 ], [ -115.615376763814169, 36.234711809206352 ], [ -115.615200366440646, 36.23495577538884 ], [ -115.615003289702855, 36.23541843291914 ], [ -115.614909959722667, 36.235696021833057 ], [ -115.614764702503081, 36.235931567626245 ], [ -115.614619397212536, 36.236049359210085 ], [ -115.614422147495233, 36.236083053071219 ], [ -115.614266397543645, 36.236041036631541 ], [ -115.614141778703157, 36.235956957016548 ], [ -115.61403789828357, 36.235805583364886 ], [ -115.613861353020923, 36.235679460989672 ], [ -115.613736727682024, 36.235578559206296 ], [ -115.613788558506315, 36.235368270178817 ], [ -115.613840414719576, 36.235225269911922 ], [ -115.613850713184931, 36.235006580142596 ], [ -115.613757163171059, 36.234712216119426 ], [ -115.613570148865207, 36.234350586848798 ], [ -115.61336234438005, 36.23391326170136 ], [ -115.613040344651949, 36.233484375245816 ], [ -115.612489902352451, 36.232929376622863 ], [ -115.612278509875566, 36.232738075744351 ], [ -115.611783711642119, 36.232290299604074 ], [ -115.611524064459871, 36.231995971529798 ], [ -115.611181374221971, 36.231726894979531 ], [ -115.610952931568477, 36.231592368980643 ], [ -115.610838701877157, 36.231499872734695 ], [ -115.610745166239198, 36.231205506251868 ], [ -115.610776253898081, 36.231037278245928 ], [ -115.610682767824841, 36.230885899331554 ], [ -115.610651513799866, 36.230566286456096 ], [ -115.610609934258861, 36.230406485230155 ], [ -115.61056833663315, 36.230196217810096 ], [ -115.610505814334914, 36.229506524824352 ], [ -115.610474612826295, 36.229338310387107 ], [ -115.61034996619469, 36.22912806178249 ], [ -115.610194184342774, 36.228943051486027 ], [ -115.609944977093519, 36.22877488358148 ], [ -115.609643820505909, 36.2284721492911 ], [ -115.609072678210495, 36.227925549091736 ], [ -115.60885460978173, 36.227723728973587 ], [ -115.608750729173607, 36.227505062657634 ], [ -115.608667589640234, 36.227219103183572 ], [ -115.608501366207022, 36.226815406198661 ], [ -115.608345569740678, 36.226554694612588 ], [ -115.608158634722997, 36.226302399876332 ], [ -115.60799248699206, 36.226134211399696 ], [ -115.607815950154446, 36.225932380281606 ], [ -115.60735911090778, 36.22566331493767 ], [ -115.606964595503385, 36.225520402110206 ], [ -115.605874489835216, 36.225100049121849 ], [ -115.60486743209097, 36.224646027633455 ], [ -115.604348318791679, 36.224351728783347 ], [ -115.603953786505826, 36.224091050962208 ], [ -115.603434684485293, 36.223813569021772 ], [ -115.60293627663151, 36.223241695229611 ], [ -115.602645532539029, 36.222871652766585 ], [ -115.60234438331301, 36.222383856930598 ], [ -115.602126294892926, 36.221954925160013 ], [ -115.601607101607016, 36.221181183012774 ], [ -115.601368299841241, 36.220928885046895 ], [ -115.600932277252141, 36.220685025794118 ], [ -115.600299026757881, 36.220407545962459 ], [ -115.599863024055907, 36.220230970828773 ], [ -115.59951007201235, 36.220096438996123 ], [ -115.598824988329369, 36.220121757108906 ], [ -115.598378643184518, 36.220121810082105 ], [ -115.598036102817446, 36.220147082269634 ], [ -115.597859658837365, 36.220248035600449 ], [ -115.597683202600962, 36.220281698866302 ], [ -115.597537881649089, 36.220290125795373 ], [ -115.597413311526111, 36.220239673181268 ], [ -115.597251757199061, 36.220087434833111 ], [ -115.596904604578015, 36.219760296925053 ], [ -115.596613928779675, 36.219550050254981 ], [ -115.595991063090693, 36.219146381504935 ], [ -115.595773069204455, 36.219053880864074 ], [ -115.595638131348494, 36.219070715397656 ], [ -115.595627761614608, 36.219138005278047 ], [ -115.595690061610028, 36.219272576322155 ], [ -115.596167614651804, 36.219735139024344 ], [ -115.596261044891662, 36.219794006910547 ], [ -115.596292198874494, 36.219878114493163 ], [ -115.596344153993101, 36.22022296289493 ], [ -115.596271512145478, 36.220349136126494 ], [ -115.596178113885543, 36.220492133127181 ], [ -115.59615738564483, 36.220702411824888 ], [ -115.596198939622283, 36.220912684389127 ], [ -115.596240487218793, 36.221080901604587 ], [ -115.595908379678548, 36.221476253695037 ], [ -115.595721571529154, 36.221728603442571 ], [ -115.595565881294235, 36.221829550469032 ], [ -115.595306404003679, 36.222048261858689 ], [ -115.595223371344446, 36.222123969142721 ], [ -115.595067691553041, 36.222300615258291 ], [ -115.594974286481445, 36.222435200368885 ], [ -115.594943157712478, 36.222527724625301 ], [ -115.595046988491674, 36.222712759373302 ], [ -115.595327295083706, 36.222939832484364 ], [ -115.595524557436349, 36.223166912671687 ], [ -115.595649150966736, 36.223343533176596 ], [ -115.59574260808408, 36.223562211808421 ], [ -115.595846461296702, 36.223873411769532 ], [ -115.595929532544062, 36.224041624142714 ], [ -115.596012590070643, 36.224125726744973 ], [ -115.596147554889029, 36.224226646880716 ], [ -115.596365570255941, 36.224361202133338 ], [ -115.596801586659581, 36.22452937907714 ], [ -115.597102663040616, 36.224739624104913 ], [ -115.597268770495276, 36.224832127894167 ], [ -115.597299933297151, 36.224949878679467 ], [ -115.597268803411311, 36.225025581749435 ], [ -115.597196146910264, 36.225076056604458 ], [ -115.597081965792398, 36.225126534908725 ], [ -115.596614829673371, 36.225118172483647 ], [ -115.596417598346093, 36.225143425034169 ], [ -115.595732497471786, 36.225353768160083 ], [ -115.595535270116685, 36.225404252789225 ], [ -115.595379555150785, 36.225387445370451 ], [ -115.594985079542056, 36.225362247251972 ], [ -115.594777464138772, 36.22537067625008 ], [ -115.594580227012884, 36.225362282251304 ], [ -115.594237650386376, 36.225286611087917 ], [ -115.593988496487512, 36.225177288011025 ], [ -115.593272204856191, 36.225034355409051 ], [ -115.593033447332004, 36.225042783680486 ], [ -115.592784303650021, 36.224992334250508 ], [ -115.591279041683748, 36.224470944566313 ], [ -115.591144091563876, 36.224454130456273 ], [ -115.590967621121564, 36.224479373760929 ], [ -115.590770395835705, 36.224563494050763 ], [ -115.590583553814511, 36.224698081448246 ], [ -115.590334434816512, 36.224916781307471 ], [ -115.590251420812123, 36.225320515567141 ], [ -115.590334535268255, 36.226144794465867 ], [ -115.590365688459102, 36.226279369636387 ], [ -115.590427990689221, 36.226481232045444 ], [ -115.590614876717552, 36.226809253884369 ], [ -115.590781000778321, 36.227128864745417 ], [ -115.590947128453664, 36.227473708887686 ], [ -115.590988662205575, 36.227574638914049 ], [ -115.591071722013695, 36.227700800157706 ], [ -115.591196303359069, 36.227776492868692 ], [ -115.591383170556853, 36.227852181860754 ], [ -115.59155965500446, 36.227894226783214 ], [ -115.591694621969197, 36.228020384501633 ], [ -115.591746542979479, 36.228171779773817 ], [ -115.591663503182048, 36.228264306209361 ], [ -115.591476656314725, 36.228424127501775 ], [ -115.591310580583155, 36.228676468705828 ], [ -115.59122755743752, 36.228970860258684 ], [ -115.59120680699516, 36.229097027209441 ], [ -115.591321019579283, 36.229290474371368 ], [ -115.591653262371821, 36.229685773942137 ], [ -115.591736324645126, 36.229803523824536 ], [ -115.591705187745248, 36.229870814480506 ], [ -115.591622140032158, 36.229912874727425 ], [ -115.591456037367593, 36.229912884538436 ], [ -115.591061537202975, 36.229854029020039 ], [ -115.590615133822581, 36.229820408391987 ], [ -115.59028292478834, 36.229769958867202 ], [ -115.590096057610054, 36.229753146058314 ], [ -115.589888427502117, 36.229727922128525 ], [ -115.589535462997574, 36.229761581971474 ], [ -115.589296694150079, 36.229820468829281 ], [ -115.589089071885979, 36.229912999290676 ], [ -115.58895411665776, 36.229955059670232 ], [ -115.588684201075893, 36.229980302083987 ], [ -115.588507714461244, 36.229955075559367 ], [ -115.587936736588517, 36.229955093455139 ], [ -115.587531861521242, 36.229980337099413 ], [ -115.586877838809215, 36.230173806507175 ], [ -115.586722118639244, 36.230224275642726 ], [ -115.586524871293349, 36.230249511789026 ], [ -115.586254955672857, 36.23033362658721 ], [ -115.586171906000118, 36.230426149136228 ], [ -115.586088854680071, 36.23042615028487 ], [ -115.586016184410653, 36.23041774037555 ], [ -115.585922749635785, 36.230375686305472 ], [ -115.585735879215022, 36.230241111842552 ], [ -115.585497103266846, 36.230106537543314 ], [ -115.585092223602658, 36.22992990850674 ], [ -115.584894975692777, 36.229803743653257 ], [ -115.584708108992118, 36.229728044560787 ], [ -115.584500480179145, 36.22963552344951 ], [ -115.584189037951276, 36.22951776827739 ], [ -115.58381530869373, 36.229408423741958 ], [ -115.583431199299014, 36.229307488820133 ], [ -115.582891370726131, 36.229214960685532 ], [ -115.582330782143629, 36.229021498444915 ], [ -115.581874010307914, 36.228828035877036 ], [ -115.581656007133546, 36.228701865248297 ], [ -115.581479529828769, 36.228542050894511 ], [ -115.58125114764394, 36.228399057535007 ], [ -115.580420662316925, 36.228129878315563 ], [ -115.580067703124939, 36.228096222414393 ], [ -115.57980817513014, 36.22806256823948 ], [ -115.579642077296356, 36.228045739033725 ], [ -115.579455212680301, 36.228096198371354 ], [ -115.579330633438744, 36.228188714435341 ], [ -115.579195666235634, 36.228373751244533 ], [ -115.579029549550114, 36.228651307811582 ], [ -115.578977628416368, 36.228886815092601 ], [ -115.579008759075052, 36.229105503525069 ], [ -115.579112558416099, 36.229332606081599 ], [ -115.579226744543533, 36.229475598546664 ], [ -115.579673129718145, 36.229719537761845 ], [ -115.579943037511171, 36.229887769180699 ], [ -115.580181805981198, 36.229988710159098 ], [ -115.580244090074743, 36.230081233690171 ], [ -115.580057214797094, 36.230257859597756 ], [ -115.579859958948163, 36.230426072137668 ], [ -115.579683464190992, 36.230585875214743 ], [ -115.579506969354966, 36.230754088887011 ], [ -115.579382389840745, 36.230779317137234 ], [ -115.57914361027764, 36.230838183671985 ], [ -115.578790633974066, 36.230905455215982 ], [ -115.578364982428539, 36.231014778137315 ], [ -115.578105439285309, 36.231065230665607 ], [ -115.577970472527653, 36.231140922958986 ], [ -115.577877030020858, 36.231258672607105 ], [ -115.577866634557139, 36.231426892869649 ], [ -115.577897746358289, 36.23186426837988 ], [ -115.577928875187752, 36.232082956975226 ], [ -115.577928859789182, 36.232284822131177 ], [ -115.577959992865829, 36.23243622202159 ], [ -115.578074180156619, 36.232596038145246 ], [ -115.578240278770508, 36.232730623401174 ], [ -115.57840638083799, 36.232839974945911 ], [ -115.578562096091275, 36.232999792706273 ], [ -115.578665904353542, 36.233151196885437 ], [ -115.578665901540489, 36.233193252083716 ], [ -115.578551698378831, 36.233235301662333 ], [ -115.578437499204512, 36.233218473314274 ], [ -115.578281774205522, 36.233176410130312 ], [ -115.577908033823959, 36.233092279742714 ], [ -115.577731545450291, 36.233058626459844 ], [ -115.57731628431354, 36.232907203198799 ], [ -115.577087897012035, 36.232764201972081 ], [ -115.576776464969427, 36.232520261968673 ], [ -115.576278185142073, 36.232049210761843 ], [ -115.575977138472908, 36.23183050286778 ], [ -115.575520368440849, 36.23160337179133 ], [ -115.575136265561753, 36.231443532455522 ], [ -115.574710630672044, 36.231342566327896 ], [ -115.574461473606192, 36.231325723099218 ], [ -115.574316128766696, 36.231350944318791 ], [ -115.574108488995421, 36.231409803414429 ], [ -115.573797024958736, 36.231527530737154 ], [ -115.573568609273408, 36.231678909184531 ], [ -115.573080625056605, 36.232015304312178 ], [ -115.572904098756752, 36.23227602935421 ], [ -115.572727577192637, 36.232503110690217 ], [ -115.572706794869092, 36.232637685063494 ], [ -115.572810558024841, 36.233024602765077 ], [ -115.572914361116517, 36.2331339557945 ], [ -115.573090835989404, 36.233251727440503 ], [ -115.573225773306518, 36.233445193528112 ], [ -115.573319187892949, 36.233613423019833 ], [ -115.573381462253693, 36.23373959436563 ], [ -115.573443745794265, 36.233798477930783 ], [ -115.573537177955089, 36.233840541708823 ], [ -115.573557921428787, 36.234000352569886 ], [ -115.573495623127016, 36.234042402034241 ], [ -115.573381420475897, 36.234050802329442 ], [ -115.573277601837276, 36.23404238177941 ], [ -115.573142640270973, 36.234017136475991 ], [ -115.573049209276306, 36.233966660634586 ], [ -115.57296616359902, 36.233899364912524 ], [ -115.572841587746552, 36.233840475948504 ], [ -115.572488608572201, 36.233789974097235 ], [ -115.572156395653579, 36.233731063396661 ], [ -115.571834566234372, 36.233663741118633 ], [ -115.571626929019288, 36.233655308104758 ], [ -115.571305094958475, 36.233621629627358 ], [ -115.571097453790188, 36.23363842825939 ], [ -115.570941715207056, 36.233697287597721 ], [ -115.570744449524923, 36.233756142865801 ], [ -115.570557552703789, 36.233882286750415 ], [ -115.57045370428925, 36.234050494386864 ], [ -115.570308338875336, 36.234151410178889 ], [ -115.570162981571045, 36.234210269721771 ], [ -115.569789235891577, 36.234176580027537 ], [ -115.569031362138034, 36.234117607553038 ], [ -115.56870951477498, 36.234142798962274 ], [ -115.568491484943351, 36.234184825148304 ], [ -115.568221531415062, 36.234294131601381 ], [ -115.567993107161172, 36.234395033227294 ], [ -115.567338935527786, 36.234891191307362 ], [ -115.567058587742494, 36.235034137915683 ], [ -115.566788592576557, 36.235311662601845 ], [ -115.566684745272255, 36.235429401778219 ], [ -115.566684713871069, 36.235572388924744 ], [ -115.566705449377807, 36.235706968311256 ], [ -115.56672619305661, 36.235799492544288 ], [ -115.566622357989743, 36.235858353907638 ], [ -115.566445857003714, 36.235875149980899 ], [ -115.566258982295153, 36.235849888162804 ], [ -115.565677608881586, 36.235723632601335 ], [ -115.565480350832289, 36.23570677968447 ], [ -115.565137737897459, 36.235706724688171 ], [ -115.564940464846472, 36.235757158569605 ], [ -115.564680889144128, 36.235841226106551 ], [ -115.564379785855337, 36.235916875246446 ], [ -115.564151358294509, 36.23599253601725 ], [ -115.564026764417846, 36.236017747287875 ], [ -115.563652991049082, 36.23606814867869 ], [ -115.563445334107016, 36.23611857917264 ], [ -115.56309230386475, 36.236244680982104 ], [ -115.562074746301988, 36.236589346329076 ], [ -115.561565948038506, 36.236816348026387 ], [ -115.561420579241755, 36.236875196862641 ], [ -115.561244066453924, 36.236917217774966 ], [ -115.561057157746546, 36.237009702356843 ], [ -115.56092216432134, 36.237085375206924 ], [ -115.560883503083033, 36.237163623036935 ], [ -115.560859833194669, 36.237211528264552 ], [ -115.560890937750514, 36.237354521469157 ], [ -115.561015485654835, 36.237497533964081 ], [ -115.561202335810165, 36.237615324156948 ], [ -115.561389197489092, 36.237691059841175 ], [ -115.561627975376126, 36.237758394339352 ], [ -115.561742153774688, 36.237859348070714 ], [ -115.56183554787242, 36.238027586304554 ], [ -115.561773212717171, 36.238170561507921 ], [ -115.561627815281028, 36.238321932544963 ], [ -115.561472050674865, 36.238414423697641 ], [ -115.561160503283361, 36.238658282180026 ], [ -115.560952826924108, 36.238742351649044 ], [ -115.560714001847131, 36.238826414555746 ], [ -115.560464796374873, 36.23890206405202 ], [ -115.560215596616914, 36.238960890442677 ], [ -115.559893699345849, 36.239078579049909 ], [ -115.559706785379504, 36.239162650613018 ], [ -115.559322569630964, 36.239347612345533 ], [ -115.558865646739889, 36.239616668350315 ], [ -115.558138735179369, 36.239986594265474 ], [ -115.557629889403955, 36.240255633108859 ], [ -115.557484494278214, 36.240364943907402 ], [ -115.557307962972899, 36.24043219234899 ], [ -115.557079480919498, 36.240608771302007 ], [ -115.556923686152516, 36.240760133203196 ], [ -115.55626929065167, 36.241542204295321 ], [ -115.555988851021297, 36.241819701534901 ], [ -115.555698048879833, 36.242038317949024 ], [ -115.55542800468892, 36.242273760365642 ], [ -115.555209911295023, 36.242408283104062 ], [ -115.554960667405993, 36.242542797733947 ], [ -115.554420689687106, 36.242694061500913 ], [ -115.55381838867423, 36.242904183543594 ], [ -115.553538007167802, 36.242996632108678 ], [ -115.55285250339027, 36.243543168107706 ], [ -115.552416214405241, 36.244022478890109 ], [ -115.552166948091553, 36.244190631827884 ], [ -115.551938497269916, 36.24423262476995 ], [ -115.551761932932308, 36.244350330785373 ], [ -115.551304982948139, 36.244552068069872 ], [ -115.550910326097252, 36.244762232868474 ], [ -115.550702643967966, 36.24479581845015 ], [ -115.548926986615456, 36.245013988437243 ], [ -115.548688159788512, 36.245030738671268 ], [ -115.548366285135671, 36.245005409182497 ], [ -115.548075565248311, 36.244971676612103 ], [ -115.547961347833791, 36.244971641703096 ], [ -115.547743265171562, 36.245038862257637 ], [ -115.546902020975025, 36.245433918056811 ], [ -115.546621591399855, 36.245593637770916 ], [ -115.546237309270822, 36.245786968670103 ], [ -115.545842665301748, 36.245929828217406 ], [ -115.545375364304164, 36.246013785991217 ], [ -115.545167684809257, 36.246030539380975 ], [ -115.544555021809174, 36.246097624305285 ], [ -115.5442642686412, 36.246122760018125 ], [ -115.54382815900027, 36.246122612213973 ], [ -115.543599759743159, 36.246046834966748 ], [ -115.543142974559046, 36.245870046705072 ], [ -115.542540840844339, 36.245659561515922 ], [ -115.541969801669481, 36.245558427781148 ], [ -115.541627183168657, 36.245491016857699 ], [ -115.541139150432926, 36.245507662256202 ], [ -115.540422628653104, 36.245616743270496 ], [ -115.540152573240633, 36.245768040753276 ], [ -115.539793763921509, 36.246066719097534 ], [ -115.539781449827743, 36.246088971794997 ], [ -115.539570625187295, 36.246600512397968 ], [ -115.539445907536276, 36.246802329564836 ], [ -115.539290052087466, 36.246978901444997 ], [ -115.53912385088087, 36.247088180829927 ], [ -115.538801806392527, 36.247348798752782 ], [ -115.538209614195438, 36.247895285420412 ], [ -115.537970644389901, 36.248139110694133 ], [ -115.537563327333473, 36.248685601071124 ], [ -115.537523717758816, 36.248736002611523 ], [ -115.537489622647584, 36.248782680387698 ], [ -115.537484171568877, 36.248790142703804 ], [ -115.537442135307415, 36.248847692272442 ], [ -115.537385360421197, 36.24894042137106 ], [ -115.537297630009164, 36.249083710343278 ], [ -115.537052156230459, 36.249484639945429 ], [ -115.53698164711551, 36.249588922386941 ], [ -115.53695383254184, 36.2496300613861 ], [ -115.536930274248689, 36.24968017078573 ], [ -115.536915241268488, 36.249712145171834 ], [ -115.536785724677529, 36.249960663997328 ], [ -115.53675960605436, 36.250027405295427 ], [ -115.5366187756877, 36.250290409009835 ], [ -115.536530640969005, 36.250450270008805 ], [ -115.536482601274187, 36.250553162060676 ], [ -115.536434186744657, 36.250676098332399 ], [ -115.536372296891898, 36.250854977694942 ], [ -115.536282285971197, 36.251115402175195 ], [ -115.536230308913147, 36.25123834862805 ], [ -115.536160501769572, 36.25136965077801 ], [ -115.536033223383129, 36.251534819351527 ], [ -115.535781998295178, 36.251783190849437 ], [ -115.535637475658078, 36.251922204113086 ], [ -115.535504084468997, 36.252035525477829 ], [ -115.535342370995764, 36.252145651717335 ], [ -115.535112670442075, 36.25228652279305 ], [ -115.534704349715966, 36.252509356785652 ], [ -115.534642016772821, 36.252543376467592 ], [ -115.534157358989532, 36.25280788231035 ], [ -115.533137338847169, 36.253374422404882 ], [ -115.532804003831501, 36.253554259683099 ], [ -115.532214738933703, 36.253849292505251 ], [ -115.53201960087523, 36.253946992581092 ], [ -115.531235842076768, 36.254341511412001 ], [ -115.531147431269119, 36.254386014771548 ], [ -115.530903601611001, 36.2545209616911 ], [ -115.530753443174362, 36.254582309791033 ], [ -115.530708901165099, 36.254595019339867 ], [ -115.530708002733789, 36.254595641716449 ], [ -115.530705357392847, 36.254596029875032 ], [ -115.530521541870428, 36.25464847592378 ], [ -115.530347384944122, 36.254666437851412 ], [ -115.530113109238016, 36.254672184185623 ], [ -115.529778868327483, 36.254685327897242 ], [ -115.52947407643002, 36.254696200425244 ], [ -115.529155232514128, 36.254711498134306 ], [ -115.52888120879895, 36.254720880990718 ], [ -115.528536020351282, 36.254615344241031 ], [ -115.528525204197109, 36.254612036893548 ], [ -115.528339003136139, 36.25457135955201 ], [ -115.528103324586439, 36.25450238011922 ], [ -115.528066923883941, 36.25448894021072 ], [ -115.527894147543478, 36.25442514449157 ], [ -115.527742614320928, 36.254366197577802 ], [ -115.527702028098375, 36.254353446846146 ], [ -115.527434474971685, 36.25425987042653 ], [ -115.527367172105983, 36.254236331149592 ], [ -115.527278057689927, 36.254216013353798 ], [ -115.527088962129142, 36.25419022806549 ], [ -115.526899867807188, 36.254164440676554 ], [ -115.526687355808235, 36.254125556023908 ], [ -115.526472683047743, 36.254058951205693 ], [ -115.52629699686436, 36.254022691150205 ], [ -115.526207654222034, 36.254010888601549 ], [ -115.525984576832485, 36.253974045239246 ], [ -115.525643133216349, 36.25392933089082 ], [ -115.525191694080192, 36.253855511941104 ], [ -115.524869080746726, 36.253789689650596 ], [ -115.524786875485873, 36.253775442643388 ], [ -115.524468818217713, 36.253721872595584 ], [ -115.524229809680875, 36.253691174565027 ], [ -115.524043277576183, 36.253671825375896 ], [ -115.523830020910694, 36.253669191796874 ], [ -115.523690310066826, 36.253680231630895 ], [ -115.523579164030693, 36.253708714755028 ], [ -115.523462316667789, 36.253762712681237 ], [ -115.523310727015925, 36.253841901370542 ], [ -115.522970569358989, 36.254010411081168 ], [ -115.522740632035479, 36.254128052114872 ], [ -115.522447626568706, 36.254305662359954 ], [ -115.522120138999583, 36.25450207430054 ], [ -115.52191008719403, 36.254610404020539 ], [ -115.521809335286591, 36.254645369309344 ], [ -115.521708900378698, 36.254667638410503 ], [ -115.521599440081729, 36.254678013043986 ], [ -115.521478166866999, 36.254685041213584 ], [ -115.521341710066466, 36.25466201450233 ], [ -115.521200290526522, 36.254621871583367 ], [ -115.521014207744727, 36.254571530251518 ], [ -115.520950202554729, 36.254549445584956 ], [ -115.520748529922869, 36.254493691490914 ], [ -115.52058041037931, 36.254472390965915 ], [ -115.520409248123059, 36.254476673080887 ], [ -115.520295766027402, 36.25449020513603 ], [ -115.520181842186545, 36.254527179923912 ], [ -115.520046794456931, 36.25456813044206 ], [ -115.519938352173483, 36.254592416194406 ], [ -115.519785228296399, 36.254613967497903 ], [ -115.519640269099369, 36.25462281866178 ], [ -115.519406304600125, 36.254604992963706 ], [ -115.518901036222488, 36.254520927496564 ], [ -115.518720137169225, 36.254480301198278 ], [ -115.518544764867841, 36.254426923730399 ], [ -115.518380146686852, 36.254358752117 ], [ -115.518207631920319, 36.254292655134968 ], [ -115.518042988493605, 36.254228772213857 ], [ -115.517957829451362, 36.254205342084944 ], [ -115.517852661889435, 36.254197637899161 ], [ -115.51775238939058, 36.254211322724949 ], [ -115.517630753297439, 36.254237561986805 ], [ -115.517535710748163, 36.254251257671427 ], [ -115.517461883854665, 36.254258923945905 ], [ -115.517369778801424, 36.254255609572738 ], [ -115.517215340248939, 36.25420895372573 ], [ -115.516769771758177, 36.254101027291867 ], [ -115.516461754019744, 36.254030036230937 ], [ -115.516325381348778, 36.254002768756166 ], [ -115.516209661494884, 36.253992814727191 ], [ -115.515996511815729, 36.253987996069959 ], [ -115.515796179811773, 36.254000436625248 ], [ -115.515487247661, 36.254047804337546 ], [ -115.515215599318182, 36.254070004947039 ], [ -115.514984221662885, 36.254054365811072 ], [ -115.514859248374719, 36.254051732457505 ], [ -115.51478011099114, 36.254057149803366 ], [ -115.514674581120445, 36.254068602828042 ], [ -115.514537321098061, 36.254088235171977 ], [ -115.51441171400063, 36.254115449419402 ], [ -115.514189733355394, 36.254159657148818 ], [ -115.514032814537188, 36.254179548618254 ], [ -115.513829254671535, 36.254213378447396 ], [ -115.513656242403144, 36.254246132811765 ], [ -115.5134779808741, 36.254271549223851 ], [ -115.513400637077055, 36.254276845952042 ], [ -115.513220453802134, 36.254292098955567 ], [ -115.513145989514129, 36.254289038810214 ], [ -115.513105907377849, 36.2542901910141 ], [ -115.512937257576226, 36.254282275091974 ], [ -115.512784902983654, 36.254267289202751 ], [ -115.512573085575909, 36.254234404937272 ], [ -115.512365881114334, 36.254191323350724 ], [ -115.512234820244899, 36.254159825641345 ], [ -115.512098247772329, 36.254143198193866 ], [ -115.511917110027568, 36.254115368595144 ], [ -115.511748831224665, 36.254102627598449 ], [ -115.511540951274853, 36.254095757416351 ], [ -115.511240616654291, 36.254106945818684 ], [ -115.511158970518281, 36.254110219601174 ], [ -115.511040434994058, 36.254110861446684 ], [ -115.510876956565937, 36.254123754447335 ], [ -115.510536868953622, 36.254149382033447 ], [ -115.510270515631774, 36.254171628764247 ], [ -115.510163583923884, 36.254179545738793 ], [ -115.509868322079157, 36.254206037506364 ], [ -115.50957821909337, 36.254232285733295 ], [ -115.50930657842386, 36.254254527899576 ], [ -115.509124580142824, 36.254271423823646 ], [ -115.508863643399195, 36.25428738894977 ], [ -115.508631783652845, 36.254297251424028 ], [ -115.508381766614136, 36.254292014528609 ], [ -115.508200347386165, 36.25427911235483 ], [ -115.507957485167722, 36.254243015875893 ], [ -115.507826508001699, 36.2542072332392 ], [ -115.507701111325375, 36.254156637083724 ], [ -115.507547463076762, 36.254065184912726 ], [ -115.507414763580186, 36.253982467709037 ], [ -115.507310530607199, 36.2539257254886 ], [ -115.507127755596926, 36.253846674421069 ], [ -115.507002360002545, 36.253796022555825 ], [ -115.50681396288067, 36.253734001462561 ], [ -115.506693339580366, 36.253706919824623 ], [ -115.506538137844061, 36.253700689932295 ], [ -115.506182675413058, 36.253702658259627 ], [ -115.506126814700337, 36.253731816621432 ], [ -115.506083023564557, 36.253767228720214 ], [ -115.506050752372872, 36.253787343816313 ], [ -115.505925403126867, 36.253871073692892 ], [ -115.505832120729764, 36.253929630317721 ], [ -115.50572851341434, 36.253977410721646 ], [ -115.505625165811296, 36.254014503885642 ], [ -115.505461250600845, 36.254050848486159 ], [ -115.505310411254186, 36.254076186147977 ], [ -115.505257942055408, 36.254078117024576 ], [ -115.505095112098076, 36.254056907312609 ], [ -115.504950389143275, 36.254023566561898 ], [ -115.504947319460726, 36.254024222447931 ], [ -115.504663710841513, 36.25408482419504 ], [ -115.504445524167991, 36.254194019028915 ], [ -115.504071608488644, 36.254261055187158 ], [ -115.503043435041292, 36.254352877807925 ], [ -115.502295636102261, 36.254453295599745 ], [ -115.501869908543441, 36.254410947409333 ], [ -115.501568736684717, 36.254427560951129 ], [ -115.501236338776366, 36.254511438452994 ], [ -115.500633842163651, 36.254687645138276 ], [ -115.500363724642796, 36.254796796016691 ], [ -115.500031164348684, 36.255032066191752 ], [ -115.499646569604764, 36.255368232755139 ], [ -115.499199718015902, 36.255653890739161 ], [ -115.498950373545114, 36.25575464697495 ], [ -115.498659444565121, 36.255897426875691 ], [ -115.498119003415368, 36.256292355664812 ], [ -115.497183503294707, 36.257073899472658 ], [ -115.497037966089948, 36.257208368855323 ], [ -115.496913280260628, 36.257267155909844 ], [ -115.496684754204026, 36.257317456406533 ], [ -115.496435485023284, 36.257342508484747 ], [ -115.495781284090071, 36.257291568535017 ], [ -115.49551134858126, 36.25722408509224 ], [ -115.495272567934606, 36.25715662297506 ], [ -115.495127178530495, 36.25715651633228 ], [ -115.494909074363335, 36.257173177410436 ], [ -115.494514309798376, 36.257290638662461 ], [ -115.494088437374387, 36.257366021136647 ], [ -115.493849514808218, 36.257424719188457 ], [ -115.493652121639784, 36.257491859364038 ], [ -115.493444160270414, 36.257718797190321 ], [ -115.492737013373471, 36.258550941766586 ], [ -115.492674477804073, 36.258744345022954 ], [ -115.492674425811217, 36.258789357328055 ], [ -115.492674312645192, 36.25888732936717 ], [ -115.492663743005707, 36.259047128141106 ], [ -115.492601130184681, 36.259307817717811 ], [ -115.492497024036993, 36.259526421529472 ], [ -115.492413873827346, 36.25958523527288 ], [ -115.492268430024907, 36.259627178572394 ], [ -115.492123025164105, 36.25963547986202 ], [ -115.491541475392907, 36.259609803963023 ], [ -115.490731359631056, 36.259659647290782 ], [ -115.490492497221837, 36.259659462929598 ], [ -115.490284770255883, 36.259676124495215 ], [ -115.490170481672138, 36.259718090272997 ], [ -115.490035391574651, 36.259785271860409 ], [ -115.489245478695466, 36.260306129398792 ], [ -115.488653072945198, 36.260667331712916 ], [ -115.487832016722734, 36.261162922332794 ], [ -115.487166856921363, 36.261557702132109 ], [ -115.486761488139791, 36.261826524338822 ], [ -115.486532827081305, 36.261969325580431 ], [ -115.486283374595558, 36.262128930960195 ], [ -115.486210580502345, 36.262204569212308 ], [ -115.486033930411537, 36.262280124233911 ], [ -115.485753360159535, 36.262406059638202 ], [ -115.485285887458645, 36.262498198302978 ], [ -115.485026149489059, 36.262573683977365 ], [ -115.484735200498136, 36.262691197806291 ], [ -115.484475409494735, 36.262808735674867 ], [ -115.484246698932509, 36.26298517523378 ], [ -115.483997227920497, 36.26315318649506 ], [ -115.483810197520626, 36.263220318950751 ], [ -115.482823125517115, 36.263547520003087 ], [ -115.482376348967207, 36.263690130523017 ], [ -115.482241311491237, 36.263706838299697 ], [ -115.482127056134786, 36.263715152753555 ], [ -115.481940131484009, 36.263698173708235 ], [ -115.481680549778005, 36.263647489245699 ], [ -115.481504012152683, 36.263630517408956 ], [ -115.481296283729137, 36.26363875267436 ], [ -115.481067762032893, 36.263663790344374 ], [ -115.480860000524928, 36.263697256882111 ], [ -115.480652260854413, 36.263713900804241 ], [ -115.480319824640887, 36.263780903379207 ], [ -115.479977023227292, 36.263831073835789 ], [ -115.479821168147495, 36.263881404605307 ], [ -115.479644463681467, 36.263990593772888 ], [ -115.47936387707631, 36.264116514149599 ], [ -115.478948215768682, 36.264284370849246 ], [ -115.478137795819947, 36.264519167294722 ], [ -115.477742957937721, 36.264644983712927 ], [ -115.477566294214242, 36.264720526194537 ], [ -115.47717130757168, 36.264955681293692 ], [ -115.476672330877207, 36.265283262978208 ], [ -115.476381326068847, 36.265425988449245 ], [ -115.476079979173022, 36.265535061236641 ], [ -115.475903265779266, 36.265644243943029 ], [ -115.47571614177491, 36.265770239324077 ], [ -115.475321283255155, 36.265904458392534 ], [ -115.474936797733008, 36.266047097105137 ], [ -115.474552252505333, 36.266231787939581 ], [ -115.474209308035881, 36.266374461036932 ], [ -115.473856046709543, 36.266466658744605 ], [ -115.473232625106363, 36.266642716583171 ], [ -115.473004102830402, 36.266659329059323 ], [ -115.472785955773659, 36.266684360433992 ], [ -115.472609365787051, 36.266701019964273 ], [ -115.472474308072833, 36.266726127373516 ], [ -115.472235257519003, 36.266843658647552 ], [ -115.471424191206552, 36.267498952023686 ], [ -115.470914559134641, 36.267986306177249 ], [ -115.470654607999734, 36.268187922402149 ], [ -115.470467519016282, 36.268280266838275 ], [ -115.47027017555078, 36.268280081137149 ], [ -115.469834016586674, 36.268229203669982 ], [ -115.469210962419766, 36.268136093676375 ], [ -115.468650253949917, 36.26802621865324 ], [ -115.468338722033508, 36.267983866312463 ], [ -115.468047888728634, 36.267991998026964 ], [ -115.467434927684423, 36.268100749314485 ], [ -115.466572689308634, 36.268209254334735 ], [ -115.466323300758631, 36.26828470941058 ], [ -115.466032340371669, 36.2683769447071 ], [ -115.465741367806586, 36.268477589963027 ], [ -115.465533574435824, 36.268519440511014 ], [ -115.465284272505599, 36.268536017840212 ], [ -115.464910396158743, 36.268510416600854 ], [ -115.464526171985881, 36.268459571909226 ], [ -115.464038083303052, 36.268408622793039 ], [ -115.463809644802012, 36.26836634121814 ], [ -115.46346682574783, 36.268408053635632 ], [ -115.463092808803893, 36.268474965860399 ], [ -115.461981049388228, 36.268734583385545 ], [ -115.461440609758114, 36.26895271789364 ], [ -115.460941779370145, 36.26912883809532 ], [ -115.460650758046498, 36.269254703848475 ], [ -115.460474092758517, 36.269313399679824 ], [ -115.460266333974658, 36.269330008169476 ], [ -115.459798857635462, 36.269379992852244 ], [ -115.45953909901128, 36.269438601738756 ], [ -115.459217033671592, 36.269488734056594 ], [ -115.458853300972905, 36.269614520207533 ], [ -115.458572753492888, 36.269681515205704 ], [ -115.458364966538568, 36.269714942621896 ], [ -115.458136446775825, 36.269723115110992 ], [ -115.457990952488657, 36.269773428206896 ], [ -115.457772697800664, 36.269857308633711 ], [ -115.457315305940057, 36.27009233359216 ], [ -115.456847469444142, 36.270360988497004 ], [ -115.45641062723945, 36.270730605182997 ], [ -115.455932151301269, 36.27115064102076 ], [ -115.455453752517229, 36.271520209138018 ], [ -115.455089825591429, 36.271755325095612 ], [ -115.454601253265707, 36.271990305379553 ], [ -115.454164626881493, 36.272216928913437 ], [ -115.453509604887685, 36.272603121187011 ], [ -115.453072874150976, 36.272888617127293 ], [ -115.452708836790308, 36.273182601293243 ], [ -115.452292733262325, 36.273552224452771 ], [ -115.452209522889859, 36.273619420741284 ], [ -115.45189772403377, 36.273728420158854 ], [ -115.451471467173931, 36.273955045160413 ], [ -115.451097285979657, 36.274097618408007 ], [ -115.450660666204215, 36.274307407740572 ], [ -115.450546278199795, 36.274382979058139 ], [ -115.450473126285019, 36.274551426974405 ], [ -115.450503983940038, 36.274753705723171 ], [ -115.450576407824443, 36.27498973983689 ], [ -115.450663557704459, 36.27580299546608 ], [ -115.450627185361412, 36.275821525953262 ], [ -115.450183591929601, 36.276049273533474 ], [ -115.450105190216235, 36.276089525635101 ], [ -115.44863620640281, 36.276720523408585 ], [ -115.447162221114922, 36.27726052392714 ], [ -115.446576227284055, 36.277354525184904 ], [ -115.446227230555138, 36.27741052574472 ], [ -115.445645311497699, 36.277712610023038 ], [ -115.445505003084079, 36.277785445617077 ], [ -115.445416239516618, 36.277831523872294 ], [ -115.444042623865627, 36.278843005924635 ], [ -115.443785256186274, 36.279032517328417 ], [ -115.442982265050816, 36.279391515992664 ], [ -115.442735267564842, 36.279370517350024 ], [ -115.440952285983002, 36.278831529629777 ], [ -115.440530541007121, 36.278780261484656 ], [ -115.439723651807711, 36.278682171772346 ], [ -115.439677299496623, 36.27867653649831 ], [ -115.438612310443617, 36.278852538290423 ], [ -115.438566310832044, 36.278838539210739 ], [ -115.438371313011629, 36.278777539982698 ], [ -115.438369973585893, 36.278777121075251 ], [ -115.438112315725576, 36.278696542164283 ], [ -115.437659320735861, 36.278554544605008 ], [ -115.43708832575544, 36.278375548515953 ], [ -115.436013337473241, 36.278280553050251 ], [ -115.435910337729752, 36.278271554381554 ], [ -115.435412343180246, 36.278337555167681 ], [ -115.435311344869504, 36.278315556705543 ], [ -115.434988348042552, 36.278247557779011 ], [ -115.434816349627241, 36.278432557170703 ], [ -115.434454353380133, 36.27853055700362 ], [ -115.433924359196922, 36.278672557566971 ], [ -115.43359488902496, 36.27869504891401 ], [ -115.431562195708679, 36.27883378902137 ], [ -115.430745086578, 36.278889550375595 ], [ -115.42999739895464, 36.278940569514724 ], [ -115.429336406321099, 36.279225569007501 ], [ -115.428889986360971, 36.279476167628012 ], [ -115.427086429867558, 36.280488564024068 ], [ -115.42703275477426, 36.280494270329932 ], [ -115.426379233813748, 36.280563744822068 ], [ -115.426277438096065, 36.280574566506182 ], [ -115.425725672928536, 36.280795911398663 ], [ -115.425584445812049, 36.280852565291084 ], [ -115.425544446082014, 36.280869566525226 ], [ -115.424792453251115, 36.280791570104796 ], [ -115.424571455657059, 36.280939568419669 ], [ -115.424543808105327, 36.280814343418719 ] ] ] } },
{ "type": "Feature", "properties": { "COMMISSION": "G", "NAME": "G - Jim Gibson (D)", "Shape_Leng": 887139.92842799996, "Shape_Area": 9876570377.0100002 }, "geometry": { "type": "Polygon", "coordinates": [ [ [ -115.060895098246434, 36.133740720471344 ], [ -115.060889763281523, 36.133338307521988 ], [ -115.059089498755483, 36.133355324304681 ], [ -115.05634235484834, 36.133381969906935 ], [ -115.056337085985263, 36.131774796287139 ], [ -115.056304812943623, 36.129667577196429 ], [ -115.051888853690016, 36.129683038476742 ], [ -115.051806982603367, 36.129683323428203 ], [ -115.047599629601351, 36.129705405486661 ], [ -115.047550247517123, 36.129704415019852 ], [ -115.047465776757861, 36.129702721458408 ], [ -115.047345703158555, 36.129705359769446 ], [ -115.04728427183403, 36.129706709144742 ], [ -115.046215513693255, 36.129710853983575 ], [ -115.044753528983577, 36.129716506185304 ], [ -115.042798270236347, 36.129723972553755 ], [ -115.04064679351761, 36.129733245046644 ], [ -115.040444106527275, 36.129735019216753 ], [ -115.038294085634618, 36.129744026209941 ], [ -115.038292743427917, 36.129744041736721 ], [ -115.038211293689002, 36.129744278752312 ], [ -115.038191166004282, 36.129744371061371 ], [ -115.038143933211003, 36.126084709144166 ], [ -115.038142210359112, 36.125939191614684 ], [ -115.038138413867401, 36.125618861033182 ], [ -115.038137171275196, 36.125513967981362 ], [ -115.038124726379124, 36.125405144789802 ], [ -115.038101943420955, 36.125299160513386 ], [ -115.038068526351097, 36.125200760023624 ], [ -115.038024852838348, 36.125099347593547 ], [ -115.037963007716968, 36.125003885732411 ], [ -115.037891142639097, 36.124913159611793 ], [ -115.037808008266438, 36.124826140556337 ], [ -115.036476395786877, 36.123905010519337 ], [ -115.036470862129278, 36.123901182702078 ], [ -115.036461884449281, 36.123894972366315 ], [ -115.036068297500577, 36.123622704970643 ], [ -115.035930904696784, 36.123517100869172 ], [ -115.035807869987707, 36.12340042308643 ], [ -115.035700543136898, 36.123273950463499 ], [ -115.035596738792208, 36.123115873671246 ], [ -115.035527229475434, 36.122973054761196 ], [ -115.035476502543176, 36.12282512389244 ], [ -115.035445113210741, 36.122673701452804 ], [ -115.035433334956963, 36.122512184910036 ], [ -115.035432847355153, 36.12241122939826 ], [ -115.035428707812528, 36.1215549339802 ], [ -115.035428464995221, 36.121504634227044 ], [ -115.035425322594477, 36.121419961999571 ], [ -115.035416722890758, 36.121335537915158 ], [ -115.03540268871933, 36.121251595512874 ], [ -115.0353892356313, 36.121196598193215 ], [ -115.035375592484314, 36.121140817677421 ], [ -115.035349053594032, 36.121058888372879 ], [ -115.035317266099426, 36.120978198680461 ], [ -115.035266872171022, 36.120872921252278 ], [ -115.03522320236992, 36.120795975259753 ], [ -115.035174627819302, 36.120720989670552 ], [ -115.035121283748595, 36.120648168790332 ], [ -115.035063315407967, 36.120577713365108 ], [ -115.034979108014753, 36.120487783425155 ], [ -115.034910988548731, 36.120423585148657 ], [ -115.034838822665165, 36.120362366027294 ], [ -115.034762805812605, 36.120304295490854 ], [ -115.034673938061857, 36.120243566739511 ], [ -115.034025675016807, 36.119838807543523 ], [ -115.033982977568286, 36.119805946158202 ], [ -115.033929455619884, 36.119759396720369 ], [ -115.033892013690874, 36.119722558538093 ], [ -115.03384588245811, 36.119671063280073 ], [ -115.033814253210281, 36.119630797052537 ], [ -115.033758993609808, 36.11954651490322 ], [ -115.033735517166519, 36.119502729521464 ], [ -115.033708667626954, 36.119442913528275 ], [ -115.033678193510909, 36.119350705432517 ], [ -115.033664554461495, 36.119288015389465 ], [ -115.033657880953953, 36.119240573879914 ], [ -115.033653753298566, 36.119145168028041 ], [ -115.033663748542324, 36.118675561714113 ], [ -115.03366395463847, 36.118665908870724 ], [ -115.033075943302052, 36.118657154930752 ], [ -115.033077771382978, 36.118567362631829 ], [ -115.033087582191925, 36.118456040753024 ], [ -115.03310455953094, 36.118345288042867 ], [ -115.033119837609362, 36.118271919623844 ], [ -115.033148646284303, 36.118162788571446 ], [ -115.033171747378432, 36.118090779157313 ], [ -115.033212170452032, 36.117984101550832 ], [ -115.033243532037758, 36.117912675318991 ], [ -115.032537167651824, 36.117464283547385 ], [ -115.031838358156875, 36.11702067490635 ], [ -115.031498538008876, 36.116804716634675 ], [ -115.031530141908448, 36.116769324002995 ], [ -115.031776479110889, 36.11652483461539 ], [ -115.031880863454418, 36.11641669422314 ], [ -115.031858820451475, 36.116402685791932 ], [ -115.029361667033953, 36.114964621709952 ], [ -115.029402128407668, 36.116752237309832 ], [ -115.029354226138523, 36.117839352865118 ], [ -115.029214130678142, 36.117487606052514 ], [ -115.029134819439463, 36.117360870351213 ], [ -115.028418101843627, 36.116455112843731 ], [ -115.028253344543643, 36.116231830574236 ], [ -115.028017090748875, 36.115884594065939 ], [ -115.027568241604243, 36.11513665983194 ], [ -115.027332708271828, 36.114717999290228 ], [ -115.02707089268614, 36.114275865489596 ], [ -115.026736197529203, 36.113756472383812 ], [ -115.026418564678437, 36.113308583591241 ], [ -115.026038451095459, 36.11280958110008 ], [ -115.025826546182415, 36.112522890743627 ], [ -115.025701895198068, 36.112405556846767 ], [ -115.025544477280434, 36.112283949608248 ], [ -115.02526401281483, 36.112087595264256 ], [ -115.023437453448395, 36.110928017575596 ], [ -115.021663015138429, 36.109832766446161 ], [ -115.019306440780255, 36.108311352216695 ], [ -115.017859754806722, 36.107416875115511 ], [ -115.01470708068284, 36.105374913402663 ], [ -115.011846986932952, 36.103532993788349 ], [ -115.010449351989763, 36.102651910053538 ], [ -115.006597613176268, 36.100261926453406 ], [ -115.003689214257179, 36.098379833163932 ], [ -115.00221062991352, 36.097432018170153 ], [ -115.000536878895247, 36.096390495329977 ], [ -114.996702539480324, 36.093934042504173 ], [ -114.995110243134647, 36.092932591753481 ], [ -114.993323200575404, 36.091784427345935 ], [ -114.993176888828458, 36.091704215660968 ], [ -114.992932637909391, 36.091623520841509 ], [ -114.992671867054796, 36.091569242363562 ], [ -114.992084540379594, 36.091526602213953 ], [ -114.991464369040841, 36.091510295305312 ], [ -114.991072618481766, 36.091508361518727 ], [ -114.990827973990889, 36.091480655048521 ], [ -114.990632297611597, 36.091453191871558 ], [ -114.990322559958301, 36.091398665402032 ], [ -114.989752056013245, 36.091289854231569 ], [ -114.988676642055069, 36.091032801693501 ], [ -114.987992083256657, 36.09089691934193 ], [ -114.986753253941927, 36.09066553561302 ], [ -114.986313341534469, 36.090557357570987 ], [ -114.985922599142825, 36.090422924645772 ], [ -114.985743549927093, 36.090355789929802 ], [ -114.98541830033804, 36.090195184363338 ], [ -114.985060807275246, 36.089981422511855 ], [ -114.984996988690312, 36.089939153207006 ], [ -114.981656174952519, 36.088268308501689 ], [ -114.981430493607249, 36.088028816832711 ], [ -114.981375519411031, 36.087970709089944 ], [ -114.981320789020685, 36.087880473034303 ], [ -114.981218903907134, 36.087745020011511 ], [ -114.981124690124503, 36.087641734027393 ], [ -114.980990747976477, 36.087557526351702 ], [ -114.980825140394344, 36.087473159466846 ], [ -114.980587942757907, 36.087433412854196 ], [ -114.980287364942171, 36.087399773393379 ], [ -114.980089307757183, 36.08741805443622 ], [ -114.979906788850826, 36.087474968197007 ], [ -114.979700176138266, 36.087576741559815 ], [ -114.979048228814975, 36.087939728675302 ], [ -114.978753844558355, 36.088131019512218 ], [ -114.978530757245906, 36.088316241983676 ], [ -114.97839465173945, 36.088514755284329 ], [ -114.978298373808954, 36.088681340732776 ], [ -114.978161872164208, 36.088931258235533 ], [ -114.978089048162829, 36.089136515794472 ], [ -114.978048087171913, 36.08931623086351 ], [ -114.977974867460318, 36.089572892815887 ], [ -114.977933659737289, 36.089784736082244 ], [ -114.977836147903488, 36.090111959657655 ], [ -114.977668222854589, 36.090329588392777 ], [ -114.977405493229782, 36.090521034740796 ], [ -114.977254434964394, 36.090603807466948 ], [ -114.977064237069072, 36.090628549442485 ], [ -114.976643310221945, 36.090574064580821 ], [ -114.976429282588668, 36.090509658344402 ], [ -114.976025862565137, 36.090301295577312 ], [ -114.97576173394323, 36.090133598005529 ], [ -114.975622922573663, 36.090001946892002 ], [ -114.975354655842153, 36.08992993004221 ], [ -114.975354478203059, 36.089833693886213 ], [ -114.975334478483759, 36.089783693911436 ], [ -114.975312663283972, 36.089663714214339 ], [ -114.975300476735853, 36.089596693158413 ], [ -114.975201475684855, 36.08923769158605 ], [ -114.975144473298499, 36.089102691749915 ], [ -114.97506847288038, 36.088971691942639 ], [ -114.974902470574477, 36.088683691689077 ], [ -114.974859470343688, 36.088608690091235 ], [ -114.974791469581703, 36.088465691134488 ], [ -114.9746094682164, 36.088361690550492 ], [ -114.974514466800301, 36.08831769095589 ], [ -114.974378466598239, 36.088262690986902 ], [ -114.974087464069342, 36.088135692911315 ], [ -114.97370846134379, 36.088070693373446 ], [ -114.973377459295421, 36.08802069551961 ], [ -114.972449454064957, 36.08788969796052 ], [ -114.971881451265574, 36.087801701249369 ], [ -114.971475449024126, 36.087746702933096 ], [ -114.971402447343408, 36.087735702393182 ], [ -114.97016944137215, 36.087557707070665 ], [ -114.968919434114795, 36.087567713021699 ], [ -114.967630427556614, 36.087578718887983 ], [ -114.967007096846331, 36.087572727058429 ], [ -114.963542405913088, 36.087537736115429 ], [ -114.959278936912881, 36.087012917097347 ], [ -114.958863379054208, 36.086961755127099 ], [ -114.958771731609815, 36.08694317895673 ], [ -114.958567377280431, 36.086901756316578 ], [ -114.958546496933252, 36.086905011195007 ], [ -114.958573786670286, 36.086797842962845 ], [ -114.958586141104092, 36.086721597085948 ], [ -114.958601546672767, 36.086631058987187 ], [ -114.958611077295757, 36.086540490284868 ], [ -114.958617593345537, 36.086459445221408 ], [ -114.958621134778312, 36.086383153433175 ], [ -114.958627802775752, 36.086283030472877 ], [ -114.958631325330472, 36.086209123419451 ], [ -114.958631759028904, 36.086154278061713 ], [ -114.958633315986447, 36.086042480095166 ], [ -114.958113763854442, 36.086043376332135 ], [ -114.958050212343679, 36.084999898335987 ], [ -114.95787503034083, 36.082319853515344 ], [ -114.957812903304315, 36.081415078621021 ], [ -114.957704939589348, 36.079727460880889 ], [ -114.957631121186736, 36.078573533287404 ], [ -114.957436273117935, 36.075615190854997 ], [ -114.957323566730011, 36.073903116722597 ], [ -114.957317164302665, 36.073864819509275 ], [ -114.957281969167667, 36.073654281360156 ], [ -114.957191622179792, 36.073365356749655 ], [ -114.957053305581567, 36.073098159829513 ], [ -114.956882359755525, 36.072865130985825 ], [ -114.956670219267124, 36.072626393266553 ], [ -114.956512937665792, 36.072484091670383 ], [ -114.956058917995335, 36.072156268677475 ], [ -114.956412559598562, 36.071825650217384 ], [ -114.95677951802196, 36.07144983151931 ], [ -114.956972163791534, 36.071239305043733 ], [ -114.957266411425536, 36.070896071987924 ], [ -114.957580931221045, 36.070497084015123 ], [ -114.957982518341296, 36.069939709248622 ], [ -114.958329523825782, 36.06943741200935 ], [ -114.95852255479403, 36.069173066461225 ], [ -114.958118819738317, 36.06900094869868 ], [ -114.958048576893432, 36.068966822547033 ], [ -114.957987871193296, 36.068929082283162 ], [ -114.95796623359881, 36.068893378910232 ], [ -114.957967203167598, 36.068856701914875 ], [ -114.95797775681811, 36.068822256030749 ], [ -114.958387751656545, 36.06825492991387 ], [ -114.958437574352715, 36.068171881296806 ], [ -114.958481164435767, 36.068089273376025 ], [ -114.958505045385436, 36.068011102635651 ], [ -114.958519486519222, 36.067923268542586 ], [ -114.958498276746568, 36.067609980237563 ], [ -114.95850029099752, 36.067077316275338 ], [ -114.958515285768854, 36.063394277758839 ], [ -114.958525818611236, 36.060806749428117 ], [ -114.95855000851617, 36.060287659504013 ], [ -114.95855147916302, 36.059765752712877 ], [ -114.958556007972746, 36.058029512527384 ], [ -114.958556089339325, 36.057998138605733 ], [ -114.958556175260512, 36.057965345155978 ], [ -114.958559601550448, 36.056647186983859 ], [ -114.958560778557938, 36.056194423605952 ], [ -114.958560820310041, 36.056167921912106 ], [ -114.958564756537157, 36.053684766708152 ], [ -114.958566523483853, 36.052569905086266 ], [ -114.958566563998474, 36.052544681418418 ], [ -114.958562445225098, 36.050147893484038 ], [ -114.958568039181159, 36.048937770688099 ], [ -114.958662952980546, 36.048937560972881 ], [ -114.959067704906133, 36.048937398133816 ], [ -114.959070874783336, 36.048938514217852 ], [ -114.959070897125258, 36.048933854592278 ], [ -114.959099083467095, 36.043205812158106 ], [ -114.959099458273627, 36.043165899821275 ], [ -114.95910603539275, 36.042465559713747 ], [ -114.95911228171137, 36.041800514713572 ], [ -114.959112176156552, 36.041761703065802 ], [ -114.959106998850473, 36.039870260052339 ], [ -114.959109250477425, 36.038059461564586 ], [ -114.959128421367225, 36.036076388409299 ], [ -114.959103675294088, 36.035865325241595 ], [ -114.959074273609531, 36.035686414465737 ], [ -114.959040302026381, 36.035528930084098 ], [ -114.959057759416936, 36.033873719897329 ], [ -114.959120040804365, 36.032619519176507 ], [ -114.959120016943359, 36.032609458669697 ], [ -114.959121843885612, 36.03080513529337 ], [ -114.959121852233025, 36.030795914968955 ], [ -114.959123387372443, 36.029081282197929 ], [ -114.959123571117644, 36.029004362009957 ], [ -114.959123648035714, 36.028986163219166 ], [ -114.959131210809332, 36.027177520691765 ], [ -114.959131234045003, 36.027171618151336 ], [ -114.959131411508736, 36.027125325229001 ], [ -114.959136411536903, 36.026893213234359 ], [ -114.959136415846302, 36.025929036079233 ], [ -114.959136415152457, 36.02592757595756 ], [ -114.959140749838113, 36.024412522115014 ], [ -114.959127985040766, 36.02407455185616 ], [ -114.959128303702244, 36.024007247457263 ], [ -114.959131479859678, 36.023390552237167 ], [ -114.959133971140773, 36.022906325826263 ], [ -114.959139458711505, 36.021840278273039 ], [ -114.959139504338935, 36.021828155916907 ], [ -114.958819587257324, 36.021546186508054 ], [ -114.958282105903919, 36.021048237558361 ], [ -114.957347284237969, 36.020227047495375 ], [ -114.957311311795067, 36.020217926085536 ], [ -114.957270935258634, 36.020201022327285 ], [ -114.957221856916092, 36.020170957319472 ], [ -114.957174786414967, 36.020134761253345 ], [ -114.956242554095212, 36.019305044261422 ], [ -114.955824407811562, 36.019611237610761 ], [ -114.955044768305754, 36.018908563456833 ], [ -114.95501729841375, 36.018888262781644 ], [ -114.954985444794403, 36.018872753035801 ], [ -114.95495045629788, 36.018862642828893 ], [ -114.954910281914806, 36.018858583879933 ], [ -114.954878292501462, 36.018859771032723 ], [ -114.954842255123069, 36.018867055058905 ], [ -114.954808689362054, 36.018879960860396 ], [ -114.954779710769003, 36.018897391811507 ], [ -114.954262153442869, 36.019276371426706 ], [ -114.953744590060978, 36.019655347833016 ], [ -114.953720614480488, 36.019676565929508 ], [ -114.953701237201145, 36.019702302068673 ], [ -114.953688476089241, 36.019730634435085 ], [ -114.953683023063832, 36.019763845168086 ], [ -114.953684526759503, 36.019790590363506 ], [ -114.953693492566828, 36.019819867727975 ], [ -114.953709378565634, 36.019847136330185 ], [ -114.953730834883231, 36.019870678402853 ], [ -114.95405617492878, 36.020163908392355 ], [ -114.953619890058647, 36.02048336614984 ], [ -114.953492237425493, 36.020546791877358 ], [ -114.953201841987081, 36.020762190644753 ], [ -114.953164601625673, 36.020762274505238 ], [ -114.953164256616105, 36.020680847629407 ], [ -114.953163615910938, 36.020529642638145 ], [ -114.952824981305639, 36.020530635497629 ], [ -114.952737633560645, 36.020530047665439 ], [ -114.952737862280387, 36.020585339605645 ], [ -114.952734962794537, 36.02060963535012 ], [ -114.952726696905913, 36.020631962379696 ], [ -114.95271242966929, 36.02065375404166 ], [ -114.952685609023334, 36.020677591498433 ], [ -114.952670806290399, 36.0206874911878 ], [ -114.95264551230359, 36.020698507440713 ], [ -114.952616445510031, 36.020705694932431 ], [ -114.952587885828905, 36.020707996388055 ], [ -114.951746304344539, 36.020710288557304 ], [ -114.951684094217057, 36.020708128778409 ], [ -114.951623788932039, 36.020701535546117 ], [ -114.951621986053013, 36.021387054509823 ], [ -114.950907290920682, 36.021379592204042 ], [ -114.950835446079907, 36.021381387521998 ], [ -114.950689643833073, 36.02139540493728 ], [ -114.94981881451028, 36.021403797956765 ], [ -114.949820900872851, 36.020019106302719 ], [ -114.949820098767319, 36.019975553572472 ], [ -114.949819639998609, 36.019950659729005 ], [ -114.949815045856283, 36.019701003813367 ], [ -114.949813786104627, 36.019632556340646 ], [ -114.949813738287375, 36.019629935084552 ], [ -114.949814366064615, 36.01952649708111 ], [ -114.949824877110515, 36.017794924208843 ], [ -114.949825616281288, 36.017712503468587 ], [ -114.949826194752887, 36.017647953019775 ], [ -114.949831548791906, 36.017643665818113 ], [ -114.949837251733598, 36.017600475485168 ], [ -114.949846193514077, 36.017492461226631 ], [ -114.949846289934882, 36.017481655048833 ], [ -114.94984902491862, 36.017473026840094 ], [ -114.949849166553989, 36.017466554391326 ], [ -114.949851817309977, 36.017457914922218 ], [ -114.949851858758336, 36.017453287824054 ], [ -114.949851875827576, 36.017451431219001 ], [ -114.949852789769565, 36.017448547350064 ], [ -114.949854610809609, 36.017442803010077 ], [ -114.94985464371598, 36.017439105115713 ], [ -114.949854669326953, 36.017436319306839 ], [ -114.949856039652346, 36.017431997556187 ], [ -114.949857404300914, 36.017427691999096 ], [ -114.949857429839668, 36.017424915202938 ], [ -114.949857462825221, 36.017421207394591 ], [ -114.949858766832321, 36.017418102961372 ], [ -114.94986017829271, 36.017414741321161 ], [ -114.949860213693071, 36.017410731587262 ], [ -114.949860235700157, 36.017408257612061 ], [ -114.949861453510309, 36.017404417256223 ], [ -114.949862970679703, 36.017399629402838 ], [ -114.949865783665999, 36.017382358058363 ], [ -114.94986849913866, 36.017375891083432 ], [ -114.949870575970664, 36.017363133210466 ], [ -114.949871311027863, 36.017358617930341 ], [ -114.949872271213152, 36.017356332774042 ], [ -114.949874027601396, 36.017352151862376 ], [ -114.949874054718165, 36.017349177687969 ], [ -114.94987406661177, 36.017347829393472 ], [ -114.949874863952914, 36.017345930038879 ], [ -114.949876782082541, 36.017341362418293 ], [ -114.949876810209176, 36.017338123264572 ], [ -114.949876819983345, 36.017337039943527 ], [ -114.949877460099387, 36.017335517407233 ], [ -114.949879536555656, 36.017330573875398 ], [ -114.949879667522097, 36.017326267214088 ], [ -114.949882289925895, 36.017319784425283 ], [ -114.949882390981998, 36.017315472198234 ], [ -114.949885045506875, 36.017308995888065 ], [ -114.949885114433911, 36.017304678083569 ], [ -114.949887798868332, 36.017298207339039 ], [ -114.949887837870648, 36.017293885771366 ], [ -114.949901512712202, 36.017250746522826 ], [ -114.949901532216558, 36.017248585288328 ], [ -114.949901550611528, 36.017246424047961 ], [ -114.949902776655946, 36.017244466568215 ], [ -114.94990424768153, 36.017242118312353 ], [ -114.949904270645845, 36.017239524468096 ], [ -114.949904286690142, 36.017237795843343 ], [ -114.949905266629372, 36.017236230936369 ], [ -114.949906982643085, 36.01723349100309 ], [ -114.94990701018385, 36.017230463653661 ], [ -114.949907021651498, 36.017229168534065 ], [ -114.949907755478392, 36.017227997101152 ], [ -114.9499097187134, 36.017224863699596 ], [ -114.949909748604611, 36.017221403734553 ], [ -114.949909756612271, 36.017220541224738 ], [ -114.949910246588942, 36.017219757869945 ], [ -114.949912452571539, 36.017216235483048 ], [ -114.949912551392615, 36.017211925046723 ], [ -114.949915187531246, 36.017207608173543 ], [ -114.949915226531971, 36.017203286605778 ], [ -114.949917922483152, 36.017198981765212 ], [ -114.949922361537844, 36.017183278264561 ], [ -114.949923411917652, 36.017179564108737 ], [ -114.949924049097135, 36.017178547190618 ], [ -114.949926107867526, 36.017175259267958 ], [ -114.949929506747949, 36.017163242036141 ], [ -114.949931598393277, 36.017155843419395 ], [ -114.949932867147069, 36.017153816763958 ], [ -114.949934293232531, 36.017151538572548 ], [ -114.949939795263518, 36.017134290430889 ], [ -114.949942459103724, 36.017129977308457 ], [ -114.949945214662307, 36.017119189670673 ], [ -114.949951443258144, 36.017105977816662 ], [ -114.94995334151416, 36.01710195177607 ], [ -114.949956985853518, 36.017090454091061 ], [ -114.949958811423016, 36.01708469625337 ], [ -114.949960353243057, 36.017082234805521 ], [ -114.949961507360484, 36.01708039231297 ], [ -114.949961516441476, 36.017079395513818 ], [ -114.949961527979681, 36.017078230182968 ], [ -114.949962877644751, 36.017076074165793 ], [ -114.949964222814586, 36.017073925335367 ], [ -114.949964234331119, 36.017072762708331 ], [ -114.949964243426479, 36.017071764106632 ], [ -114.94996539979843, 36.017069917119422 ], [ -114.949966938261056, 36.017067459258968 ], [ -114.949966949979924, 36.017066132594877 ], [ -114.949966957770698, 36.017065297123118 ], [ -114.949967924213766, 36.017063754677032 ], [ -114.949969654816442, 36.017060993188352 ], [ -114.949969667875848, 36.017059498887967 ], [ -114.949969673209438, 36.017058831947899 ], [ -114.94997044523565, 36.017057600328478 ], [ -114.949972370269194, 36.017054526210536 ], [ -114.949972478320149, 36.017052390679886 ], [ -114.9499750857143, 36.017048060133916 ], [ -114.949975164993361, 36.017045915438338 ], [ -114.949977801166156, 36.01704159315598 ], [ -114.949980536105215, 36.017032966745866 ], [ -114.949988643431197, 36.017017890984384 ], [ -114.949988585471033, 36.017015705005662 ], [ -114.949991358880908, 36.017011424006064 ], [ -114.949993311903796, 36.017005265758101 ], [ -114.949994094941218, 36.017002795798895 ], [ -114.949995443465866, 36.017000643380555 ], [ -114.94999948681351, 36.016994187014973 ], [ -114.950002299232111, 36.016985582644594 ], [ -114.950007614742475, 36.016976950023249 ], [ -114.950010349690373, 36.016968321809799 ], [ -114.950015741565693, 36.016959712123779 ], [ -114.950015813070678, 36.016957568288419 ], [ -114.95002115405012, 36.016948941208689 ], [ -114.950021276456638, 36.016946813865488 ], [ -114.950026566540274, 36.016938169392063 ], [ -114.950026579173382, 36.016936728266586 ], [ -114.950026584931663, 36.016936008151553 ], [ -114.950028606598991, 36.016932780418834 ], [ -114.950031976802947, 36.016927398464709 ], [ -114.950031987511736, 36.016926197978414 ], [ -114.950031996303565, 36.016925237230048 ], [ -114.950034694486291, 36.016920928793162 ], [ -114.950037389282912, 36.016916627548802 ], [ -114.950037398074628, 36.016915666800436 ], [ -114.950037408783359, 36.01691446631412 ], [ -114.950040778978732, 36.016909085261027 ], [ -114.950045496585886, 36.016901551782986 ], [ -114.950045618984433, 36.016899425341002 ], [ -114.950050909069361, 36.016890779965109 ], [ -114.950050921687591, 36.016889340642138 ], [ -114.950050928569425, 36.016888618730412 ], [ -114.950052954729671, 36.016885383810497 ], [ -114.950059016367035, 36.016875704198242 ], [ -114.950059036976242, 36.016873542969407 ], [ -114.950061713408374, 36.016871399359907 ], [ -114.950061652161295, 36.016869207955949 ], [ -114.950069820709146, 36.016856322690963 ], [ -114.950069833823846, 36.016854959981835 ], [ -114.950069841318026, 36.01685416146212 ], [ -114.95007069438131, 36.016853478265119 ], [ -114.950072516632616, 36.016852018747777 ], [ -114.950072643424633, 36.016849897736769 ], [ -114.950083320968119, 36.016832637239133 ], [ -114.950083329334092, 36.016831729665718 ], [ -114.950083341583834, 36.016830475109003 ], [ -114.95008468147013, 36.01682940241151 ], [ -114.95008601800663, 36.016828332400202 ], [ -114.950086029103687, 36.016827083245282 ], [ -114.950086036396286, 36.016826171159629 ], [ -114.950093238635446, 36.016814672414391 ], [ -114.95011030307974, 36.016787426669794 ], [ -114.950110322578141, 36.016785265435054 ], [ -114.950113000115223, 36.016783121830173 ], [ -114.950113048363662, 36.01678097246414 ], [ -114.950115694938859, 36.016778816077533 ], [ -114.95011577413446, 36.016776681295717 ], [ -114.950118391966527, 36.016774512139079 ], [ -114.95011849991937, 36.016772388324668 ], [ -114.950121087891716, 36.016770207293419 ], [ -114.950121103570737, 36.016768523731983 ], [ -114.950121107396996, 36.016768045157384 ], [ -114.950121734909189, 36.016767542834273 ], [ -114.950123783823841, 36.016765901546428 ], [ -114.950123797420659, 36.016764339650635 ], [ -114.950123803314611, 36.016763741212927 ], [ -114.950124589388693, 36.016763110839285 ], [ -114.950126479748477, 36.016761596700633 ], [ -114.950126492372476, 36.016760156476352 ], [ -114.950126499246338, 36.016759435465865 ], [ -114.95012744386068, 36.016758679745507 ], [ -114.950129176774922, 36.016757292761909 ], [ -114.950129188454937, 36.016755970604059 ], [ -114.950129195170589, 36.016755130620012 ], [ -114.950130298346721, 36.016754246849118 ], [ -114.950131872706152, 36.016752987014726 ], [ -114.950156108382672, 36.016714229733047 ], [ -114.950158815761171, 36.016712099804202 ], [ -114.950158834148795, 36.016709938563558 ], [ -114.950161510579832, 36.016707794050433 ], [ -114.950172358373464, 36.016690603843287 ], [ -114.950174972901806, 36.016688431062718 ], [ -114.950174985524896, 36.016686990838416 ], [ -114.950174992391155, 36.016686270729167 ], [ -114.950176137988649, 36.016685353833239 ], [ -114.950177669930326, 36.016684126221513 ], [ -114.950183062898716, 36.016675513829284 ], [ -114.950185757685958, 36.016671211680006 ], [ -114.950186522536384, 36.016670599220141 ], [ -114.950188434107758, 36.016669068067507 ], [ -114.950207288248819, 36.016641095381047 ], [ -114.950209965785561, 36.016638950872633 ], [ -114.950215410642983, 36.016630369397085 ], [ -114.950218035138079, 36.016628198470741 ], [ -114.950230950106359, 36.016610132275645 ], [ -114.950239564574616, 36.016598081258444 ], [ -114.950241096506389, 36.016596854547132 ], [ -114.950242242101851, 36.016595937650543 ], [ -114.950248695648057, 36.016586910840203 ], [ -114.950253007371415, 36.016580878594894 ], [ -114.950254618680745, 36.016579159286394 ], [ -114.950261057217958, 36.016572287424744 ], [ -114.950266449038523, 36.016563677726396 ], [ -114.950269126563882, 36.016561534117855 ], [ -114.950271834618945, 36.016557236543079 ], [ -114.950274498889073, 36.016555085654048 ], [ -114.9502772213079, 36.01655079536534 ], [ -114.950279871213397, 36.016548637189949 ], [ -114.950282606893751, 36.016544353280224 ], [ -114.950285245755595, 36.016542188737297 ], [ -114.950308538636165, 36.016513520203588 ], [ -114.950320178918105, 36.016499192211612 ], [ -114.950330989076974, 36.016488507435469 ], [ -114.950333602181104, 36.016484151674639 ], [ -114.950349700740176, 36.016466967513978 ], [ -114.950352397751516, 36.016462662668552 ], [ -114.950357751681139, 36.016458375441573 ], [ -114.950360447582355, 36.016454070590108 ], [ -114.950408746530599, 36.016402518107441 ], [ -114.950414100460293, 36.016398229976588 ], [ -114.95042305264117, 36.016388198756339 ], [ -114.950427522571587, 36.016383190323943 ], [ -114.950430195627334, 36.016381049392081 ], [ -114.95043287649176, 36.016378903093489 ], [ -114.950440937499849, 36.01637029845007 ], [ -114.950448976117059, 36.016361718924642 ], [ -114.950451649171512, 36.01635957799229 ], [ -114.950457006438455, 36.016355288074422 ], [ -114.950473104944322, 36.016338103896381 ], [ -114.950540122377006, 36.016273708176485 ], [ -114.950732967318402, 36.016106401862366 ], [ -114.951680076750506, 36.015399437717939 ], [ -114.95170055352331, 36.015384212425303 ], [ -114.95177538607966, 36.015328571883067 ], [ -114.951342895193108, 36.014943560727581 ], [ -114.951116245125178, 36.014745504021768 ], [ -114.95049869212761, 36.014185263853037 ], [ -114.949838989879268, 36.013607599233289 ], [ -114.949215358268646, 36.013054762439765 ], [ -114.948022039640819, 36.011996882553824 ], [ -114.947830919542625, 36.012138081947413 ], [ -114.947714945419676, 36.012215448149199 ], [ -114.947611407962512, 36.01227928657184 ], [ -114.947531753142911, 36.01232965968795 ], [ -114.947437130244822, 36.012379952542851 ], [ -114.947314566029618, 36.01243725184262 ], [ -114.947139022976216, 36.012512632558852 ], [ -114.946967147274478, 36.012569908040291 ], [ -114.946810690344435, 36.012617940108719 ], [ -114.946664041713873, 36.012648784668748 ], [ -114.946506506787543, 36.012674658249821 ], [ -114.946420815828148, 36.012687514056289 ], [ -114.946339625187036, 36.012694757802826 ], [ -114.946273127474612, 36.012700836582404 ], [ -114.946207992072189, 36.012704016737338 ], [ -114.94609798814416, 36.012709565216603 ], [ -114.945380215080235, 36.012711310353112 ], [ -114.943553082806133, 36.01271573290439 ], [ -114.940916822608472, 36.012721993939138 ], [ -114.940920333916694, 36.011208535065279 ], [ -114.940925106037909, 36.009786308561139 ], [ -114.940924732633022, 36.009088717626774 ], [ -114.940929040088861, 36.008410729005618 ], [ -114.940932364634406, 36.007283455733919 ], [ -114.940933576603214, 36.00682014497842 ], [ -114.940950139209207, 36.006679787969524 ], [ -114.940974725648758, 36.006562768244663 ], [ -114.94101175694172, 36.006442883154115 ], [ -114.941060460817354, 36.006325214643397 ], [ -114.941119659276751, 36.006210982176086 ], [ -114.941175661277128, 36.006107893491972 ], [ -114.941261905957262, 36.005962690639947 ], [ -114.941421955017717, 36.005659963995583 ], [ -114.941524687744689, 36.005473022941224 ], [ -114.941606285318954, 36.005368106050959 ], [ -114.941708076982721, 36.005265630549921 ], [ -114.941814992130674, 36.005182737162272 ], [ -114.94207989004299, 36.004980735220634 ], [ -114.942661359653471, 36.00453214448634 ], [ -114.941685434458705, 36.003522346378439 ], [ -114.941443138973014, 36.00327413333634 ], [ -114.940429057580019, 36.002375346131515 ], [ -114.940007888697622, 36.001986752758434 ], [ -114.939567114594155, 36.00159333258388 ], [ -114.939090070218896, 36.001156018780534 ], [ -114.938546198716125, 36.000661025260868 ], [ -114.938159685790254, 36.000319183132362 ], [ -114.937830561807473, 36.000012796801272 ], [ -114.937472605463682, 35.999706254235392 ], [ -114.937129069496976, 35.999399788230171 ], [ -114.936828596499652, 35.999116985478956 ], [ -114.936618743481432, 35.998937645053964 ], [ -114.93620142180535, 35.998599184252541 ], [ -114.936112738007964, 35.998352207416481 ], [ -114.936041799106931, 35.998126277179992 ], [ -114.935954459425943, 35.997879717558021 ], [ -114.935852195899358, 35.997591028490938 ], [ -114.935724039988997, 35.997221182565703 ], [ -114.935639763727906, 35.996967131293168 ], [ -114.935603644901505, 35.996871409109744 ], [ -114.935581223220069, 35.996814054845416 ], [ -114.935553543468046, 35.996753809635607 ], [ -114.935524097770767, 35.99669427143084 ], [ -114.935486781406468, 35.996628251770552 ], [ -114.93545640728783, 35.996574431864531 ], [ -114.935412917238665, 35.996509809239001 ], [ -114.935364162217155, 35.996443012153485 ], [ -114.935305792924225, 35.996367578152416 ], [ -114.935240370446266, 35.996293537323076 ], [ -114.935146981016459, 35.996194305205023 ], [ -114.935081447641863, 35.996133856366583 ], [ -114.935005367911145, 35.996071203605645 ], [ -114.934920490251784, 35.996007788530974 ], [ -114.934841710391808, 35.995952275690165 ], [ -114.934728697466682, 35.995884416428488 ], [ -114.934593740583551, 35.995808568212006 ], [ -114.93445688326949, 35.995749879553081 ], [ -114.934098871713545, 35.995559200966653 ], [ -114.934197294877933, 35.995367409637524 ], [ -114.934168076254764, 35.995355347100293 ], [ -114.933858084675052, 35.995226062540091 ], [ -114.93360236975667, 35.995115739849957 ], [ -114.933341803843547, 35.995005334466939 ], [ -114.933077892218975, 35.994890362377674 ], [ -114.932818314095726, 35.994768704733453 ], [ -114.932561686657962, 35.994640336940392 ], [ -114.932060448456966, 35.994374791499929 ], [ -114.931814452621708, 35.994237591062365 ], [ -114.93133384528096, 35.993952116614047 ], [ -114.931099233792906, 35.993803843549898 ], [ -114.931035289481358, 35.99376169595886 ], [ -114.930867512494146, 35.993651111627514 ], [ -114.930640009083604, 35.993496199387671 ], [ -114.930416147445882, 35.993334589051123 ], [ -114.930195117548777, 35.993170773774956 ], [ -114.92997905603228, 35.993002536260832 ], [ -114.929767272029579, 35.992829865563181 ], [ -114.929560397911786, 35.992655024736607 ], [ -114.929462792734057, 35.992569959087653 ], [ -114.929159079248294, 35.992303375490593 ], [ -114.929153759832431, 35.992298705647727 ], [ -114.928507419801335, 35.991724159142585 ], [ -114.928457479913519, 35.991679808058173 ], [ -114.9283908920073, 35.991620672938552 ], [ -114.928349559771505, 35.991583966830156 ], [ -114.926956085045916, 35.990340724652214 ], [ -114.925405576520731, 35.988956321012033 ], [ -114.925405393776387, 35.988956157774325 ], [ -114.923875336834996, 35.987589950167518 ], [ -114.922104530870882, 35.986011468524048 ], [ -114.921614270176306, 35.985574437424255 ], [ -114.921243889531709, 35.985246059867656 ], [ -114.920476188539695, 35.984565408403803 ], [ -114.919699091230129, 35.983880379187774 ], [ -114.919596593499065, 35.983789895819058 ], [ -114.919592434636556, 35.98378621890518 ], [ -114.919240860914783, 35.983475833791772 ], [ -114.918917968122017, 35.983190767419586 ], [ -114.918135651325599, 35.982494369682058 ], [ -114.917541121026289, 35.981958975157994 ], [ -114.917346377209114, 35.981773057426068 ], [ -114.917158047662554, 35.981580489936007 ], [ -114.916976765397791, 35.981383537623977 ], [ -114.916804094029388, 35.981175466483755 ], [ -114.916639855853134, 35.980963035408415 ], [ -114.91648688270179, 35.980744038426231 ], [ -114.916342341546581, 35.980520680673791 ], [ -114.916206234549108, 35.980292963094172 ], [ -114.916134635132778, 35.980150565205022 ], [ -114.915991430199611, 35.980043127755259 ], [ -114.915855969226769, 35.97992790799362 ], [ -114.915750764791738, 35.979820622940117 ], [ -114.914298763728041, 35.978193153402941 ], [ -114.914119104535274, 35.978002983660289 ], [ -114.913822557246789, 35.97768177705202 ], [ -114.913472618271527, 35.977299122249399 ], [ -114.913196014111918, 35.976934947103778 ], [ -114.912987948587897, 35.976609614841323 ], [ -114.912940587645267, 35.976505929239551 ], [ -114.912567199007711, 35.976508428687247 ], [ -114.91256220254391, 35.976497543556448 ], [ -114.912503276038692, 35.976344934793907 ], [ -114.912083298851229, 35.976310196054527 ], [ -114.912081593277776, 35.976511677724474 ], [ -114.912081088427783, 35.976567648235239 ], [ -114.912048692993054, 35.980159601693025 ], [ -114.912047886434493, 35.980247659906148 ], [ -114.912030397849065, 35.98215712991118 ], [ -114.910220064782891, 35.982160675092494 ], [ -114.90532583828616, 35.982170141579452 ], [ -114.90086641556465, 35.982135435508305 ], [ -114.896406942777716, 35.982100581424717 ], [ -114.891947475560045, 35.982065561617183 ], [ -114.887446210110653, 35.98203004543906 ], [ -114.887444291243497, 35.982173849224615 ], [ -114.887443540314763, 35.98375086225262 ], [ -114.887400810912922, 35.993057309236633 ], [ -114.887386684700729, 35.998210696663683 ], [ -114.887391698542544, 36.007566243909125 ], [ -114.887374981420294, 36.012664929428659 ], [ -114.887295634467151, 36.02207471175003 ], [ -114.887248364939708, 36.027169983840999 ], [ -114.887151981065173, 36.036575970017282 ], [ -114.887101940169771, 36.041674890138069 ], [ -114.887166893761915, 36.051079889087795 ], [ -114.887190749358439, 36.056393700937065 ], [ -114.887240577554721, 36.065592971661601 ], [ -114.887266590972004, 36.071559098336948 ], [ -114.886801925133668, 36.080215963280864 ], [ -114.886484691142954, 36.085992507646651 ], [ -114.886010988723001, 36.094860958297403 ], [ -114.885294493110237, 36.107776219637657 ], [ -114.884691159932103, 36.118717220450108 ], [ -114.884169802276631, 36.129966786857487 ], [ -114.882099424580673, 36.130260076153931 ], [ -114.880936902984431, 36.130595325666661 ], [ -114.88008411199813, 36.131659244936188 ], [ -114.879127796059308, 36.132508767844001 ], [ -114.877703616653633, 36.132628662809758 ], [ -114.875913952898685, 36.132361575232352 ], [ -114.874336649242167, 36.131924690511589 ], [ -114.872656661585452, 36.131187874874918 ], [ -114.870768202733203, 36.130193259546822 ], [ -114.868457009904787, 36.129324364773076 ], [ -114.866148593676698, 36.128156142370933 ], [ -114.864579226479151, 36.12686404015615 ], [ -114.863379204356121, 36.125531377950558 ], [ -114.862282663048532, 36.124413110750552 ], [ -114.861086631561847, 36.122652881662198 ], [ -114.857005906907247, 36.119400087054423 ], [ -114.849758543053341, 36.114432592815845 ], [ -114.847471158435795, 36.113675558985804 ], [ -114.845010416035052, 36.112854892610677 ], [ -114.835178012907505, 36.109550624630138 ], [ -114.831119204145764, 36.108196626877344 ], [ -114.783333242309169, 36.087223078051508 ], [ -114.739897009091393, 36.062782102938719 ], [ -114.739585233007233, 36.062027493466175 ], [ -114.738286754278349, 36.060807230219943 ], [ -114.735801756662056, 36.058734458438167 ], [ -114.735102424456485, 36.056481652232762 ], [ -114.735082794722558, 36.054299208223512 ], [ -114.73559673292155, 36.053289499695268 ], [ -114.73724551988704, 36.051845696507449 ], [ -114.739219352719985, 36.050376627886834 ], [ -114.739461627635748, 36.05019630370802 ], [ -114.74168020631906, 36.047880647699799 ], [ -114.742481842442757, 36.045699896283054 ], [ -114.742511608043017, 36.045189163753363 ], [ -114.742663897381988, 36.042575974303162 ], [ -114.742108200286197, 36.039795126848311 ], [ -114.741677018077212, 36.038901167134178 ], [ -114.741265260689332, 36.038047461596513 ], [ -114.74002127284551, 36.03747056817074 ], [ -114.7388883372669, 36.037468205465395 ], [ -114.737385738630451, 36.037832623597801 ], [ -114.735742173102778, 36.038035928341905 ], [ -114.734524156715707, 36.038056322057272 ], [ -114.734431636928619, 36.038044574643315 ], [ -114.733819402622885, 36.037966835863642 ], [ -114.733420089368806, 36.037916131201321 ], [ -114.73248734595056, 36.037431722120324 ], [ -114.731610362460714, 36.036874026727219 ], [ -114.730566269663925, 36.036210043645461 ], [ -114.730565846121038, 36.036209598998568 ], [ -114.730367803230394, 36.036001772113906 ], [ -114.727604972208525, 36.033102306905889 ], [ -114.723675897743206, 36.031232892441373 ], [ -114.722745204464019, 36.03028895166279 ], [ -114.722099318457452, 36.028955099130044 ], [ -114.722175352866628, 36.028315284271812 ], [ -114.722216678949977, 36.027967527601291 ], [ -114.722231921265106, 36.027948636908405 ], [ -114.722755351707917, 36.027299918101185 ], [ -114.723326835981808, 36.026591628957775 ], [ -114.723387680529768, 36.026532040117253 ], [ -114.725573077120501, 36.024391193670887 ], [ -114.727751568649865, 36.0224120505126 ], [ -114.728549480131193, 36.021687117548261 ], [ -114.728876844380721, 36.021389690034574 ], [ -114.731447772961658, 36.019768136915275 ], [ -114.731769228412034, 36.019565378262364 ], [ -114.733364066805805, 36.018559399659495 ], [ -114.734649016970707, 36.017776026658893 ], [ -114.737197781266801, 36.016241765747054 ], [ -114.737248312135989, 36.016211346621724 ], [ -114.737295964979936, 36.016180739526817 ], [ -114.7388054214683, 36.015211206043759 ], [ -114.738912081598215, 36.015142697011868 ], [ -114.74007580901096, 36.01423534934554 ], [ -114.740775227978133, 36.013578432109526 ], [ -114.74147325988784, 36.012824869122319 ], [ -114.741475691763327, 36.012822243589703 ], [ -114.741546317604744, 36.012688862397191 ], [ -114.741555087806447, 36.012672298619862 ], [ -114.741573862138935, 36.012636842659113 ], [ -114.743612214334348, 36.01359939960053 ], [ -114.744353958510786, 36.0139575255049 ], [ -114.744681111375954, 36.014107664774677 ], [ -114.745125262083704, 36.014296776613897 ], [ -114.745663182918364, 36.014500849121482 ], [ -114.746055061667832, 36.014637128706731 ], [ -114.746411924370321, 36.01475408484972 ], [ -114.746763067791377, 36.014856691927321 ], [ -114.747237333040133, 36.014974465548789 ], [ -114.747582911265141, 36.015048415215389 ], [ -114.747934360579222, 36.015122404794276 ], [ -114.748285960346223, 36.015182086284973 ], [ -114.748684471646385, 36.015246862964247 ], [ -114.749129944928782, 36.015311965045804 ], [ -114.749534579181812, 36.015352934052508 ], [ -114.749548952602368, 36.015354073195574 ], [ -114.750062485607017, 36.015394759023245 ], [ -114.75066695462769, 36.015413262428972 ], [ -114.750892692229058, 36.015414828706852 ], [ -114.751195263884753, 36.015416927430465 ], [ -114.75140806679488, 36.015407545992964 ], [ -114.751548559469796, 36.015401351954125 ], [ -114.751736621455152, 36.015393061143783 ], [ -114.752452417070984, 36.015335021766795 ], [ -114.753034206962184, 36.015277046843906 ], [ -114.753533965244216, 36.015204193714254 ], [ -114.754028052001601, 36.015112221507835 ], [ -114.754557657540616, 36.014991877255241 ], [ -114.754934356286782, 36.014900816434597 ], [ -114.75507557054739, 36.014866680270679 ], [ -114.755341993135772, 36.014794215012643 ], [ -114.755434692614202, 36.014769000882715 ], [ -114.755586770918129, 36.014718065854701 ], [ -114.755699791952821, 36.014680211283903 ], [ -114.7558330623052, 36.014632490933685 ], [ -114.756027238917397, 36.01456296074165 ], [ -114.756477528394839, 36.014408949157897 ], [ -114.757173276698538, 36.01411803968282 ], [ -114.757751522323261, 36.013835856189374 ], [ -114.758300512666239, 36.013543931179228 ], [ -114.758648877599342, 36.013350780925094 ], [ -114.758962069774014, 36.013152618332491 ], [ -114.759293319005991, 36.012911655431679 ], [ -114.759665752889617, 36.012661434949962 ], [ -114.76024566446776, 36.012217091591829 ], [ -114.761334434215854, 36.011385142987997 ], [ -114.761831506369134, 36.011002226493346 ], [ -114.762251030438748, 36.010738012052478 ], [ -114.762481385719653, 36.010601276366138 ], [ -114.762788194346129, 36.010450754007138 ], [ -114.763177276428124, 36.010291254744644 ], [ -114.763566061878294, 36.010160368456795 ], [ -114.763978177253222, 36.01004394833847 ], [ -114.764290012530807, 36.009974536475283 ], [ -114.764648755229217, 36.009910212610684 ], [ -114.765071818409169, 36.009870173785309 ], [ -114.765529852039265, 36.00985421839836 ], [ -114.766040418618076, 36.009867236250585 ], [ -114.766480204655238, 36.009913155194745 ], [ -114.766949044445894, 36.009987886476061 ], [ -114.767370632961033, 36.010090911822751 ], [ -114.767710143915352, 36.010183837577173 ], [ -114.768173766021576, 36.010344253087496 ], [ -114.769517131638764, 36.010854282361827 ], [ -114.769938433274319, 36.01098591214334 ], [ -114.770424159129192, 36.011132285043367 ], [ -114.770921918495347, 36.011250122069278 ], [ -114.77129704999254, 36.011305124106407 ], [ -114.771601840844795, 36.011350110705806 ], [ -114.771977069937492, 36.011395572818309 ], [ -114.772428802935835, 36.011422473850189 ], [ -114.772792684103678, 36.011429701077894 ], [ -114.773203622285152, 36.011427707343358 ], [ -114.773614754423392, 36.011406634781935 ], [ -114.774020163486412, 36.011371214967674 ], [ -114.774213560887688, 36.01134782804003 ], [ -114.774194802406797, 36.011300562637977 ], [ -114.774104052499965, 36.011025875117156 ], [ -114.774079519619519, 36.010876393018535 ], [ -114.774022319672596, 36.010556022126629 ], [ -114.773982619991642, 36.010419826527297 ], [ -114.773959871693492, 36.010348132360733 ], [ -114.773928258454617, 36.010282339596628 ], [ -114.773853213655116, 36.010178953527507 ], [ -114.773882563849341, 36.010106465222798 ], [ -114.773891795307136, 36.010085436157155 ], [ -114.77389678356478, 36.01007407285843 ], [ -114.773923301090207, 36.010034847763514 ], [ -114.773942248437024, 36.010006820735207 ], [ -114.774008121787105, 36.009935720687537 ], [ -114.774031253211021, 36.009910752937714 ], [ -114.774103509268301, 36.009862029211533 ], [ -114.77421056231249, 36.009798957929185 ], [ -114.774340098223973, 36.009728550117323 ], [ -114.774384741483217, 36.009699975206217 ], [ -114.774474924242014, 36.009635003577422 ], [ -114.774529900870547, 36.009568603073511 ], [ -114.774580536852085, 36.009496211184363 ], [ -114.77463663071849, 36.009410221176111 ], [ -114.774642663885871, 36.009401673339362 ], [ -114.774688221943123, 36.009310852533112 ], [ -114.774706064467523, 36.009275280354863 ], [ -114.774741181342947, 36.009195350787287 ], [ -114.77475872642492, 36.009148053376293 ], [ -114.774766404774724, 36.00911472002997 ], [ -114.77476762898128, 36.00908814441086 ], [ -114.774770388554614, 36.009037872221114 ], [ -114.774760869181222, 36.009015533330079 ], [ -114.774638379608163, 36.008728117682757 ], [ -114.77459438192318, 36.008624876385795 ], [ -114.774534180855952, 36.008483618047805 ], [ -114.774494966755981, 36.008423821012506 ], [ -114.774438414914016, 36.008337587306499 ], [ -114.774433613247155, 36.008330265217722 ], [ -114.774265424245442, 36.008291750819303 ], [ -114.774234884800606, 36.008284756314261 ], [ -114.773833489535349, 36.008277307514248 ], [ -114.77353734174612, 36.008294697281386 ], [ -114.773397045700079, 36.008311030185446 ], [ -114.773328442872284, 36.008330100128084 ], [ -114.773203387364774, 36.0083648618278 ], [ -114.773183115079419, 36.008370497798815 ], [ -114.772843206920641, 36.008479970133472 ], [ -114.772615254363274, 36.008589572415772 ], [ -114.772601493406668, 36.008651356448418 ], [ -114.772594154201599, 36.008684309794027 ], [ -114.772678656910131, 36.008803219664244 ], [ -114.772665519837403, 36.008859324314272 ], [ -114.772649207835968, 36.00892898470763 ], [ -114.772560955149658, 36.008946656029146 ], [ -114.772389650658653, 36.008945213686928 ], [ -114.772208964783573, 36.008945724799098 ], [ -114.772183088411523, 36.008967251406396 ], [ -114.77210212061172, 36.009034608063459 ], [ -114.772006909266366, 36.009085068119177 ], [ -114.77194240926309, 36.009084056081619 ], [ -114.771867567794615, 36.009082881244481 ], [ -114.771838577637311, 36.009056322158408 ], [ -114.771703384972184, 36.008932469533327 ], [ -114.771670755693322, 36.008710819086822 ], [ -114.77191181751202, 36.008431097508733 ], [ -114.772102995312125, 36.008321822092142 ], [ -114.772138226330242, 36.008301685450718 ], [ -114.772221086240037, 36.008254323385358 ], [ -114.772502141888722, 36.008176071896514 ], [ -114.772813017341846, 36.00799815792525 ], [ -114.772845223307598, 36.007979726632541 ], [ -114.772869951261697, 36.00794918271648 ], [ -114.772977900165699, 36.007815845927929 ], [ -114.772983380461255, 36.007696323565654 ], [ -114.772987929498669, 36.007597130064063 ], [ -114.772988307945397, 36.007588872196465 ], [ -114.773064668305054, 36.007482968509613 ], [ -114.773144766447643, 36.007392599594247 ], [ -114.773284519722452, 36.007234925793682 ], [ -114.773302729466081, 36.007175608812403 ], [ -114.773316758821025, 36.007129910208988 ], [ -114.773414607061099, 36.007048530620771 ], [ -114.773432470628677, 36.007044425884956 ], [ -114.773622963434519, 36.007000645425457 ], [ -114.773753624406666, 36.006970615962615 ], [ -114.773933188946486, 36.006792712569883 ], [ -114.773993490351458, 36.006732970047459 ], [ -114.774054679144513, 36.006652701837979 ], [ -114.774127996011629, 36.006556524493313 ], [ -114.77419211860753, 36.006491125831467 ], [ -114.774246008006983, 36.006436163706674 ], [ -114.774278471644408, 36.006403053362803 ], [ -114.77438139870236, 36.006298076892278 ], [ -114.774441141864486, 36.006197450053058 ], [ -114.77444939021899, 36.006183558014939 ], [ -114.774469934656594, 36.006184338219882 ], [ -114.774832588128177, 36.00619811594639 ], [ -114.775508307580765, 36.00605213484662 ], [ -114.775852945030778, 36.0059776787893 ], [ -114.776075857836531, 36.005929519517622 ], [ -114.776308803440827, 36.005891611105213 ], [ -114.776403312160966, 36.005820731978154 ], [ -114.776470077042745, 36.005770658449762 ], [ -114.7765236950153, 36.00567233365026 ], [ -114.776550843074929, 36.005622548017058 ], [ -114.776626556140442, 36.00557856426326 ], [ -114.776761549974239, 36.005500141809158 ], [ -114.776764567428089, 36.005497063415547 ], [ -114.776859990349323, 36.005399714332761 ], [ -114.776921136163253, 36.005337335169415 ], [ -114.776893381513403, 36.005244842765926 ], [ -114.776850459000698, 36.005101805278336 ], [ -114.776846692544567, 36.004976024966595 ], [ -114.776899671722603, 36.004934897693502 ], [ -114.776953899740874, 36.004892800875922 ], [ -114.776981970327853, 36.004876994996778 ], [ -114.777084133701848, 36.004819472661481 ], [ -114.77765090008171, 36.004737703237588 ], [ -114.777814130482042, 36.004747529921332 ], [ -114.777824425250017, 36.004751249294898 ], [ -114.777945747843845, 36.004848421744676 ], [ -114.778123768872774, 36.004967508419149 ], [ -114.778163477266531, 36.004972782480102 ], [ -114.778315432871651, 36.004992965401804 ], [ -114.778417635042715, 36.005006539565436 ], [ -114.778479519900827, 36.004970291485066 ], [ -114.778723518068745, 36.004827373326179 ], [ -114.77883751348368, 36.004696787286207 ], [ -114.778853095214643, 36.004681474976827 ], [ -114.778877678421395, 36.004657316343504 ], [ -114.778963931822503, 36.004572554758077 ], [ -114.779225835417336, 36.004472143794075 ], [ -114.779279036803359, 36.004348756936558 ], [ -114.779342801427347, 36.004200873137265 ], [ -114.779455484863135, 36.004107563652695 ], [ -114.779632170431682, 36.004086986045536 ], [ -114.779753359295412, 36.004097739868044 ], [ -114.780056708962107, 36.004124657510992 ], [ -114.780062479583094, 36.004126806986264 ], [ -114.780435809442181, 36.004265838135218 ], [ -114.780449684631677, 36.004271005295671 ], [ -114.780501086452858, 36.004271349181842 ], [ -114.780725625219191, 36.004172866099175 ], [ -114.780828132109178, 36.004154438619743 ], [ -114.780876169235114, 36.004110576222118 ], [ -114.780916883075861, 36.004073401168597 ], [ -114.780991974919004, 36.00400483467434 ], [ -114.780990113963526, 36.003996587937813 ], [ -114.780968819154808, 36.003902166675083 ], [ -114.780952814082141, 36.00383120290946 ], [ -114.780952306244473, 36.003830089109947 ], [ -114.780807262788514, 36.003511970002499 ], [ -114.780732950024799, 36.003345582081501 ], [ -114.78072358868728, 36.003324621884374 ], [ -114.780721937893375, 36.00332092632113 ], [ -114.780723644241121, 36.003319138734426 ], [ -114.780758578402811, 36.003282539761358 ], [ -114.780789005953537, 36.003209133911582 ], [ -114.780945876255927, 36.003188230762362 ], [ -114.781328381753852, 36.003259806655912 ], [ -114.781549521738341, 36.003201390099008 ], [ -114.781641081997108, 36.003177203364523 ], [ -114.782018607529608, 36.003242763651961 ], [ -114.782191830443722, 36.003190420683843 ], [ -114.782699792088977, 36.003068526942229 ], [ -114.782817586887859, 36.003028773085568 ], [ -114.782915697382265, 36.002992093756902 ], [ -114.78302690755298, 36.002934781670696 ], [ -114.783141719037573, 36.002899776387871 ], [ -114.78322109842226, 36.002885997477655 ], [ -114.783329751202103, 36.002879568199745 ], [ -114.783450262404173, 36.002861293634744 ], [ -114.78362931107948, 36.002832603330013 ], [ -114.783758877692833, 36.002815656027828 ], [ -114.783937984850041, 36.002807310746981 ], [ -114.784237483731985, 36.002792612373057 ], [ -114.784443026815055, 36.002782057517322 ], [ -114.784500346894689, 36.002772899698563 ], [ -114.784537895991647, 36.002760033886979 ], [ -114.784565285373375, 36.002745668271928 ], [ -114.784588884915024, 36.002724006620468 ], [ -114.784612655476579, 36.002694952719388 ], [ -114.784636445166157, 36.002664109855566 ], [ -114.784655104431224, 36.002632636180692 ], [ -114.78466359633444, 36.002590960594368 ], [ -114.784666091350502, 36.002561765088394 ], [ -114.784667185094591, 36.002526001479346 ], [ -114.78465883262362, 36.002481233183531 ], [ -114.784624110133365, 36.002362719677528 ], [ -114.784616248087659, 36.002328721600129 ], [ -114.784557154776422, 36.002073192111645 ], [ -114.784552934141573, 36.002054941486684 ], [ -114.784551104275621, 36.001994954840789 ], [ -114.784545849322967, 36.001822746761157 ], [ -114.784534305408542, 36.001762727901991 ], [ -114.784521573970679, 36.001719058875373 ], [ -114.784516401638854, 36.001704661290667 ], [ -114.784495792164847, 36.001653013768106 ], [ -114.784470752847795, 36.001613659361368 ], [ -114.784448872123789, 36.001591176726969 ], [ -114.784423529876022, 36.001572406943787 ], [ -114.784386784767904, 36.001549269240272 ], [ -114.784347319501009, 36.001533982687583 ], [ -114.784299946210353, 36.001517213102765 ], [ -114.784251763346816, 36.001493283569594 ], [ -114.784222170594816, 36.001459462531962 ], [ -114.784203177223347, 36.001422134798027 ], [ -114.784192901480125, 36.001393450018099 ], [ -114.784195117366934, 36.00134839424053 ], [ -114.784227776375772, 36.000990906365288 ], [ -114.784241458836149, 36.000943780032493 ], [ -114.784247180580053, 36.000900177961491 ], [ -114.784244821176287, 36.000872261528713 ], [ -114.784240736581182, 36.000840756338548 ], [ -114.784229710143322, 36.000799188749397 ], [ -114.784192605459623, 36.000724539147775 ], [ -114.78416493193123, 36.000674991425925 ], [ -114.784112334012022, 36.000565183361552 ], [ -114.784095159897191, 36.000522144450187 ], [ -114.784095542380257, 36.000484230097165 ], [ -114.784103718426664, 36.000459245458735 ], [ -114.784122408205789, 36.000439338473846 ], [ -114.784157925453741, 36.000409527368497 ], [ -114.784234823192065, 36.000363522290854 ], [ -114.784278120995069, 36.000343305948846 ], [ -114.784370526060812, 36.000300159315231 ], [ -114.78439778515903, 36.000283782054943 ], [ -114.784427060698548, 36.00026179858952 ], [ -114.784568480008218, 36.000119658124731 ], [ -114.784603159584165, 36.000085549305524 ], [ -114.784640401687014, 36.000059326804092 ], [ -114.784700611625752, 36.000025387862131 ], [ -114.784792110063833, 35.999980582824044 ], [ -114.784837822808939, 35.999951182810072 ], [ -114.784940686101095, 35.999878180412317 ], [ -114.785001877502197, 35.999834231760083 ], [ -114.785028461550638, 35.999817238815382 ], [ -114.785058522599059, 35.999804561888702 ], [ -114.785101836218871, 35.999793627890213 ], [ -114.785197176300898, 35.999776680309473 ], [ -114.785254356771034, 35.999766516254475 ], [ -114.785317100116572, 35.999743324805507 ], [ -114.785373819504827, 35.999714409666488 ], [ -114.78542624437317, 35.999674242047192 ], [ -114.785530556280477, 35.999594319563791 ], [ -114.785550281264875, 35.999581046539838 ], [ -114.785577745733562, 35.999564059324008 ], [ -114.785591903303796, 35.999556999806941 ], [ -114.785607770568902, 35.999554959280822 ], [ -114.785638586743829, 35.999551865351869 ], [ -114.785952072626884, 35.999548662486866 ], [ -114.786115831706667, 35.999548319153327 ], [ -114.786310416972952, 35.999546749957922 ], [ -114.786354476854427, 35.999542749662993 ], [ -114.786394193419426, 35.999532998149903 ], [ -114.786431334004618, 35.999516790623964 ], [ -114.786473885650935, 35.9994877412256 ], [ -114.786522772131988, 35.999441564086347 ], [ -114.786678603305177, 35.999266607858274 ], [ -114.786886927493242, 35.99903691316706 ], [ -114.787067678690846, 35.998834936740067 ], [ -114.787261300684648, 35.99857867350471 ], [ -114.787318397016008, 35.998503934170046 ], [ -114.78736047808394, 35.998434103752281 ], [ -114.787387469839047, 35.998376334503597 ], [ -114.787402187791599, 35.998313476218947 ], [ -114.787403607587692, 35.998259829366276 ], [ -114.787401426974341, 35.998214028798294 ], [ -114.787390485642547, 35.998163878131685 ], [ -114.787361272824199, 35.998092143594583 ], [ -114.78733618988305, 35.99804762149207 ], [ -114.787317195975533, 35.998010294300848 ], [ -114.787295539812973, 35.99797509544667 ], [ -114.78726943253686, 35.997944874694277 ], [ -114.787240654697598, 35.99791749875461 ], [ -114.787197827610726, 35.997886452345938 ], [ -114.787163674937204, 35.997868340360156 ], [ -114.787124189430543, 35.997855200615604 ], [ -114.787078484388658, 35.997847743758605 ], [ -114.787025679218573, 35.997845962136651 ], [ -114.786962252587372, 35.997849834176684 ], [ -114.786910226201186, 35.997858073833214 ], [ -114.786734746596281, 35.997886241162526 ], [ -114.786593628126724, 35.997911773819396 ], [ -114.786478016617437, 35.997939622569511 ], [ -114.786366732953852, 35.997972428262429 ], [ -114.786297066992759, 35.99798635399214 ], [ -114.786240675646994, 35.997990987103798 ], [ -114.786194920219373, 35.997988537205394 ], [ -114.786147461188619, 35.997980352710577 ], [ -114.786100947581801, 35.997965735581225 ], [ -114.786061607341864, 35.997938288295487 ], [ -114.786032014139877, 35.997904467755752 ], [ -114.786015626694308, 35.997870734040724 ], [ -114.786009860773774, 35.997831348526852 ], [ -114.786009275437593, 35.997802012689753 ], [ -114.786011460422301, 35.997759818366099 ], [ -114.786018913506311, 35.997719089405784 ], [ -114.786035307198034, 35.997664827315738 ], [ -114.786064190466163, 35.997594193135015 ], [ -114.786091218861571, 35.997532848054092 ], [ -114.786119850005988, 35.997487252136345 ], [ -114.786153842807749, 35.997433821661993 ], [ -114.786163057496495, 35.997420382275948 ], [ -114.78618606313988, 35.997394278372361 ], [ -114.786398038523359, 35.997138548460519 ], [ -114.786432649399771, 35.997099276043322 ], [ -114.786540415072182, 35.996987827298902 ], [ -114.786607937966437, 35.996926750029182 ], [ -114.786713696457142, 35.996828010569615 ], [ -114.786804498729978, 35.996736373151187 ], [ -114.786832910898781, 35.996704320358283 ], [ -114.786855255995079, 35.996670844698336 ], [ -114.786981382036018, 35.996461001525731 ], [ -114.787004822325684, 35.996417866643711 ], [ -114.787016575890988, 35.996387182306734 ], [ -114.787021343408142, 35.996350727449979 ], [ -114.787005951498784, 35.996305554837917 ], [ -114.786981698430225, 35.996266046692206 ], [ -114.78694523561218, 35.996215010091511 ], [ -114.786913961718938, 35.996173309345046 ], [ -114.786889636808951, 35.996140954334301 ], [ -114.786864452912766, 35.99610644761902 ], [ -114.786852416914925, 35.996077751418809 ], [ -114.786845741342205, 35.996041220626154 ], [ -114.786844368622667, 35.996002579927413 ], [ -114.78684999629661, 35.99596827768432 ], [ -114.786865343008017, 35.995930462673236 ], [ -114.786887587166618, 35.995907001595221 ], [ -114.786913339247008, 35.99588499505802 ], [ -114.786958579717734, 35.995850955667684 ], [ -114.786977203024719, 35.995837486711217 ], [ -114.786999333159514, 35.995825471385871 ], [ -114.787013269090806, 35.995819416974904 ], [ -114.787171827270669, 35.995743628436777 ], [ -114.787213416923422, 35.995722441626654 ], [ -114.787242654119382, 35.995704034500108 ], [ -114.787264892019408, 35.995681288942109 ], [ -114.787276687392833, 35.995646312853353 ], [ -114.787285048942394, 35.995602728187677 ], [ -114.787292688074885, 35.99554339929805 ], [ -114.787297722512818, 35.995480476766176 ], [ -114.787313948379463, 35.995442667523832 ], [ -114.787338033603746, 35.995411349304234 ], [ -114.787366519469927, 35.995380060264878 ], [ -114.787479599462799, 35.995297769629893 ], [ -114.787708001351405, 35.995133740971426 ], [ -114.787693862425698, 35.992896418421914 ], [ -114.787718997177294, 35.989270330100837 ], [ -114.787744120961122, 35.985644234125154 ], [ -114.787753849445835, 35.98423999867768 ], [ -114.787788325807966, 35.979262302148975 ], [ -114.787794213123533, 35.978412178772309 ], [ -114.787718674399571, 35.963900297389188 ], [ -114.787750575486527, 35.960272135661725 ], [ -114.787782470482327, 35.956643970809544 ], [ -114.787814312856582, 35.953018784952718 ], [ -114.787846148036309, 35.949393596868966 ], [ -114.769944728986488, 35.949159524124916 ], [ -114.769981543814794, 35.940575333088191 ], [ -114.77000740937531, 35.934540472219069 ], [ -114.769609682147475, 35.920532022547384 ], [ -114.787440411289978, 35.920584401981515 ], [ -114.805435188965532, 35.920312818718095 ], [ -114.805537968641815, 35.906077558185721 ], [ -114.79888618882768, 35.90607765280825 ], [ -114.798890330725953, 35.89882523393792 ], [ -114.798892289636484, 35.895387928991106 ], [ -114.79516342005293, 35.895358344301009 ], [ -114.795161882625436, 35.891647670273557 ], [ -114.795157335286916, 35.880719098900578 ], [ -114.79515125710472, 35.866214198282584 ], [ -114.795145130855801, 35.851709263832291 ], [ -114.79513895657395, 35.837204293753146 ], [ -114.795132734265948, 35.822699288952322 ], [ -114.795126463956521, 35.808194248534555 ], [ -114.794977107714217, 35.808194261247152 ], [ -114.790525408084676, 35.808194534661865 ], [ -114.786073710500375, 35.808194642302738 ], [ -114.78162201608589, 35.808194585979791 ], [ -114.777170325992856, 35.808194364799412 ], [ -114.774857674339231, 35.8081941849182 ], [ -114.774885313755291, 35.807125056200661 ], [ -114.774981974268826, 35.803385857169999 ], [ -114.775078621170053, 35.799646655625793 ], [ -114.775175256683582, 35.795907450681803 ], [ -114.775182643657246, 35.795621589332065 ], [ -114.775252973131686, 35.792899919293127 ], [ -114.777175732626787, 35.792899851760652 ], [ -114.781626569112504, 35.792899576503437 ], [ -114.786077407651533, 35.792899136465472 ], [ -114.79052824930497, 35.792898532555185 ], [ -114.794979094045701, 35.792897763871046 ], [ -114.79509500193511, 35.792897740945854 ], [ -114.812896346824559, 35.79294356009936 ], [ -114.830714211727468, 35.792943643879433 ], [ -114.848504521719718, 35.792927930194132 ], [ -114.863059800820992, 35.792915351296841 ], [ -114.864073511070941, 35.792914408310992 ], [ -114.864073626127052, 35.792914408097424 ], [ -114.864724910403098, 35.792913799189165 ], [ -114.866307748087721, 35.792912303416884 ], [ -114.87953378434861, 35.792979970268867 ], [ -114.882967594946578, 35.792997300410541 ], [ -114.882964473014013, 35.800987462068122 ], [ -114.882963344824205, 35.80386719788924 ], [ -114.882961644150754, 35.808198830952129 ], [ -114.88415694139492, 35.808198806507164 ], [ -114.887707612057667, 35.808198662802724 ], [ -114.892453584202713, 35.808198306381797 ], [ -114.897199559427662, 35.808197762584037 ], [ -114.901945536574445, 35.808197032304179 ], [ -114.901946736566231, 35.815451478059359 ], [ -114.92025800437581, 35.815452523795734 ], [ -114.937506644015286, 35.815450957367958 ], [ -114.93931731833851, 35.815449676979163 ], [ -114.939853351933948, 35.815449293364004 ], [ -114.940201327274522, 35.815449042328133 ], [ -114.94068834447873, 35.815448690376172 ], [ -114.946411807887486, 35.815444398501285 ], [ -114.94639793103093, 35.80819109694577 ], [ -114.94528712457651, 35.808194686960093 ], [ -114.945284524522151, 35.803922064517224 ], [ -114.945278875786116, 35.794659406816663 ], [ -114.945278166763813, 35.793498604349814 ], [ -114.945277868178579, 35.793010039280681 ], [ -114.945277748032652, 35.792813537937036 ], [ -114.945277271735677, 35.792035293980248 ], [ -114.945276282966333, 35.790415176200504 ], [ -114.945275772349888, 35.7895806825642 ], [ -114.945275052231196, 35.788403414238857 ], [ -114.945269012930495, 35.778545651618522 ], [ -114.945265561730565, 35.77339298644138 ], [ -114.945264157198451, 35.771297646083255 ], [ -114.944310174659037, 35.771296805310961 ], [ -114.936370461168565, 35.771289515204195 ], [ -114.927483409972879, 35.771270218843412 ], [ -114.927481202785742, 35.764027551332987 ], [ -114.927472837176268, 35.749380830908983 ], [ -114.927464544268418, 35.735022474177001 ], [ -114.927458084928972, 35.723884193942887 ], [ -114.927456127213219, 35.72051519570298 ], [ -114.931840242384723, 35.720515850780828 ], [ -114.936350954680449, 35.720516358354196 ], [ -114.936347077072767, 35.716889939539215 ], [ -114.936335129885165, 35.70572916263616 ], [ -114.936319596607504, 35.691248036196576 ], [ -114.9363042585953, 35.676981100644078 ], [ -114.954259184311667, 35.676988246281859 ], [ -114.954373393700749, 35.676988282723094 ], [ -114.955606665388686, 35.676988674525063 ], [ -114.959696658148388, 35.676989881404687 ], [ -114.960038817067044, 35.676989976105737 ], [ -114.963809289337121, 35.676990955754633 ], [ -114.964061891177806, 35.676991017514354 ], [ -114.96490389738544, 35.676991218050198 ], [ -114.965156499262335, 35.676991277513281 ], [ -114.972139971339729, 35.676992701221387 ], [ -114.985455015723019, 35.676994293323631 ], [ -114.990084214203563, 35.676994501755317 ], [ -115.007724477273456, 35.67699367620645 ], [ -115.025362602773711, 35.676990281063361 ], [ -115.025368144296806, 35.691679640621516 ], [ -115.025373528456456, 35.7060414693849 ], [ -115.025377583645707, 35.716918199832286 ], [ -115.025378924562375, 35.720525041158602 ], [ -115.029815566950134, 35.720523346770577 ], [ -115.034252211345247, 35.720521487904037 ], [ -115.038688857705722, 35.7205194654602 ], [ -115.043125505989792, 35.720517280340289 ], [ -115.047572472601729, 35.720518469398613 ], [ -115.047597010253, 35.720518474899492 ], [ -115.052019441473846, 35.720519494120715 ], [ -115.056466412570146, 35.720520354506519 ], [ -115.060913384749398, 35.720521050551014 ], [ -115.065360360192031, 35.720521581362398 ], [ -115.069807337745104, 35.720521948738345 ], [ -115.074254316273255, 35.720522151772755 ], [ -115.078701297951099, 35.72052219047486 ], [ -115.083114289771061, 35.72052497296491 ], [ -115.087527283853859, 35.720527593622698 ], [ -115.091940280169794, 35.720530051546689 ], [ -115.096353278672737, 35.720532348539429 ], [ -115.096953098897544, 35.720532648676212 ], [ -115.100766278227795, 35.720534483694998 ], [ -115.100765689141156, 35.724161160991905 ], [ -115.100765096963343, 35.727787837002829 ], [ -115.100764503910355, 35.731414510835123 ], [ -115.100763907771125, 35.735041182479897 ], [ -115.10076697561712, 35.738690236512831 ], [ -115.10077004178639, 35.742339289238949 ], [ -115.100773106289708, 35.745988338855526 ], [ -115.100776169116045, 35.749637387165102 ], [ -115.100779205309166, 35.753261315521883 ], [ -115.100779380456615, 35.753470228193727 ], [ -115.100780188254717, 35.754434382950748 ], [ -115.100782240638807, 35.756885242452519 ], [ -115.10078464692522, 35.759758648095762 ], [ -115.10078527432016, 35.760509167205313 ], [ -115.100788306353067, 35.764133089780231 ], [ -115.100791340312441, 35.767761182562083 ], [ -115.100794371508002, 35.771389274057739 ], [ -115.1007974021569, 35.775017363374594 ], [ -115.100800431153246, 35.778645450508151 ], [ -115.100807070784413, 35.782249606412961 ], [ -115.1008137091126, 35.785853760165459 ], [ -115.10082034613778, 35.789457911765609 ], [ -115.100826980753681, 35.793062061208843 ], [ -115.095804327214694, 35.793062523783192 ], [ -115.078825253002748, 35.793062535010506 ], [ -115.078849685576699, 35.8081992559379 ], [ -115.044357605824771, 35.808181332640878 ], [ -115.044351335678968, 35.851655451484007 ], [ -114.990919547616571, 35.851719343958955 ], [ -114.990917545074112, 35.895917212000597 ], [ -114.994756219426492, 35.895910074567979 ], [ -114.994749380754939, 35.897240673109685 ], [ -114.994737428559802, 35.899566089384855 ], [ -114.994718634681092, 35.903222101968574 ], [ -114.994699835567488, 35.906878113209537 ], [ -114.994681032339372, 35.910534121310448 ], [ -114.994662226097375, 35.914190127177932 ], [ -114.994643414618267, 35.917846131702341 ], [ -114.994624600130635, 35.921502133091856 ], [ -114.994605780411064, 35.92515813223681 ], [ -114.994586956566891, 35.928814129142523 ], [ -114.994568129698962, 35.932470124715671 ], [ -114.994549297603612, 35.93612611714267 ], [ -114.994530462489848, 35.939782107335589 ], [ -114.991816174347349, 35.939787701865995 ], [ -114.990071267568339, 35.939791265641837 ], [ -114.976651620882762, 35.939817827007644 ], [ -114.976667920198722, 35.938442079615619 ], [ -114.97666670077497, 35.938444435823087 ], [ -114.976666647907706, 35.93844453740553 ], [ -114.97666280965322, 35.938451953029301 ], [ -114.976660044115263, 35.938457936461376 ], [ -114.976638713219785, 35.938504080989027 ], [ -114.976613809864929, 35.938557953433119 ], [ -114.976572952542952, 35.938625981673312 ], [ -114.976559980794775, 35.93864757943318 ], [ -114.97655701710805, 35.938652513623843 ], [ -114.976531069085055, 35.93869571812872 ], [ -114.976486018653745, 35.938770728429994 ], [ -114.976294968183893, 35.939088829403943 ], [ -114.976288672518209, 35.939099311512962 ], [ -114.976181086847447, 35.939278441859827 ], [ -114.976151144109863, 35.939328294968071 ], [ -114.976106400553732, 35.939402792912915 ], [ -114.97601981183972, 35.939546961499602 ], [ -114.975914746566886, 35.939790709300077 ], [ -114.975792627519652, 35.940074019001131 ], [ -114.975673005823765, 35.940351533074541 ], [ -114.975572814156124, 35.940583969260132 ], [ -114.975271815485954, 35.940986971864675 ], [ -114.974978816362423, 35.941380975731462 ], [ -114.97452581337086, 35.941592574180241 ], [ -114.974515367243242, 35.941597454169013 ], [ -114.974355816491737, 35.94167197966177 ], [ -114.974324815891791, 35.941825980058461 ], [ -114.974311601473289, 35.941893815034682 ], [ -114.974277688948916, 35.942067909136064 ], [ -114.974243658650408, 35.942242598398522 ], [ -114.974234818151587, 35.942287982886718 ], [ -114.974229925825625, 35.942314130657167 ], [ -114.974211910942699, 35.94241041943252 ], [ -114.974205818881856, 35.942442983935557 ], [ -114.974204247616925, 35.942450587628862 ], [ -114.974196802222423, 35.94248661896188 ], [ -114.974196723965562, 35.942486995317481 ], [ -114.974194526477845, 35.942497631486198 ], [ -114.974184016841903, 35.942548487539433 ], [ -114.974179651802558, 35.942569613112468 ], [ -114.974177305858532, 35.942580962374549 ], [ -114.974176253710965, 35.942586057617838 ], [ -114.97417581747888, 35.942588163596852 ], [ -114.974175686226275, 35.942588801968263 ], [ -114.974174492532725, 35.942594576991532 ], [ -114.974174350938597, 35.94259526308052 ], [ -114.974173791481761, 35.942597972320101 ], [ -114.974173148011758, 35.942601085826993 ], [ -114.974173025999164, 35.942601675573904 ], [ -114.974172026846617, 35.942606508801283 ], [ -114.974171790870145, 35.942607650480397 ], [ -114.974170746812078, 35.942612702501187 ], [ -114.974170623621987, 35.942613301255328 ], [ -114.974169578420828, 35.942618357776915 ], [ -114.974169496679693, 35.942618754845199 ], [ -114.974169366632069, 35.942619380604221 ], [ -114.974168326037017, 35.942624414616112 ], [ -114.974168197090847, 35.942625041282028 ], [ -114.974167110440419, 35.942630299489437 ], [ -114.974167014922074, 35.942630758679037 ], [ -114.974166015741105, 35.942635595511497 ], [ -114.974165867247905, 35.9426363140131 ], [ -114.974165612839514, 35.94263754663217 ], [ -114.973030227298594, 35.956015302960076 ], [ -114.972525804001975, 35.958302227646485 ], [ -114.971691682293851, 35.961831615648322 ], [ -114.971677614533377, 35.963533066575771 ], [ -114.973903462911039, 35.966948264772086 ], [ -114.976291568347165, 35.970233413946225 ], [ -114.978685235838199, 35.972864111607421 ], [ -114.98107372733277, 35.976149164395707 ], [ -114.982985725641996, 35.978646293303655 ], [ -114.984903147926147, 35.980488985914803 ], [ -114.985533167878955, 35.983580998851835 ], [ -114.985574632810255, 35.983580879933264 ], [ -114.985614844595361, 35.983580763774718 ], [ -114.985689408335915, 35.98358142519519 ], [ -114.989733994886549, 35.983569783300879 ], [ -114.989819315732035, 35.983569536338919 ], [ -114.992057924512196, 35.983563037011386 ], [ -114.994314770776569, 35.983556442074324 ], [ -114.994314145880296, 35.983638335343265 ], [ -114.994310774382157, 35.984085830610951 ], [ -114.994309475226075, 35.984258199227241 ], [ -114.994308177167952, 35.984430567843965 ], [ -114.994306877989885, 35.984602936450258 ], [ -114.994306877461014, 35.984603007651657 ], [ -114.994305578800876, 35.984775305051528 ], [ -114.994304280709841, 35.984947673653224 ], [ -114.994303039446521, 35.985112390352384 ], [ -114.994301683272056, 35.985292426158026 ], [ -114.994301158974636, 35.985361963750492 ], [ -114.994300630953049, 35.985432002455809 ], [ -114.994298561477407, 35.985706717132523 ], [ -114.994297108879735, 35.985899429461085 ], [ -114.994295621373453, 35.986096839272605 ], [ -114.994294379203339, 35.986261668600299 ], [ -114.994293137029871, 35.986426497022109 ], [ -114.994291895948678, 35.986591326346087 ], [ -114.994290653755172, 35.986756154758737 ], [ -114.99428941155162, 35.986920983166826 ], [ -114.994288065982985, 35.987099575061798 ], [ -114.994287537822714, 35.987169626364569 ], [ -114.994287009653959, 35.987239678567789 ], [ -114.994284846868524, 35.987526779490558 ], [ -114.994283759309042, 35.987671083867397 ], [ -114.994281597625388, 35.987957881031434 ], [ -114.994281183915064, 35.988012822323192 ], [ -114.994279895034779, 35.98818377400837 ], [ -114.99427854961047, 35.988362335221744 ], [ -114.994277204174452, 35.988540896429733 ], [ -114.99427585872661, 35.988719457632335 ], [ -114.994274616430332, 35.988884282380752 ], [ -114.994274409008085, 35.988911753470333 ], [ -114.994273908647301, 35.988978205934174 ], [ -114.994273356734269, 35.989051447756502 ], [ -114.994273259632621, 35.989064218925414 ], [ -114.994273252461127, 35.989065184199497 ], [ -114.994269999602167, 35.989496888592342 ], [ -114.994266738380162, 35.989929560024827 ], [ -114.994263478211423, 35.990362229628658 ], [ -114.994260216857796, 35.990794900096788 ], [ -114.99425558680494, 35.991536697002992 ], [ -114.994248898455027, 35.992608154219546 ], [ -114.994246731934908, 35.992955085075167 ], [ -114.994245394753648, 35.993169360802703 ], [ -114.994243238257212, 35.993514784676158 ], [ -114.994237578891671, 35.994421415000105 ], [ -114.994231933828928, 35.995325486424491 ], [ -114.994231918548863, 35.995327990202291 ], [ -114.994230161346209, 35.995609504576485 ], [ -114.994227570510816, 35.996024524805605 ], [ -114.994226252390746, 35.996235608961697 ], [ -114.994225084669736, 35.996422574666205 ], [ -114.994223125713717, 35.996736294676815 ], [ -114.994221020559053, 35.997073560798491 ], [ -114.99422095095521, 35.997084567311227 ], [ -114.994218267886353, 35.997514356827701 ], [ -114.994216217871255, 35.99784270016255 ], [ -114.994215787582718, 35.997911485473409 ], [ -114.994214934172547, 35.998048240438287 ], [ -114.996073522456783, 35.998061754936558 ], [ -114.996773566106029, 35.998066837901405 ], [ -114.997978729687247, 35.998075579741617 ], [ -114.998420244572628, 35.998078779244018 ], [ -114.998419748030187, 35.998191306867099 ], [ -114.998660415299113, 35.998193212993819 ], [ -115.003152554282764, 35.998185903823959 ], [ -115.007894179488773, 35.998198676673887 ], [ -115.012089318258504, 35.998209820832415 ], [ -115.013857153162775, 35.998226216589508 ], [ -115.020930420157384, 35.998291555343116 ], [ -115.029877024956434, 35.998288789649386 ], [ -115.02982021018606, 36.001926086806449 ], [ -115.027578146171109, 36.001928517480501 ], [ -115.027435620916719, 36.001928670255353 ], [ -115.020895823128484, 36.001935513106723 ], [ -115.020878521841524, 36.003757474047461 ], [ -115.02311201893734, 36.003754308609366 ], [ -115.0230919378821, 36.005575483203032 ], [ -115.02754300512234, 36.005567384814711 ], [ -115.027504238244276, 36.008357365010887 ], [ -115.027502065672365, 36.008513673242234 ], [ -115.027496982455119, 36.008879468235484 ], [ -115.02749255499748, 36.009198111363645 ], [ -115.027483757122837, 36.00983119771594 ], [ -115.027483557906208, 36.00984552045378 ], [ -115.027442049140902, 36.012832324413914 ], [ -115.027961217241099, 36.012830026590308 ], [ -115.028580007447687, 36.01282728497771 ], [ -115.029089164185194, 36.012825043236354 ], [ -115.029152120561349, 36.012824761715756 ], [ -115.029463174834333, 36.012823372461376 ], [ -115.029619579442951, 36.012822682933233 ], [ -115.029619770348887, 36.01282266939328 ], [ -115.02965696414644, 36.012822507555491 ], [ -115.029657002979349, 36.01282250683338 ], [ -115.029657324698263, 36.012822506515434 ], [ -115.029657527104334, 36.012964652509801 ], [ -115.029640435104156, 36.014362149195094 ], [ -115.029640577794069, 36.01436538376133 ], [ -115.029644456624865, 36.014453571613608 ], [ -115.029642833101235, 36.014606959319771 ], [ -115.02963398541209, 36.015442608639951 ], [ -115.029630799893383, 36.015821343217745 ], [ -115.029625463374927, 36.016455717719808 ], [ -115.029623983262027, 36.016631738875432 ], [ -115.029623677660283, 36.016667202278981 ], [ -115.029622692664148, 36.016900308487223 ], [ -115.029621110839912, 36.016975977118562 ], [ -115.029618691697451, 36.017091752957576 ], [ -115.02961798844926, 36.017192348711141 ], [ -115.029615855804394, 36.017402191255933 ], [ -115.029614615822325, 36.017674777311214 ], [ -115.029614619501189, 36.017721224617532 ], [ -115.029614635260373, 36.017957645921044 ], [ -115.029610789383497, 36.018222106317843 ], [ -115.029609650986799, 36.018291469601166 ], [ -115.029606149253368, 36.018504953395897 ], [ -115.029606363938186, 36.01866879838574 ], [ -115.029606569587969, 36.018825683402767 ], [ -115.029597569724629, 36.019738111434705 ], [ -115.029597425777297, 36.019752669651233 ], [ -115.029597567788841, 36.019822489482245 ], [ -115.029597876149111, 36.019973881451371 ], [ -115.02960017130367, 36.02008627564026 ], [ -115.029701804834048, 36.020085558571694 ], [ -115.029694800670015, 36.020956392916645 ], [ -115.029686996081736, 36.021926759716308 ], [ -115.033181658928157, 36.021916730960548 ], [ -115.034142591623336, 36.021915312206339 ], [ -115.034176865210583, 36.021915128403684 ], [ -115.034767387211915, 36.021911964343531 ], [ -115.036552948848311, 36.021902380602008 ], [ -115.037742664909075, 36.021895979083141 ], [ -115.038676210598368, 36.021881026688398 ], [ -115.038682555950246, 36.021881005022678 ], [ -115.040924563914771, 36.021873243688276 ], [ -115.042058188748612, 36.021869302847072 ], [ -115.04542829639918, 36.021850986019125 ], [ -115.045725945078985, 36.021845432391473 ], [ -115.046045077969652, 36.021830723182298 ], [ -115.046363383340903, 36.021806973770282 ], [ -115.046522104536464, 36.021791718249695 ], [ -115.046838444078389, 36.021754467946167 ], [ -115.047152989943243, 36.021708270482378 ], [ -115.047309041046148, 36.021675357907412 ], [ -115.047448858256089, 36.021647807525326 ], [ -115.047757823654962, 36.021583901610789 ], [ -115.047911229373511, 36.021548671785943 ], [ -115.048215651213468, 36.02147171234342 ], [ -115.048516578995347, 36.021386164172412 ], [ -115.048813646897628, 36.021292132924778 ], [ -115.048960619689254, 36.021241970800666 ], [ -115.049251218254227, 36.021135432787084 ], [ -115.049394756149766, 36.021079088060347 ], [ -115.049678088856908, 36.020960334536163 ], [ -115.049956144405954, 36.020833617218905 ], [ -115.050228583312872, 36.020699089661676 ], [ -115.050362610125063, 36.020628935765409 ], [ -115.050556281910076, 36.0205227084125 ], [ -115.050686450419093, 36.020447945732499 ], [ -115.050941866421596, 36.020292938858546 ], [ -115.051067037034286, 36.020212742103354 ], [ -115.051312111824629, 36.02004708280981 ], [ -115.051549916859088, 36.01987457416022 ], [ -115.05215926248124, 36.019413333935255 ], [ -115.052810943344966, 36.018906546983239 ], [ -115.053651900169498, 36.018244095531109 ], [ -115.05376843506032, 36.018153517023464 ], [ -115.054631646812979, 36.017482563678492 ], [ -115.056077163517941, 36.016355287172445 ], [ -115.05641194691438, 36.016118535563166 ], [ -115.057533692057333, 36.015247888063506 ], [ -115.060765191741964, 36.012739335772835 ], [ -115.060765282073874, 36.012739264061196 ], [ -115.062121966492356, 36.011662199946251 ], [ -115.065318074234938, 36.009095105089131 ], [ -115.065793135452168, 36.008718059617316 ], [ -115.066090491473815, 36.008485217316462 ], [ -115.066289338375313, 36.008333099657797 ], [ -115.066441248093284, 36.008221544122229 ], [ -115.066595530443081, 36.008112159960874 ], [ -115.06675214194297, 36.008004981227501 ], [ -115.066911030255469, 36.007900039233803 ], [ -115.067072149682062, 36.007797368024214 ], [ -115.067235449008066, 36.007696997112966 ], [ -115.067400881439198, 36.007598958737461 ], [ -115.067568393555874, 36.007503280600048 ], [ -115.067820155056651, 36.00736600261736 ], [ -115.068105075395849, 36.007215813649076 ], [ -115.071408359757896, 36.005528427559923 ], [ -115.071700446915486, 36.005384777044078 ], [ -115.071907206469987, 36.005292127203738 ], [ -115.072012047098497, 36.005248016595992 ], [ -115.072224492144002, 36.005164289116095 ], [ -115.072440405042158, 36.005086639169583 ], [ -115.072549579954469, 36.005050122096733 ], [ -115.072773205519908, 36.00499406924591 ], [ -115.072938752438375, 36.004948991223607 ], [ -115.072970509680047, 36.004940343886325 ], [ -115.073083326050991, 36.004912063610796 ], [ -115.073310694559638, 36.004860325845307 ], [ -115.073425176724314, 36.004836884278447 ], [ -115.073655566975162, 36.004794889297386 ], [ -115.073660243761154, 36.004794175491838 ], [ -115.07388761972426, 36.004759456196986 ], [ -115.074121054120582, 36.004730626137857 ], [ -115.074355584906741, 36.004708435757465 ], [ -115.074590925786879, 36.004692910875256 ], [ -115.074708811384852, 36.004687654829411 ], [ -115.074944829859405, 36.004682162862608 ], [ -115.075180939566351, 36.004683369393042 ], [ -115.075219318686834, 36.004684587358206 ], [ -115.075387760506118, 36.004689935080755 ], [ -115.075505588029827, 36.004695982302621 ], [ -115.075740762900566, 36.004713086582605 ], [ -115.075975059953791, 36.004736851917016 ], [ -115.076208193251475, 36.004767248260649 ], [ -115.076439878003853, 36.004804239265944 ], [ -115.076669832798885, 36.004847780489982 ], [ -115.076897777395232, 36.004897817582389 ], [ -115.076949193645845, 36.004910685439917 ], [ -115.077008480840419, 36.004925522513723 ], [ -115.077123432698784, 36.004954289890364 ], [ -115.078561315296426, 36.00535871514051 ], [ -115.078589849960991, 36.005366740611549 ], [ -115.079180604079241, 36.00553289221002 ], [ -115.079239177365679, 36.005549365576933 ], [ -115.079531977724542, 36.005627178260504 ], [ -115.079744329567859, 36.005673102081097 ], [ -115.079769923701846, 36.005677825129652 ], [ -115.079783888572678, 36.005680402009759 ], [ -115.079851633283084, 36.005692901811315 ], [ -115.080005071019713, 36.005717339359066 ], [ -115.080167172280312, 36.005737232555674 ], [ -115.080172897205358, 36.005737935252618 ], [ -115.08023696206925, 36.005745797460911 ], [ -115.080292622743301, 36.005750221936886 ], [ -115.080377476927794, 36.005756967066283 ], [ -115.080470370400107, 36.005764351511154 ], [ -115.080515669169969, 36.005766014091193 ], [ -115.080608893968147, 36.005769435832285 ], [ -115.080704652874275, 36.005772950135729 ], [ -115.081558324344698, 36.00578537213439 ], [ -115.081602892059678, 36.00578599653673 ], [ -115.083183583255774, 36.005811600737623 ], [ -115.084317244055072, 36.00582540507245 ], [ -115.085453141500608, 36.005839226 ], [ -115.085453690548249, 36.00583923278473 ], [ -115.087678398594178, 36.00586627021503 ], [ -115.087724939073581, 36.005866835597033 ], [ -115.088860838096224, 36.005880623360596 ], [ -115.089911216829933, 36.005893364629912 ], [ -115.089998934939601, 36.005894428331445 ], [ -115.091155119889379, 36.005908440909003 ], [ -115.092115324551543, 36.005920070117298 ], [ -115.092311304264527, 36.005922443241467 ], [ -115.095626554617112, 36.005962531884194 ], [ -115.095627691540528, 36.005962545518351 ], [ -115.09647176425969, 36.005972739428607 ], [ -115.09653077591615, 36.005973033829747 ], [ -115.09664877249854, 36.005971112271681 ], [ -115.096766613240661, 36.005965846083548 ], [ -115.096884157214504, 36.005957241003586 ], [ -115.096942773235853, 36.005951690366928 ], [ -115.097059601237618, 36.005938097935605 ], [ -115.097175773920767, 36.005921202116298 ], [ -115.09724003873427, 36.005910341134005 ], [ -115.097348497080048, 36.0058897067834 ], [ -115.097405590378202, 36.005877580962348 ], [ -115.097518953143236, 36.005850910376253 ], [ -115.097575188176094, 36.005836372683127 ], [ -115.097686677749635, 36.005804917380196 ], [ -115.097741898954766, 36.005788008649574 ], [ -115.097837336656667, 36.005756645074683 ], [ -115.097920913516788, 36.005721730027695 ], [ -115.098019037840402, 36.005678395080679 ], [ -115.098131897488003, 36.00562584239119 ], [ -115.098274227781104, 36.005554856040568 ], [ -115.098383849138727, 36.00549831431632 ], [ -115.098472243981348, 36.005445662427348 ], [ -115.098563655151523, 36.005387333551262 ], [ -115.098656460523699, 36.005328099906713 ], [ -115.09879075782132, 36.005234406981721 ], [ -115.098918836016338, 36.005135130381042 ], [ -115.099000592181198, 36.005065978843056 ], [ -115.09907932828348, 36.004994550954059 ], [ -115.099154948396119, 36.004920933760559 ], [ -115.099227359904376, 36.004845217026293 ], [ -115.09932977459296, 36.004727902047414 ], [ -115.100039536023345, 36.003868026462136 ], [ -115.10014375193299, 36.003743424564007 ], [ -115.101620061184079, 36.001978277644071 ], [ -115.101740406425705, 36.001830556284546 ], [ -115.101896795835216, 36.001641101535043 ], [ -115.102031188146711, 36.001484262626512 ], [ -115.10210115402613, 36.001406993936193 ], [ -115.102172770826087, 36.001330730482415 ], [ -115.102246012902128, 36.001255493791021 ], [ -115.102320862357885, 36.001181308122916 ], [ -115.102397293549473, 36.001108195003894 ], [ -115.102475284155389, 36.001036176874514 ], [ -115.102554808521361, 36.000965277063159 ], [ -115.102635846555742, 36.000895516216666 ], [ -115.102718369288326, 36.000826915847561 ], [ -115.102968473224294, 36.000622602702741 ], [ -115.103400489257751, 36.000269682905831 ], [ -115.10459974045672, 35.999289965733645 ], [ -115.104717715672649, 35.999199331774662 ], [ -115.106631568227343, 36.000746138110308 ], [ -115.108011753157925, 36.001860820567039 ], [ -115.108710008515359, 36.002424736160826 ], [ -115.108884389830621, 36.002565566108352 ], [ -115.109042236436977, 36.002701026199105 ], [ -115.109629710325407, 36.003205175620444 ], [ -115.109944526301803, 36.00347533575507 ], [ -115.111203133395634, 36.004559774354739 ], [ -115.114267420004609, 36.007210557321983 ], [ -115.109175779609259, 36.010854343259133 ], [ -115.108690541317557, 36.011202391184852 ], [ -115.105812250291322, 36.013287141814175 ], [ -115.106670182827983, 36.013285262450609 ], [ -115.107570408596118, 36.013279991672356 ], [ -115.108196565663434, 36.01327879008268 ], [ -115.109230167784659, 36.013276800169884 ], [ -115.109833145278571, 36.013275634541678 ], [ -115.110289461189168, 36.013278661124353 ], [ -115.110294028317966, 36.013278691748589 ], [ -115.11042916525048, 36.01327958767444 ], [ -115.110613444610848, 36.0132808086613 ], [ -115.112069141685012, 36.01329044848876 ], [ -115.114295888648456, 36.013305159356761 ], [ -115.114916565419733, 36.013309252368998 ], [ -115.116209389144871, 36.013317767050331 ], [ -115.11643134961021, 36.013319227638725 ], [ -115.116520546916988, 36.013319814447925 ], [ -115.116544057085349, 36.013319969005046 ], [ -115.116546923608396, 36.013319988268634 ], [ -115.116622623619364, 36.01332048643966 ], [ -115.116645833158728, 36.01332063890618 ], [ -115.1166462081151, 36.013320641265878 ], [ -115.116679762216705, 36.013320861901313 ], [ -115.116877298446724, 36.013322160874743 ], [ -115.117587590916827, 36.013325742984279 ], [ -115.118533407612858, 36.013332813048422 ], [ -115.118781649301127, 36.01333466762442 ], [ -115.118762697295352, 36.014198557446917 ], [ -115.118761964641124, 36.014228897394808 ], [ -115.118739734392818, 36.015100063327985 ], [ -115.118720475659956, 36.015999977268272 ], [ -115.118703260086022, 36.016900434362988 ], [ -115.118683526905798, 36.017797638638562 ], [ -115.11866372308765, 36.018698088136873 ], [ -115.118642200786141, 36.019592944491976 ], [ -115.118624373093127, 36.020487124612231 ], [ -115.118604196827775, 36.021377208939413 ], [ -115.118603977655937, 36.021386574549425 ], [ -115.118585574383005, 36.022253499126982 ], [ -115.118585134295941, 36.022271391213849 ], [ -115.118585038095375, 36.022275305248954 ], [ -115.118575850483779, 36.02264840833422 ], [ -115.118563720377878, 36.02314096287374 ], [ -115.118563165524677, 36.023165551277089 ], [ -115.118563078588863, 36.023169398650218 ], [ -115.118552921621557, 36.023619512503558 ], [ -115.115300516643174, 36.023587693197555 ], [ -115.112762527332166, 36.023562800878871 ], [ -115.105615086951758, 36.023506649975133 ], [ -115.100606810564102, 36.023469877451589 ], [ -115.10059173711663, 36.023469795169191 ], [ -115.100591726442843, 36.023470453986384 ], [ -115.100585461869073, 36.023696147403015 ], [ -115.100573188491211, 36.024138683440519 ], [ -115.100572183055718, 36.024174929315706 ], [ -115.100572157364013, 36.024175867479485 ], [ -115.1005721290027, 36.024176879540263 ], [ -115.100547406784841, 36.025068441157053 ], [ -115.100547044213059, 36.025081501528838 ], [ -115.100530150094798, 36.025690714922163 ], [ -115.100521904674778, 36.025988073595755 ], [ -115.100496765550417, 36.026894645520883 ], [ -115.10047162462088, 36.02780121729532 ], [ -115.100417467984073, 36.029286252631728 ], [ -115.100365975556386, 36.030698154096704 ], [ -115.100351565394234, 36.03109325754037 ], [ -115.100339196536552, 36.031432391375709 ], [ -115.100339175191735, 36.031432979846663 ], [ -115.100278348403677, 36.03310071844772 ], [ -115.100241906841887, 36.034099832782552 ], [ -115.100237908721809, 36.034209457660282 ], [ -115.100234362571172, 36.03430666337804 ], [ -115.100205207016444, 36.035105995957679 ], [ -115.100232744412608, 36.038440309324891 ], [ -115.100235297620614, 36.038749388218385 ], [ -115.100250229659522, 36.039903094956919 ], [ -115.100248392737441, 36.040034388736942 ], [ -115.100247868949367, 36.040071833393363 ], [ -115.100250295631326, 36.040328749226589 ], [ -115.100253599459819, 36.040660307034997 ], [ -115.10027658671406, 36.042370794442917 ], [ -115.100276920696885, 36.042392255091954 ], [ -115.100276928553569, 36.042392785995517 ], [ -115.100276915794623, 36.042393603432849 ], [ -115.100277092846028, 36.042437679135141 ], [ -115.100285049007454, 36.044088426143588 ], [ -115.100284942325544, 36.044119896767143 ], [ -115.100283817577548, 36.044451541985858 ], [ -115.100279666679398, 36.045674718574773 ], [ -115.1002783859646, 36.046052246070467 ], [ -115.100278408977118, 36.046323672073072 ], [ -115.100278520030784, 36.047612181565441 ], [ -115.100278530873936, 36.047741636736546 ], [ -115.100278689740676, 36.049601883726403 ], [ -115.100278263013934, 36.049713565973086 ], [ -115.100278315339906, 36.049715357085823 ], [ -115.10027972014035, 36.049797379203589 ], [ -115.10028018686927, 36.049824184224796 ], [ -115.10028463394103, 36.050513792179615 ], [ -115.10028886740325, 36.051081712527036 ], [ -115.100289719375226, 36.051195922660789 ], [ -115.100290125526129, 36.051250459816849 ], [ -115.100298734535926, 36.052338506272363 ], [ -115.10029926954077, 36.05240611291898 ], [ -115.100303657740156, 36.052960698844437 ], [ -115.100304271492192, 36.053296572309208 ], [ -115.100301109003524, 36.053379310551115 ], [ -115.100302622610513, 36.053379368021517 ], [ -115.100470235401829, 36.053377241665423 ], [ -115.100707608417551, 36.053374303419403 ], [ -115.100774156554863, 36.053373479701179 ], [ -115.101022465534726, 36.053370400963615 ], [ -115.10104587926152, 36.053370111157534 ], [ -115.101085709122614, 36.053369618763583 ], [ -115.10127636119644, 36.053367261245313 ], [ -115.101516120702357, 36.053364294937509 ], [ -115.101721289649149, 36.053361756180784 ], [ -115.101755924592368, 36.053361328328315 ], [ -115.101987964973688, 36.053358456265933 ], [ -115.102038301196444, 36.05335783356967 ], [ -115.102204069843438, 36.053355782111801 ], [ -115.10240997140059, 36.053353228891517 ], [ -115.102463284705578, 36.053352568382053 ], [ -115.102539125947786, 36.053351625917131 ], [ -115.102554332075059, 36.053351450729345 ], [ -115.102676272546248, 36.053349942168474 ], [ -115.103104078755933, 36.053344644560624 ], [ -115.103151016075117, 36.053344063669165 ], [ -115.103291917316781, 36.05334351998296 ], [ -115.103422935607057, 36.053342984356412 ], [ -115.103602918554358, 36.053342319072073 ], [ -115.103646357054572, 36.053341785281091 ], [ -115.103960718435474, 36.053337960551396 ], [ -115.104088843761687, 36.053336400464261 ], [ -115.104267110979748, 36.053334227548689 ], [ -115.104597497714693, 36.053330202876026 ], [ -115.104795683682156, 36.053330080742413 ], [ -115.104973315054636, 36.053328061968685 ], [ -115.104992930140909, 36.053327839161661 ], [ -115.105135007709293, 36.053326223639885 ], [ -115.105273704164077, 36.053324646749076 ], [ -115.105405633961581, 36.053323146385154 ], [ -115.105537564865642, 36.053321645880416 ], [ -115.105669493541157, 36.053320146122886 ], [ -115.105801424438567, 36.053318645327685 ], [ -115.105933354222742, 36.053317144382873 ], [ -115.106065284003563, 36.053315643292805 ], [ -115.10619721378103, 36.053314142057516 ], [ -115.106329144665096, 36.053312640681426 ], [ -115.106461074435856, 36.053311139155696 ], [ -115.106560426357504, 36.053310009116558 ], [ -115.106562294519705, 36.053309986799484 ], [ -115.107033312832343, 36.053304630617944 ], [ -115.107049749970543, 36.05330443811696 ], [ -115.107556250162503, 36.053299365885557 ], [ -115.108012538081596, 36.053294795554578 ], [ -115.108798495477188, 36.053286917159191 ], [ -115.109258250960053, 36.053282308035925 ], [ -115.113748748221525, 36.053240967968755 ], [ -115.114920998009595, 36.053229668888569 ], [ -115.115984136645395, 36.05321941139028 ], [ -115.118064998109219, 36.053198294462476 ], [ -115.118071075571507, 36.053198200867392 ], [ -115.118200566199775, 36.053196932930788 ], [ -115.118233061512413, 36.053196614597802 ], [ -115.118278250105405, 36.055174308725377 ], [ -115.118299715090373, 36.056615986442367 ], [ -115.118301613341913, 36.056713355913502 ], [ -115.118302690956639, 36.056768693258221 ], [ -115.118304346139411, 36.056851714746891 ], [ -115.118304342833696, 36.056852843173004 ], [ -115.118306531668495, 36.056934586870774 ], [ -115.118349239375334, 36.058733636147757 ], [ -115.118372196112105, 36.059587194195842 ], [ -115.118372762054179, 36.059607611030721 ], [ -115.118376882642224, 36.059756149148562 ], [ -115.118682010139096, 36.059892692904256 ], [ -115.122051409582724, 36.06138368959833 ], [ -115.122700564332206, 36.061669483896175 ], [ -115.122706887649386, 36.061672267989032 ], [ -115.126587019431469, 36.063380401354976 ], [ -115.126876680606486, 36.063499634134473 ], [ -115.127119311896692, 36.063596708918681 ], [ -115.127319111670005, 36.06367713723369 ], [ -115.12761580944364, 36.063786778924161 ], [ -115.127923284404559, 36.063897835300317 ], [ -115.128204617334404, 36.06399505484351 ], [ -115.128497393930928, 36.064088196345878 ], [ -115.128784461030548, 36.064181315494181 ], [ -115.129109586328696, 36.06427595169707 ], [ -115.129378352277953, 36.064352516982702 ], [ -115.129711977159289, 36.064440316657119 ], [ -115.129978049748516, 36.064507255254981 ], [ -115.130868182550159, 36.064722150253843 ], [ -115.130979266215732, 36.064748667575898 ], [ -115.132191900350932, 36.065040084762245 ], [ -115.13248903014248, 36.065111487934722 ], [ -115.135570474347091, 36.065852412370518 ], [ -115.136641916191053, 36.066107304157917 ], [ -115.141166263239015, 36.067197321197312 ], [ -115.145703468282022, 36.068289489427833 ], [ -115.147119611804527, 36.06863183263647 ], [ -115.147426279673894, 36.068708626032056 ], [ -115.149609153689681, 36.069235515432808 ], [ -115.154159747503272, 36.070326140494139 ], [ -115.154560428096474, 36.070421518862851 ], [ -115.158184581022368, 36.071289653879347 ], [ -115.158549808910621, 36.07128497150665 ], [ -115.15866083476223, 36.071283561193567 ], [ -115.158732966805587, 36.0712826358846 ], [ -115.158956632866449, 36.07127978718048 ], [ -115.159604034685501, 36.071271489579829 ], [ -115.161412041888667, 36.071248389458361 ], [ -115.163467779238346, 36.071222090853936 ], [ -115.163560306920417, 36.071220885236265 ], [ -115.165946334067641, 36.071189371660026 ], [ -115.171696496486106, 36.071113235968006 ], [ -115.17231754127566, 36.071107463315698 ], [ -115.172343523544683, 36.071107163893963 ], [ -115.172369562432365, 36.071106864660578 ], [ -115.172370834788069, 36.071106850093116 ], [ -115.172472343250178, 36.072334896370414 ], [ -115.172597736829843, 36.074756728374219 ], [ -115.172675078179338, 36.078636028165953 ], [ -115.172709889811586, 36.080524840536 ], [ -115.172724663397062, 36.080816093561495 ], [ -115.172741015624695, 36.081621847805259 ], [ -115.172745101330491, 36.081823158806124 ], [ -115.172753133201965, 36.08221888350873 ], [ -115.17275396405509, 36.082259841741561 ], [ -115.172759361962932, 36.082523589842495 ], [ -115.172852844212002, 36.085064999978997 ], [ -115.172885885601687, 36.086146133733195 ], [ -115.172891460508055, 36.087844581518823 ], [ -115.172886945187372, 36.08915895595684 ], [ -115.172846526241059, 36.089765473964455 ], [ -115.172870006390937, 36.091760011324787 ], [ -115.172886719242086, 36.093510025076881 ], [ -115.172886433692753, 36.09359465846633 ], [ -115.172885935749591, 36.09374215897067 ], [ -115.172895785350207, 36.09465563122432 ], [ -115.172919060526183, 36.097341082142506 ], [ -115.172931309365424, 36.098769658496295 ], [ -115.172953045858108, 36.100611718672802 ], [ -115.172948776610909, 36.100854218879498 ], [ -115.173040652996391, 36.100859331863973 ], [ -115.173294513628193, 36.100855977709394 ], [ -115.176032523025185, 36.100816241430017 ], [ -115.177762901711873, 36.100791095092902 ], [ -115.179356727792083, 36.100767910790438 ], [ -115.180008742544473, 36.100758420461545 ], [ -115.180328468357729, 36.100753765966516 ], [ -115.180481356118165, 36.100751538892446 ], [ -115.180852739312556, 36.100746073230184 ], [ -115.180866305000308, 36.100745933098665 ], [ -115.180866306690149, 36.100748651438451 ], [ -115.180866293231674, 36.100944299341535 ], [ -115.180860084968373, 36.103744286269581 ], [ -115.18085986713281, 36.103842335691752 ], [ -115.180856501370229, 36.10472699290942 ], [ -115.180856218043886, 36.104801289135274 ], [ -115.18085590958664, 36.104882473940748 ], [ -115.180853418627578, 36.105536947291753 ], [ -115.180852562216728, 36.105784829966616 ], [ -115.18085162376228, 36.10640273353242 ], [ -115.180849008872286, 36.108124717241935 ], [ -115.180849007411638, 36.108126092625874 ], [ -115.18084717775082, 36.109329664264386 ], [ -115.18084467094296, 36.10974038507635 ], [ -115.180842679900437, 36.110066523008257 ], [ -115.180840290419454, 36.110458143751337 ], [ -115.180836028873131, 36.111156467946344 ], [ -115.180831940778219, 36.111826422335561 ], [ -115.180836234730165, 36.112452988141449 ], [ -115.180832339920102, 36.113554939136705 ], [ -115.180832539884904, 36.1137870630496 ], [ -115.180829145040377, 36.114415765962264 ], [ -115.180829493818095, 36.114460843066801 ], [ -115.180829325347958, 36.114488642270942 ], [ -115.180637725052406, 36.114504156473267 ], [ -115.180459758716779, 36.114518356122126 ], [ -115.180314464631053, 36.114529238595864 ], [ -115.179765941464467, 36.114573123610583 ], [ -115.179303692939897, 36.114617178835644 ], [ -115.177945317983543, 36.114773920824874 ], [ -115.177617428580149, 36.114794788955329 ], [ -115.176882473757942, 36.114801914494954 ], [ -115.176377131930508, 36.114805694445295 ], [ -115.175395945445189, 36.114777192592314 ], [ -115.172847239418743, 36.11471769167818 ], [ -115.172821811880823, 36.114716858330858 ], [ -115.172664666621472, 36.114711255696562 ], [ -115.167889427066925, 36.114581695253342 ], [ -115.167701864887277, 36.114576602595669 ], [ -115.167597851258748, 36.114575184703043 ], [ -115.167499178425984, 36.114572702782453 ], [ -115.165647090304503, 36.114519105234358 ], [ -115.164150399962296, 36.11447972989022 ], [ -115.164010993555806, 36.114481359506158 ], [ -115.16401991815215, 36.11625757072607 ], [ -115.164026348990362, 36.116720713509757 ], [ -115.164033407245967, 36.117223409362779 ], [ -115.164033606182528, 36.117237813757143 ], [ -115.163893488038298, 36.117239095535034 ], [ -115.163898362229276, 36.117505544502237 ], [ -115.163231370280158, 36.117281559969655 ], [ -115.163227890195571, 36.117280900639408 ], [ -115.163168531222908, 36.117269657067681 ], [ -115.163127551153224, 36.117261117803736 ], [ -115.163086759690984, 36.117251998748884 ], [ -115.163046172364432, 36.117242304464213 ], [ -115.163005798056162, 36.117232035882417 ], [ -115.162965652289586, 36.117221198465941 ], [ -115.162925745053286, 36.117209794052648 ], [ -115.162886088557329, 36.117197824488215 ], [ -115.162846696093922, 36.117185297029906 ], [ -115.162807579873103, 36.117172213523439 ], [ -115.162768750989358, 36.117158576711887 ], [ -115.162730219407052, 36.117144392939579 ], [ -115.162692000659035, 36.117129665866564 ], [ -115.162654103608446, 36.117114400030722 ], [ -115.162636579457555, 36.117107028076646 ], [ -115.162616541566436, 36.117098599084258 ], [ -115.162579324497287, 36.117082269371615 ], [ -115.162542463490411, 36.117065414537201 ], [ -115.162505972953355, 36.117048040941036 ], [ -115.162469859527349, 36.117030153113312 ], [ -115.162434137624658, 36.117011756512738 ], [ -115.162398817209336, 36.11699285748378 ], [ -115.162318252172284, 36.116950280991027 ], [ -115.162268805851284, 36.116925454023708 ], [ -115.162218834818233, 36.116901331813061 ], [ -115.162168352368369, 36.116877920714252 ], [ -115.16211737290773, 36.116855227086326 ], [ -115.162066313148287, 36.116833430850761 ], [ -115.162065914160252, 36.116833260003986 ], [ -115.162013990541396, 36.116812024023787 ], [ -115.161961618669011, 36.116791527315264 ], [ -115.161908811847624, 36.116771774431072 ], [ -115.161855588921426, 36.116752772647374 ], [ -115.16180196652725, 36.11673452652856 ], [ -115.161747960171908, 36.116717044240396 ], [ -115.161693585395753, 36.116700327639606 ], [ -115.161638857705569, 36.11668438489194 ], [ -115.161583797079984, 36.116669218771115 ], [ -115.161528419040067, 36.11665483473913 ], [ -115.161524408620394, 36.116653855333944 ], [ -115.161472739106813, 36.116641238257927 ], [ -115.161416777263611, 36.11662843120007 ], [ -115.161360545708632, 36.116616417213265 ], [ -115.161304065507039, 36.116605203581749 ], [ -115.161247352208605, 36.116594790359876 ], [ -115.161190424671361, 36.116585182120275 ], [ -115.161133298435331, 36.116576380719913 ], [ -115.161075991247714, 36.116568390727593 ], [ -115.161018520879665, 36.116561212205617 ], [ -115.160960906198767, 36.116554847924142 ], [ -115.160903162730506, 36.116549302444206 ], [ -115.160845307140079, 36.116544574922976 ], [ -115.160792315261119, 36.116541000157333 ], [ -115.16078736163702, 36.116540666339958 ], [ -115.160729339534811, 36.116537579445797 ], [ -115.16067125859972, 36.116535315204352 ], [ -115.160613139935336, 36.116533873689967 ], [ -115.160554996874367, 36.116533254048228 ], [ -115.160496851616685, 36.116533459061387 ], [ -115.160438718610678, 36.116534486977756 ], [ -115.160380616738195, 36.116536337863984 ], [ -115.160322562664433, 36.116539010877602 ], [ -115.160294145118584, 36.116540724015479 ], [ -115.160264576382161, 36.116542506089267 ], [ -115.160206673455392, 36.116546820850054 ], [ -115.160148871650392, 36.116551956124113 ], [ -115.160091189863692, 36.116557909274441 ], [ -115.160033643664136, 36.116564676750912 ], [ -115.16000780854452, 36.116568090682442 ], [ -115.159976253039787, 36.116572259525633 ], [ -115.159919032458376, 36.116580652242121 ], [ -115.159862003023562, 36.116589854975132 ], [ -115.159805180304431, 36.116599864174759 ], [ -115.15974858098555, 36.116610675393737 ], [ -115.159692221732314, 36.116622287789944 ], [ -115.159636121460721, 36.116634695121462 ], [ -115.159580296836268, 36.116647896546297 ], [ -115.159560241413615, 36.116652948647712 ], [ -115.159524765668991, 36.116661884917313 ], [ -115.159470612543842, 36.116675549160028 ], [ -115.159416188923231, 36.11668848777532 ], [ -115.159409880286304, 36.116636842526951 ], [ -115.159230096124446, 36.116679317664087 ], [ -115.158818652658724, 36.116735322907047 ], [ -115.158692638738202, 36.116749559692053 ], [ -115.158634170065184, 36.116749352562898 ], [ -115.158582778942801, 36.116736890251786 ], [ -115.158520530378567, 36.116707750518415 ], [ -115.158466833142739, 36.116679829877192 ], [ -115.158166644556545, 36.116505163209396 ], [ -115.158586668450226, 36.116130550804606 ], [ -115.158607067808504, 36.116112356404926 ], [ -115.158439537864538, 36.115989819342282 ], [ -115.158238331117872, 36.115842649030263 ], [ -115.158226292882134, 36.115833629378209 ], [ -115.158217756623799, 36.11582695921868 ], [ -115.158208181005747, 36.11581919029129 ], [ -115.158197637425786, 36.115810266067037 ], [ -115.158183971182652, 36.11579807166104 ], [ -115.158175112752673, 36.11578975998713 ], [ -115.158165394400342, 36.115780239321261 ], [ -115.158156979684193, 36.115771629987613 ], [ -115.158147769627817, 36.115761783049351 ], [ -115.158136885240367, 36.115749523696678 ], [ -115.158129232797791, 36.115740456499722 ], [ -115.158118178019464, 36.11572663007891 ], [ -115.158111093709934, 36.115717263861242 ], [ -115.158105615518039, 36.11570977624492 ], [ -115.158100244643975, 36.115702781119637 ], [ -115.158095573412879, 36.115697054804563 ], [ -115.158086724446363, 36.115686991027481 ], [ -115.158081571837627, 36.115681544210283 ], [ -115.158074077308015, 36.115674095406121 ], [ -115.158066267234375, 36.115666866300934 ], [ -115.158055774996271, 36.115657903490231 ], [ -115.15804973475376, 36.115653092545472 ], [ -115.158042293634992, 36.11564748258386 ], [ -115.157837297434256, 36.115497606863826 ], [ -115.157841669124693, 36.115501815235419 ], [ -115.157846471817493, 36.115507464515183 ], [ -115.157849665958793, 36.115512306828442 ], [ -115.157852247890361, 36.115517383109704 ], [ -115.157854192331271, 36.115522643697687 ], [ -115.157855479573755, 36.11552803534569 ], [ -115.157856145823601, 36.115534877687651 ], [ -115.15785555165192, 36.115543096349974 ], [ -115.157853903555377, 36.11554982863062 ], [ -115.157852421578298, 36.115553770170003 ], [ -115.157849158297822, 36.115560101046405 ], [ -115.157845861073767, 36.115564898688369 ], [ -115.157841991133409, 36.115569404078322 ], [ -115.157838734947831, 36.115572565102177 ], [ -115.157816065346481, 36.115592969417136 ], [ -115.157631335255303, 36.115753809659985 ], [ -115.157496996634549, 36.115655548527165 ], [ -115.157325272893829, 36.115810112767214 ], [ -115.157362994002227, 36.115837702256236 ], [ -115.157306320025555, 36.11588871460949 ], [ -115.157268597811893, 36.115861123296291 ], [ -115.157033758078597, 36.116072506135296 ], [ -115.156731314335048, 36.116344721023651 ], [ -115.156769035472891, 36.116372313401406 ], [ -115.156712359627136, 36.116423323657834 ], [ -115.156674637369434, 36.116395732159759 ], [ -115.156431578794155, 36.116614496840668 ], [ -115.156370016164331, 36.116564276996385 ], [ -115.156362237036518, 36.116558321430347 ], [ -115.156353099133966, 36.116552203296365 ], [ -115.156342039574781, 36.116545865609723 ], [ -115.156334824166422, 36.11654227616323 ], [ -115.15632739720148, 36.116538984293456 ], [ -115.156316677646203, 36.116534888450715 ], [ -115.156308817876777, 36.116532340414281 ], [ -115.156297571549601, 36.116529315241927 ], [ -115.156286094009999, 36.116526935477893 ], [ -115.156272761096972, 36.116525019582276 ], [ -115.156266035110278, 36.116524388143574 ], [ -115.156252516274449, 36.116523780272857 ], [ -115.155931178189661, 36.116519807633608 ], [ -115.155415893487529, 36.1165134348999 ], [ -115.155309016672206, 36.116512113280265 ], [ -115.155284852419427, 36.116548016860058 ], [ -115.155215943378082, 36.116602647412712 ], [ -115.155182563802398, 36.11662459385623 ], [ -115.155126398319794, 36.116653186211956 ], [ -115.155065401663308, 36.116674843794122 ], [ -115.154993552629904, 36.116692933973376 ], [ -115.154891482911594, 36.116709064830175 ], [ -115.154725444901302, 36.116715560922394 ], [ -115.154718317002718, 36.116691783444857 ], [ -115.154657593148187, 36.116489210657043 ], [ -115.154158237938276, 36.116489395069692 ], [ -115.154006288500284, 36.116500674239276 ], [ -115.1538562990565, 36.11650389629569 ], [ -115.153347782100496, 36.116495437078861 ], [ -115.153171176459452, 36.116482084313439 ], [ -115.153056546993554, 36.116457997540806 ], [ -115.152990842806844, 36.116435354436675 ], [ -115.152957727139992, 36.116423888167255 ], [ -115.152914185808655, 36.116408858564839 ], [ -115.152821502614174, 36.116363084840813 ], [ -115.15230095132938, 36.116070272396691 ], [ -115.152195632548953, 36.116017111655076 ], [ -115.152037040526963, 36.11595695073337 ], [ -115.151880358895568, 36.115917392113289 ], [ -115.151743040522746, 36.115897053853367 ], [ -115.151592808551015, 36.115889169976555 ], [ -115.150641752573463, 36.115884617895013 ], [ -115.150628656595998, 36.116576444576594 ], [ -115.150628611141016, 36.116578858998309 ], [ -115.150629287273915, 36.116719295873054 ], [ -115.150628034525454, 36.116796824878755 ], [ -115.150315898188012, 36.116794000621162 ], [ -115.150271150064086, 36.116773235228138 ], [ -115.150240125858872, 36.11675801373363 ], [ -115.149811454045789, 36.116362245028412 ], [ -115.149770750054685, 36.116337373324413 ], [ -115.149653980057536, 36.116330083020777 ], [ -115.149541441136165, 36.116322807914457 ], [ -115.149065631924998, 36.116380149225542 ], [ -115.148779953830783, 36.116421101079489 ], [ -115.146981496912062, 36.116678889921367 ], [ -115.146902437015086, 36.116701953017696 ], [ -115.146798724010367, 36.116744157346844 ], [ -115.146707579356331, 36.116809757369687 ], [ -115.146631291025741, 36.116905630263915 ], [ -115.14660795892118, 36.116953620656354 ], [ -115.146590981969069, 36.117038720929813 ], [ -115.146586603476123, 36.11710326336177 ], [ -115.146313430487652, 36.117099520609266 ], [ -115.146328869875092, 36.116571664183077 ], [ -115.146378950386449, 36.114859442161787 ], [ -115.146380705888774, 36.114696279679556 ], [ -115.14638239261383, 36.114543529676354 ], [ -115.14638913894386, 36.114395206376209 ], [ -115.146404719308791, 36.114256531254952 ], [ -115.146444935952275, 36.1141399232501 ], [ -115.14649307243883, 36.114006861089742 ], [ -115.146577498508449, 36.113854700059441 ], [ -115.146662989739141, 36.113739630498472 ], [ -115.146671937794821, 36.113728674425339 ], [ -115.14678731710606, 36.113604098553729 ], [ -115.14693228325747, 36.113486497294602 ], [ -115.147081161400934, 36.113388141163419 ], [ -115.147268733279546, 36.113295419936087 ], [ -115.147421419145374, 36.113235537567434 ], [ -115.149479683732551, 36.11266060303327 ], [ -115.149635154685029, 36.112593859989367 ], [ -115.149807924945435, 36.112498334043138 ], [ -115.149989951330667, 36.11237399604331 ], [ -115.150135022467452, 36.11223578748627 ], [ -115.150248966289155, 36.112101587954115 ], [ -115.15035594795016, 36.111924782060264 ], [ -115.150417082346877, 36.111773908604675 ], [ -115.15046205870982, 36.111598251355545 ], [ -115.150471503155245, 36.111458179879875 ], [ -115.150416742463705, 36.108055606125617 ], [ -115.150417307514374, 36.107952589298655 ], [ -115.149518864394125, 36.107946096867529 ], [ -115.148484421646771, 36.107879974530455 ], [ -115.145523264763412, 36.10784730989316 ], [ -115.141833356069895, 36.107769615800898 ], [ -115.14179638323489, 36.107760025874832 ], [ -115.141781255398428, 36.107753478978793 ], [ -115.141767493913093, 36.107745112877872 ], [ -115.141750386857595, 36.107733593414068 ], [ -115.141735406129811, 36.107720209775607 ], [ -115.141722483685555, 36.107704219940935 ], [ -115.141710696906486, 36.107685556519527 ], [ -115.141699101521922, 36.107420087509844 ], [ -115.141572974367278, 36.104749134883548 ], [ -115.141560889173803, 36.104703303275642 ], [ -115.14153117148534, 36.104657407590167 ], [ -115.141489064366866, 36.10462005114411 ], [ -115.141427615695704, 36.104576046585763 ], [ -115.141351996199276, 36.104537989725465 ], [ -115.141276349034982, 36.104507663188336 ], [ -115.141165391138472, 36.104485791283182 ], [ -115.141015629408599, 36.104466638653697 ], [ -115.139345729083658, 36.10444273465955 ], [ -115.137155242217517, 36.104448879926814 ], [ -115.137171460310938, 36.104672657091328 ], [ -115.137262729763236, 36.105931969289216 ], [ -115.137284209374329, 36.106228335217146 ], [ -115.137395067647361, 36.107757873461814 ], [ -115.137378090042873, 36.107757367768137 ], [ -115.137026917594568, 36.107746898278187 ], [ -115.136050152141777, 36.107721280581458 ], [ -115.135606114167274, 36.107709614987584 ], [ -115.135318796663014, 36.107702066638041 ], [ -115.135318353608781, 36.107702046054968 ], [ -115.135090737074222, 36.107691661234774 ], [ -115.13381926116692, 36.107664859970157 ], [ -115.13323091339295, 36.107650291079182 ], [ -115.132801594033282, 36.107626982270375 ], [ -115.131787044032009, 36.10759851455763 ], [ -115.130517131589443, 36.107560654912909 ], [ -115.128235624700494, 36.107494842315283 ], [ -115.12595048405025, 36.107442872291443 ], [ -115.125270429891671, 36.107427780098739 ], [ -115.123653666047971, 36.107392508360512 ], [ -115.121351529684702, 36.107340463875666 ], [ -115.119072522282792, 36.107287310168722 ], [ -115.117413686804241, 36.107317531327318 ], [ -115.116784955727567, 36.107329443810123 ], [ -115.114497416620722, 36.107366957965226 ], [ -115.114473500118322, 36.107368238011055 ], [ -115.113623673659362, 36.10738276782233 ], [ -115.11275946040827, 36.107397235131273 ], [ -115.112284186061544, 36.107404983624789 ], [ -115.11220182814391, 36.107411984856782 ], [ -115.110872954166538, 36.107429648880782 ], [ -115.110034543932713, 36.10744557180427 ], [ -115.109910750700152, 36.10744783015155 ], [ -115.107695702973302, 36.107489990956729 ], [ -115.106985298762282, 36.107497984005853 ], [ -115.106980791235884, 36.107498034593526 ], [ -115.105925075989319, 36.107514438646021 ], [ -115.105844445575713, 36.10751686467723 ], [ -115.105311624912687, 36.107529878548611 ], [ -115.103612686485164, 36.107558924874006 ], [ -115.102963278420845, 36.107570454934375 ], [ -115.10220929995495, 36.107583069705235 ], [ -115.10194337302471, 36.107587548724609 ], [ -115.100685323843422, 36.107607209254468 ], [ -115.097350787972388, 36.107629706462355 ], [ -115.096490262245638, 36.107635071856365 ], [ -115.093647009138763, 36.107631959681214 ], [ -115.092351027395722, 36.107629982653329 ], [ -115.091861977485337, 36.107633612652364 ], [ -115.091732842808213, 36.107637018228722 ], [ -115.091741684227927, 36.107542277326957 ], [ -115.091779945629241, 36.107174313327356 ], [ -115.091823766314221, 36.106695111926328 ], [ -115.091850743875739, 36.106474074890222 ], [ -115.091844976657327, 36.10627900255804 ], [ -115.091836369396461, 36.105758378643586 ], [ -115.09182864683747, 36.105299569526153 ], [ -115.091824364649369, 36.105035823212745 ], [ -115.09182491394877, 36.104777591929093 ], [ -115.091827266574768, 36.103991910435667 ], [ -115.091825910262614, 36.103903995572018 ], [ -115.091815099816557, 36.103159467486996 ], [ -115.091790919022117, 36.101504196953307 ], [ -115.091775215169008, 36.100311984622003 ], [ -115.091776272565582, 36.100174962266827 ], [ -115.090771126346652, 36.100189181773203 ], [ -115.09060860285409, 36.10019148009291 ], [ -115.089799934919384, 36.100202912539217 ], [ -115.088267787763868, 36.10022455723071 ], [ -115.087761057510249, 36.100231702830833 ], [ -115.087340181618032, 36.100237653087319 ], [ -115.086880686854514, 36.100244136848936 ], [ -115.085750309502146, 36.100260081264715 ], [ -115.085732832705887, 36.100260326884232 ], [ -115.085571933950504, 36.100262595371682 ], [ -115.085212283892758, 36.100267665722946 ], [ -115.084688271853892, 36.100275051887095 ], [ -115.084679526231881, 36.100275175040309 ], [ -115.084667283026207, 36.10027534763676 ], [ -115.084096225153914, 36.100283392647391 ], [ -115.083116738487035, 36.100297185204973 ], [ -115.082680215766601, 36.100303329599697 ], [ -115.08251075008252, 36.100305714123351 ], [ -115.082342880130739, 36.10030060174261 ], [ -115.081916541688884, 36.100293604383353 ], [ -115.081655264136685, 36.1002893278919 ], [ -115.080717639070585, 36.100273947665613 ], [ -115.080173162422767, 36.100265012969793 ], [ -115.080097388167204, 36.100264907619632 ], [ -115.077863287904307, 36.10026178706611 ], [ -115.076977247736991, 36.100263412439993 ], [ -115.076106920523557, 36.100265002206733 ], [ -115.075223582554571, 36.100266609821297 ], [ -115.074340247966447, 36.100268210036205 ], [ -115.073219476170948, 36.100270232118611 ], [ -115.071175555157993, 36.100264740542016 ], [ -115.06694985276512, 36.100253276249411 ], [ -115.066352290329448, 36.100250315916007 ], [ -115.066163004250555, 36.100249377800978 ], [ -115.065479999171586, 36.100244913350863 ], [ -115.063930455183154, 36.100237227275649 ], [ -115.06392889129539, 36.10023725294662 ], [ -115.063928523917994, 36.100237218006768 ], [ -115.063822136016285, 36.1002406848812 ], [ -115.059418974039019, 36.100336724021716 ], [ -115.058555547938184, 36.100355650302646 ], [ -115.054914629203083, 36.100435395514175 ], [ -115.054887670074194, 36.100435631789331 ], [ -115.053557517709336, 36.100447244300575 ], [ -115.052469092033277, 36.100456915913881 ], [ -115.052292242819604, 36.100472073928785 ], [ -115.052126670038405, 36.100492757049324 ], [ -115.051930314310084, 36.100526204698269 ], [ -115.051740318766164, 36.100575332205977 ], [ -115.051569569874957, 36.100630040014821 ], [ -115.051389367984029, 36.100705584248772 ], [ -115.051243882657758, 36.100775604116883 ], [ -115.050981886971414, 36.100891748742477 ], [ -115.054020164263264, 36.103589782061313 ], [ -115.055489631263413, 36.104894595450595 ], [ -115.057082174905432, 36.106308625990444 ], [ -115.058583104985772, 36.107641089330841 ], [ -115.059092017663673, 36.108093475412559 ], [ -115.058893193124348, 36.108242326834485 ], [ -115.058674579301311, 36.10840757336463 ], [ -115.056614033198485, 36.109941069532361 ], [ -115.056375303287624, 36.110038114942824 ], [ -115.056200209484189, 36.110100658615991 ], [ -115.056051306035215, 36.110146982102329 ], [ -115.055883967788816, 36.11019227071202 ], [ -115.055686226617127, 36.110230032807117 ], [ -115.055502666633998, 36.11025640962594 ], [ -115.055304601518898, 36.110276794425246 ], [ -115.055122258658315, 36.110288732708966 ], [ -115.054063983810579, 36.110365841254456 ], [ -115.053683541985862, 36.110379375648911 ], [ -115.051176541310014, 36.11036355991034 ], [ -115.051231739200063, 36.11148877602502 ], [ -115.05134052689759, 36.112943502860865 ], [ -115.051410138071915, 36.114537034660572 ], [ -115.051423877646201, 36.114851966781721 ], [ -115.053307713155647, 36.114862750754504 ], [ -115.053953821368509, 36.114871065240244 ], [ -115.054683474020493, 36.114886703663977 ], [ -115.054870742156723, 36.114904232315553 ], [ -115.054964276351427, 36.114915973078901 ], [ -115.055072510482148, 36.114930767260645 ], [ -115.0554401032973, 36.114995263120662 ], [ -115.055892421850459, 36.115083573473783 ], [ -115.056007408499099, 36.115102926449531 ], [ -115.056070759996615, 36.115113219466664 ], [ -115.056135950354246, 36.115121614292882 ], [ -115.056185295503099, 36.115126123302105 ], [ -115.0562528019327, 36.115130024464179 ], [ -115.056300402207896, 36.115130180595045 ], [ -115.056525956535253, 36.115129536287036 ], [ -115.057981031011252, 36.115076623550344 ], [ -115.058516065943309, 36.11505716318635 ], [ -115.058863053903863, 36.115044371155157 ], [ -115.060033499643353, 36.11500121330014 ], [ -115.060690485878837, 36.114977980890046 ], [ -115.061404834578596, 36.114952248410745 ], [ -115.062779067006488, 36.114912896352614 ], [ -115.064186970589674, 36.114869553627678 ], [ -115.064683342727321, 36.114850384948568 ], [ -115.06485709975631, 36.114847690104206 ], [ -115.06542171869124, 36.114870579721696 ], [ -115.06576690474472, 36.114892937580386 ], [ -115.066189297093587, 36.114906683986234 ], [ -115.066766931268447, 36.114911549679178 ], [ -115.067223068621544, 36.115314477958265 ], [ -115.07420650182199, 36.121512589486983 ], [ -115.074304558360453, 36.121599541374763 ], [ -115.074551389736541, 36.121817615604826 ], [ -115.07498942737999, 36.12221643821858 ], [ -115.076046804998569, 36.123157700875026 ], [ -115.082584630779081, 36.128970712081241 ], [ -115.081973247869641, 36.129426931554164 ], [ -115.08151530910051, 36.129749179946458 ], [ -115.08144077236085, 36.129688430469407 ], [ -115.081383313636323, 36.129651334905297 ], [ -115.081307099535607, 36.129617629843743 ], [ -115.08122183481035, 36.129608247067836 ], [ -115.081116015706471, 36.129608399445637 ], [ -115.077450412017484, 36.129613644273633 ], [ -115.077295486229261, 36.129613978950879 ], [ -115.077132145408243, 36.129614351791986 ], [ -115.074182703185514, 36.129620447225051 ], [ -115.070332321548335, 36.129622195181085 ], [ -115.069760830049646, 36.129622435242815 ], [ -115.067548773336412, 36.129623338426107 ], [ -115.067545543581687, 36.129623346157302 ], [ -115.067502194036422, 36.129623374093825 ], [ -115.06550898580376, 36.129624189018436 ], [ -115.065475123266197, 36.129624202232534 ], [ -115.065340056410207, 36.12962425574856 ], [ -115.065339670889117, 36.129624255884885 ], [ -115.065391175905319, 36.131461328119762 ], [ -115.065442565781524, 36.13329422267838 ], [ -115.065491170744977, 36.13512494242373 ], [ -115.065539566202787, 36.136947727495176 ], [ -115.065539538078511, 36.136950826026485 ], [ -115.065382712365249, 36.136957757951542 ], [ -115.060972786574879, 36.13702916442535 ], [ -115.060895098246434, 36.133740720471344 ] ] ] } }
]
}
